2026-10-05 10:19:42 | INFO     | __main__:main:254 - Quantizing model: Qwen/Qwen3.8-27B
2026-10-05 10:19:42 | INFO     | nanoquant.modules.hub:from_pretrained_quantize:446 - Quantizing model: Qwen/Qwen3.8-27B
Loading model 'Qwen/Qwen3.8-27B'...
Warning: You are sending unauthenticated requests to the HF Hub. Please set a HF_TOKEN to enable higher rate limits and faster downloads.
Qwen linear attention: FLA and causal-conv1d training kernels are importable.
Qwen linear attention: FlashQLA forward/backward API and FLA dispatcher are importable. FLA verifies each call and retains Triton for unsupported training shapes/devices.
Full attention: SDPA; PyTorch selects its available attention kernel. FA4 requires explicit selection.

Downloading bytes:                                                                                                      |  0.00B

Reconstructing (incomplete total...): |                                                                        |  0.00B /  0.00B


Fetching 18 files:   0%|                                                                                             | 0/18 [00:00<?, ?it/s]
Fetching 18 files: 100%|██████████████████████████████████████████████████████████████████████████████████| 18/18 [00:00<00:00, 3448.48it/s]

Download complete: :                                                                                                    |  0.00B

Reconstruction complete: |                                                                                     |  0.00B /  0.00B
Download complete: :                                                                                                    |  0.00B

Reconstruction complete: |                                                                                     |  0.00B /  0.00B

Loading weights:   0%|                                                                                              | 0/851 [00:00<?, ?it/s]
Loading weights: 100%|█████████████████████████████████████████████████████████████████████████████████| 851/851 [00:00<00:00, 15243.48it/s]
Qwen3_5ForCausalLM(
  (model): Qwen3_5TextModel(
    (embed_tokens): Embedding(248320, 5120)
    (layers): ModuleList(
      (0-2): 3 x Qwen3_5DecoderLayer(
        (linear_attn): Qwen3_5GatedDeltaNet(
          (conv1d): Conv1d(10240, 10240, kernel_size=(4,), stride=(1,), padding=(3,), groups=10240, bias=False)
          (norm): Qwen3_5RMSNormGated()
          (out_proj): Linear(in_features=6144, out_features=5120, bias=False)
          (in_proj_qkv): Linear(in_features=5120, out_features=10240, bias=False)
          (in_proj_z): Linear(in_features=5120, out_features=6144, bias=False)
          (in_proj_b): Linear(in_features=5120, out_features=48, bias=False)
          (in_proj_a): Linear(in_features=5120, out_features=48, bias=False)
        )
        (mlp): Qwen3_5MLP(
          (gate_proj): Linear(in_features=5120, out_features=17408, bias=False)
          (up_proj): Linear(in_features=5120, out_features=17408, bias=False)
          (down_proj): Linear(in_features=17408, out_features=5120, bias=False)
          (act_fn): SiLUActivation()
        )
        (input_layernorm): Qwen3_5RMSNorm((5120,), eps=1e-06)
        (post_attention_layernorm): Qwen3_5RMSNorm((5120,), eps=1e-06)
      )
      (3): Qwen3_5DecoderLayer(
        (self_attn): Qwen3_5Attention(
          (q_proj): Linear(in_features=5120, out_features=12288, bias=False)
          (k_proj): Linear(in_features=5120, out_features=1024, bias=False)
          (v_proj): Linear(in_features=5120, out_features=1024, bias=False)
          (o_proj): Linear(in_features=6144, out_features=5120, bias=False)
          (q_norm): Qwen3_5RMSNorm((256,), eps=1e-06)
          (k_norm): Qwen3_5RMSNorm((256,), eps=1e-06)
        )
        (mlp): Qwen3_5MLP(
          (gate_proj): Linear(in_features=5120, out_features=17408, bias=False)
          (up_proj): Linear(in_features=5120, out_features=17408, bias=False)
          (down_proj): Linear(in_features=17408, out_features=5120, bias=False)
          (act_fn): SiLUActivation()
        )
        (input_layernorm): Qwen3_5RMSNorm((5120,), eps=1e-06)
        (post_attention_layernorm): Qwen3_5RMSNorm((5120,), eps=1e-06)
      )
      (4-6): 3 x Qwen3_5DecoderLayer(
        (linear_attn): Qwen3_5GatedDeltaNet(
          (conv1d): Conv1d(10240, 10240, kernel_size=(4,), stride=(1,), padding=(3,), groups=10240, bias=False)
          (norm): Qwen3_5RMSNormGated()
          (out_proj): Linear(in_features=6144, out_features=5120, bias=False)
          (in_proj_qkv): Linear(in_features=5120, out_features=10240, bias=False)
          (in_proj_z): Linear(in_features=5120, out_features=6144, bias=False)
          (in_proj_b): Linear(in_features=5120, out_features=48, bias=False)
          (in_proj_a): Linear(in_features=5120, out_features=48, bias=False)
        )
        (mlp): Qwen3_5MLP(
          (gate_proj): Linear(in_features=5120, out_features=17408, bias=False)
          (up_proj): Linear(in_features=5120, out_features=17408, bias=False)
          (down_proj): Linear(in_features=17408, out_features=5120, bias=False)
          (act_fn): SiLUActivation()
        )
        (input_layernorm): Qwen3_5RMSNorm((5120,), eps=1e-06)
        (post_attention_layernorm): Qwen3_5RMSNorm((5120,), eps=1e-06)
      )
      (7): Qwen3_5DecoderLayer(
        (self_attn): Qwen3_5Attention(
          (q_proj): Linear(in_features=5120, out_features=12288, bias=False)
          (k_proj): Linear(in_features=5120, out_features=1024, bias=False)
          (v_proj): Linear(in_features=5120, out_features=1024, bias=False)
          (o_proj): Linear(in_features=6144, out_features=5120, bias=False)
          (q_norm): Qwen3_5RMSNorm((256,), eps=1e-06)
          (k_norm): Qwen3_5RMSNorm((256,), eps=1e-06)
        )
        (mlp): Qwen3_5MLP(
          (gate_proj): Linear(in_features=5120, out_features=17408, bias=False)
          (up_proj): Linear(in_features=5120, out_features=17408, bias=False)
          (down_proj): Linear(in_features=17408, out_features=5120, bias=False)
          (act_fn): SiLUActivation()
        )
        (input_layernorm): Qwen3_5RMSNorm((5120,), eps=1e-06)
        (post_attention_layernorm): Qwen3_5RMSNorm((5120,), eps=1e-06)
      )
      (8-10): 3 x Qwen3_5DecoderLayer(
        (linear_attn): Qwen3_5GatedDeltaNet(
          (conv1d): Conv1d(10240, 10240, kernel_size=(4,), stride=(1,), padding=(3,), groups=10240, bias=False)
          (norm): Qwen3_5RMSNormGated()
          (out_proj): Linear(in_features=6144, out_features=5120, bias=False)
          (in_proj_qkv): Linear(in_features=5120, out_features=10240, bias=False)
          (in_proj_z): Linear(in_features=5120, out_features=6144, bias=False)
          (in_proj_b): Linear(in_features=5120, out_features=48, bias=False)
          (in_proj_a): Linear(in_features=5120, out_features=48, bias=False)
        )
        (mlp): Qwen3_5MLP(
          (gate_proj): Linear(in_features=5120, out_features=17408, bias=False)
          (up_proj): Linear(in_features=5120, out_features=17408, bias=False)
          (down_proj): Linear(in_features=17408, out_features=5120, bias=False)
          (act_fn): SiLUActivation()
        )
        (input_layernorm): Qwen3_5RMSNorm((5120,), eps=1e-06)
        (post_attention_layernorm): Qwen3_5RMSNorm((5120,), eps=1e-06)
      )
      (11): Qwen3_5DecoderLayer(
        (self_attn): Qwen3_5Attention(
          (q_proj): Linear(in_features=5120, out_features=12288, bias=False)
          (k_proj): Linear(in_features=5120, out_features=1024, bias=False)
          (v_proj): Linear(in_features=5120, out_features=1024, bias=False)
          (o_proj): Linear(in_features=6144, out_features=5120, bias=False)
          (q_norm): Qwen3_5RMSNorm((256,), eps=1e-06)
          (k_norm): Qwen3_5RMSNorm((256,), eps=1e-06)
        )
        (mlp): Qwen3_5MLP(
          (gate_proj): Linear(in_features=5120, out_features=17408, bias=False)
          (up_proj): Linear(in_features=5120, out_features=17408, bias=False)
          (down_proj): Linear(in_features=17408, out_features=5120, bias=False)
          (act_fn): SiLUActivation()
        )
        (input_layernorm): Qwen3_5RMSNorm((5120,), eps=1e-06)
        (post_attention_layernorm): Qwen3_5RMSNorm((5120,), eps=1e-06)
      )
      (12-14): 3 x Qwen3_5DecoderLayer(
        (linear_attn): Qwen3_5GatedDeltaNet(
          (conv1d): Conv1d(10240, 10240, kernel_size=(4,), stride=(1,), padding=(3,), groups=10240, bias=False)
          (norm): Qwen3_5RMSNormGated()
          (out_proj): Linear(in_features=6144, out_features=5120, bias=False)
          (in_proj_qkv): Linear(in_features=5120, out_features=10240, bias=False)
          (in_proj_z): Linear(in_features=5120, out_features=6144, bias=False)
          (in_proj_b): Linear(in_features=5120, out_features=48, bias=False)
          (in_proj_a): Linear(in_features=5120, out_features=48, bias=False)
        )
        (mlp): Qwen3_5MLP(
          (gate_proj): Linear(in_features=5120, out_features=17408, bias=False)
          (up_proj): Linear(in_features=5120, out_features=17408, bias=False)
          (down_proj): Linear(in_features=17408, out_features=5120, bias=False)
          (act_fn): SiLUActivation()
        )
        (input_layernorm): Qwen3_5RMSNorm((5120,), eps=1e-06)
        (post_attention_layernorm): Qwen3_5RMSNorm((5120,), eps=1e-06)
      )
      (15): Qwen3_5DecoderLayer(
        (self_attn): Qwen3_5Attention(
          (q_proj): Linear(in_features=5120, out_features=12288, bias=False)
          (k_proj): Linear(in_features=5120, out_features=1024, bias=False)
          (v_proj): Linear(in_features=5120, out_features=1024, bias=False)
          (o_proj): Linear(in_features=6144, out_features=5120, bias=False)
          (q_norm): Qwen3_5RMSNorm((256,), eps=1e-06)
          (k_norm): Qwen3_5RMSNorm((256,), eps=1e-06)
        )
        (mlp): Qwen3_5MLP(
          (gate_proj): Linear(in_features=5120, out_features=17408, bias=False)
          (up_proj): Linear(in_features=5120, out_features=17408, bias=False)
          (down_proj): Linear(in_features=17408, out_features=5120, bias=False)
          (act_fn): SiLUActivation()
        )
        (input_layernorm): Qwen3_5RMSNorm((5120,), eps=1e-06)
        (post_attention_layernorm): Qwen3_5RMSNorm((5120,), eps=1e-06)
      )
      (16-18): 3 x Qwen3_5DecoderLayer(
        (linear_attn): Qwen3_5GatedDeltaNet(
          (conv1d): Conv1d(10240, 10240, kernel_size=(4,), stride=(1,), padding=(3,), groups=10240, bias=False)
          (norm): Qwen3_5RMSNormGated()
          (out_proj): Linear(in_features=6144, out_features=5120, bias=False)
          (in_proj_qkv): Linear(in_features=5120, out_features=10240, bias=False)
          (in_proj_z): Linear(in_features=5120, out_features=6144, bias=False)
          (in_proj_b): Linear(in_features=5120, out_features=48, bias=False)
          (in_proj_a): Linear(in_features=5120, out_features=48, bias=False)
        )
        (mlp): Qwen3_5MLP(
          (gate_proj): Linear(in_features=5120, out_features=17408, bias=False)
          (up_proj): Linear(in_features=5120, out_features=17408, bias=False)
          (down_proj): Linear(in_features=17408, out_features=5120, bias=False)
          (act_fn): SiLUActivation()
        )
        (input_layernorm): Qwen3_5RMSNorm((5120,), eps=1e-06)
        (post_attention_layernorm): Qwen3_5RMSNorm((5120,), eps=1e-06)
      )
      (19): Qwen3_5DecoderLayer(
        (self_attn): Qwen3_5Attention(
          (q_proj): Linear(in_features=5120, out_features=12288, bias=False)
          (k_proj): Linear(in_features=5120, out_features=1024, bias=False)
          (v_proj): Linear(in_features=5120, out_features=1024, bias=False)
          (o_proj): Linear(in_features=6144, out_features=5120, bias=False)
          (q_norm): Qwen3_5RMSNorm((256,), eps=1e-06)
          (k_norm): Qwen3_5RMSNorm((256,), eps=1e-06)
        )
        (mlp): Qwen3_5MLP(
          (gate_proj): Linear(in_features=5120, out_features=17408, bias=False)
          (up_proj): Linear(in_features=5120, out_features=17408, bias=False)
          (down_proj): Linear(in_features=17408, out_features=5120, bias=False)
          (act_fn): SiLUActivation()
        )
        (input_layernorm): Qwen3_5RMSNorm((5120,), eps=1e-06)
        (post_attention_layernorm): Qwen3_5RMSNorm((5120,), eps=1e-06)
      )
      (20-22): 3 x Qwen3_5DecoderLayer(
        (linear_attn): Qwen3_5GatedDeltaNet(
          (conv1d): Conv1d(10240, 10240, kernel_size=(4,), stride=(1,), padding=(3,), groups=10240, bias=False)
          (norm): Qwen3_5RMSNormGated()
          (out_proj): Linear(in_features=6144, out_features=5120, bias=False)
          (in_proj_qkv): Linear(in_features=5120, out_features=10240, bias=False)
          (in_proj_z): Linear(in_features=5120, out_features=6144, bias=False)
          (in_proj_b): Linear(in_features=5120, out_features=48, bias=False)
          (in_proj_a): Linear(in_features=5120, out_features=48, bias=False)
        )
        (mlp): Qwen3_5MLP(
          (gate_proj): Linear(in_features=5120, out_features=17408, bias=False)
          (up_proj): Linear(in_features=5120, out_features=17408, bias=False)
          (down_proj): Linear(in_features=17408, out_features=5120, bias=False)
          (act_fn): SiLUActivation()
        )
        (input_layernorm): Qwen3_5RMSNorm((5120,), eps=1e-06)
        (post_attention_layernorm): Qwen3_5RMSNorm((5120,), eps=1e-06)
      )
      (23): Qwen3_5DecoderLayer(
        (self_attn): Qwen3_5Attention(
          (q_proj): Linear(in_features=5120, out_features=12288, bias=False)
          (k_proj): Linear(in_features=5120, out_features=1024, bias=False)
          (v_proj): Linear(in_features=5120, out_features=1024, bias=False)
          (o_proj): Linear(in_features=6144, out_features=5120, bias=False)
          (q_norm): Qwen3_5RMSNorm((256,), eps=1e-06)
          (k_norm): Qwen3_5RMSNorm((256,), eps=1e-06)
        )
        (mlp): Qwen3_5MLP(
          (gate_proj): Linear(in_features=5120, out_features=17408, bias=False)
          (up_proj): Linear(in_features=5120, out_features=17408, bias=False)
          (down_proj): Linear(in_features=17408, out_features=5120, bias=False)
          (act_fn): SiLUActivation()
        )
        (input_layernorm): Qwen3_5RMSNorm((5120,), eps=1e-06)
        (post_attention_layernorm): Qwen3_5RMSNorm((5120,), eps=1e-06)
      )
      (24-26): 3 x Qwen3_5DecoderLayer(
        (linear_attn): Qwen3_5GatedDeltaNet(
          (conv1d): Conv1d(10240, 10240, kernel_size=(4,), stride=(1,), padding=(3,), groups=10240, bias=False)
          (norm): Qwen3_5RMSNormGated()
          (out_proj): Linear(in_features=6144, out_features=5120, bias=False)
          (in_proj_qkv): Linear(in_features=5120, out_features=10240, bias=False)
          (in_proj_z): Linear(in_features=5120, out_features=6144, bias=False)
          (in_proj_b): Linear(in_features=5120, out_features=48, bias=False)
          (in_proj_a): Linear(in_features=5120, out_features=48, bias=False)
        )
        (mlp): Qwen3_5MLP(
          (gate_proj): Linear(in_features=5120, out_features=17408, bias=False)
          (up_proj): Linear(in_features=5120, out_features=17408, bias=False)
          (down_proj): Linear(in_features=17408, out_features=5120, bias=False)
          (act_fn): SiLUActivation()
        )
        (input_layernorm): Qwen3_5RMSNorm((5120,), eps=1e-06)
        (post_attention_layernorm): Qwen3_5RMSNorm((5120,), eps=1e-06)
      )
      (27): Qwen3_5DecoderLayer(
        (self_attn): Qwen3_5Attention(
          (q_proj): Linear(in_features=5120, out_features=12288, bias=False)
          (k_proj): Linear(in_features=5120, out_features=1024, bias=False)
          (v_proj): Linear(in_features=5120, out_features=1024, bias=False)
          (o_proj): Linear(in_features=6144, out_features=5120, bias=False)
          (q_norm): Qwen3_5RMSNorm((256,), eps=1e-06)
          (k_norm): Qwen3_5RMSNorm((256,), eps=1e-06)
        )
        (mlp): Qwen3_5MLP(
          (gate_proj): Linear(in_features=5120, out_features=17408, bias=False)
          (up_proj): Linear(in_features=5120, out_features=17408, bias=False)
          (down_proj): Linear(in_features=17408, out_features=5120, bias=False)
          (act_fn): SiLUActivation()
        )
        (input_layernorm): Qwen3_5RMSNorm((5120,), eps=1e-06)
        (post_attention_layernorm): Qwen3_5RMSNorm((5120,), eps=1e-06)
      )
      (28-30): 3 x Qwen3_5DecoderLayer(
        (linear_attn): Qwen3_5GatedDeltaNet(
          (conv1d): Conv1d(10240, 10240, kernel_size=(4,), stride=(1,), padding=(3,), groups=10240, bias=False)
          (norm): Qwen3_5RMSNormGated()
          (out_proj): Linear(in_features=6144, out_features=5120, bias=False)
          (in_proj_qkv): Linear(in_features=5120, out_features=10240, bias=False)
          (in_proj_z): Linear(in_features=5120, out_features=6144, bias=False)
          (in_proj_b): Linear(in_features=5120, out_features=48, bias=False)
          (in_proj_a): Linear(in_features=5120, out_features=48, bias=False)
        )
        (mlp): Qwen3_5MLP(
          (gate_proj): Linear(in_features=5120, out_features=17408, bias=False)
          (up_proj): Linear(in_features=5120, out_features=17408, bias=False)
          (down_proj): Linear(in_features=17408, out_features=5120, bias=False)
          (act_fn): SiLUActivation()
        )
        (input_layernorm): Qwen3_5RMSNorm((5120,), eps=1e-06)
        (post_attention_layernorm): Qwen3_5RMSNorm((5120,), eps=1e-06)
      )
      (31): Qwen3_5DecoderLayer(
        (self_attn): Qwen3_5Attention(
          (q_proj): Linear(in_features=5120, out_features=12288, bias=False)
          (k_proj): Linear(in_features=5120, out_features=1024, bias=False)
          (v_proj): Linear(in_features=5120, out_features=1024, bias=False)
          (o_proj): Linear(in_features=6144, out_features=5120, bias=False)
          (q_norm): Qwen3_5RMSNorm((256,), eps=1e-06)
          (k_norm): Qwen3_5RMSNorm((256,), eps=1e-06)
        )
        (mlp): Qwen3_5MLP(
          (gate_proj): Linear(in_features=5120, out_features=17408, bias=False)
          (up_proj): Linear(in_features=5120, out_features=17408, bias=False)
          (down_proj): Linear(in_features=17408, out_features=5120, bias=False)
          (act_fn): SiLUActivation()
        )
        (input_layernorm): Qwen3_5RMSNorm((5120,), eps=1e-06)
        (post_attention_layernorm): Qwen3_5RMSNorm((5120,), eps=1e-06)
      )
      (32-34): 3 x Qwen3_5DecoderLayer(
        (linear_attn): Qwen3_5GatedDeltaNet(
          (conv1d): Conv1d(10240, 10240, kernel_size=(4,), stride=(1,), padding=(3,), groups=10240, bias=False)
          (norm): Qwen3_5RMSNormGated()
          (out_proj): Linear(in_features=6144, out_features=5120, bias=False)
          (in_proj_qkv): Linear(in_features=5120, out_features=10240, bias=False)
          (in_proj_z): Linear(in_features=5120, out_features=6144, bias=False)
          (in_proj_b): Linear(in_features=5120, out_features=48, bias=False)
          (in_proj_a): Linear(in_features=5120, out_features=48, bias=False)
        )
        (mlp): Qwen3_5MLP(
          (gate_proj): Linear(in_features=5120, out_features=17408, bias=False)
          (up_proj): Linear(in_features=5120, out_features=17408, bias=False)
          (down_proj): Linear(in_features=17408, out_features=5120, bias=False)
          (act_fn): SiLUActivation()
        )
        (input_layernorm): Qwen3_5RMSNorm((5120,), eps=1e-06)
        (post_attention_layernorm): Qwen3_5RMSNorm((5120,), eps=1e-06)
      )
      (35): Qwen3_5DecoderLayer(
        (self_attn): Qwen3_5Attention(
          (q_proj): Linear(in_features=5120, out_features=12288, bias=False)
          (k_proj): Linear(in_features=5120, out_features=1024, bias=False)
          (v_proj): Linear(in_features=5120, out_features=1024, bias=False)
          (o_proj): Linear(in_features=6144, out_features=5120, bias=False)
          (q_norm): Qwen3_5RMSNorm((256,), eps=1e-06)
          (k_norm): Qwen3_5RMSNorm((256,), eps=1e-06)
        )
        (mlp): Qwen3_5MLP(
          (gate_proj): Linear(in_features=5120, out_features=17408, bias=False)
          (up_proj): Linear(in_features=5120, out_features=17408, bias=False)
          (down_proj): Linear(in_features=17408, out_features=5120, bias=False)
          (act_fn): SiLUActivation()
        )
        (input_layernorm): Qwen3_5RMSNorm((5120,), eps=1e-06)
        (post_attention_layernorm): Qwen3_5RMSNorm((5120,), eps=1e-06)
      )
      (36-38): 3 x Qwen3_5DecoderLayer(
        (linear_attn): Qwen3_5GatedDeltaNet(
          (conv1d): Conv1d(10240, 10240, kernel_size=(4,), stride=(1,), padding=(3,), groups=10240, bias=False)
          (norm): Qwen3_5RMSNormGated()
          (out_proj): Linear(in_features=6144, out_features=5120, bias=False)
          (in_proj_qkv): Linear(in_features=5120, out_features=10240, bias=False)
          (in_proj_z): Linear(in_features=5120, out_features=6144, bias=False)
          (in_proj_b): Linear(in_features=5120, out_features=48, bias=False)
          (in_proj_a): Linear(in_features=5120, out_features=48, bias=False)
        )
        (mlp): Qwen3_5MLP(
          (gate_proj): Linear(in_features=5120, out_features=17408, bias=False)
          (up_proj): Linear(in_features=5120, out_features=17408, bias=False)
          (down_proj): Linear(in_features=17408, out_features=5120, bias=False)
          (act_fn): SiLUActivation()
        )
        (input_layernorm): Qwen3_5RMSNorm((5120,), eps=1e-06)
        (post_attention_layernorm): Qwen3_5RMSNorm((5120,), eps=1e-06)
      )
      (39): Qwen3_5DecoderLayer(
        (self_attn): Qwen3_5Attention(
          (q_proj): Linear(in_features=5120, out_features=12288, bias=False)
          (k_proj): Linear(in_features=5120, out_features=1024, bias=False)
          (v_proj): Linear(in_features=5120, out_features=1024, bias=False)
          (o_proj): Linear(in_features=6144, out_features=5120, bias=False)
          (q_norm): Qwen3_5RMSNorm((256,), eps=1e-06)
          (k_norm): Qwen3_5RMSNorm((256,), eps=1e-06)
        )
        (mlp): Qwen3_5MLP(
          (gate_proj): Linear(in_features=5120, out_features=17408, bias=False)
          (up_proj): Linear(in_features=5120, out_features=17408, bias=False)
          (down_proj): Linear(in_features=17408, out_features=5120, bias=False)
          (act_fn): SiLUActivation()
        )
        (input_layernorm): Qwen3_5RMSNorm((5120,), eps=1e-06)
        (post_attention_layernorm): Qwen3_5RMSNorm((5120,), eps=1e-06)
      )
      (40-42): 3 x Qwen3_5DecoderLayer(
        (linear_attn): Qwen3_5GatedDeltaNet(
          (conv1d): Conv1d(10240, 10240, kernel_size=(4,), stride=(1,), padding=(3,), groups=10240, bias=False)
          (norm): Qwen3_5RMSNormGated()
          (out_proj): Linear(in_features=6144, out_features=5120, bias=False)
          (in_proj_qkv): Linear(in_features=5120, out_features=10240, bias=False)
          (in_proj_z): Linear(in_features=5120, out_features=6144, bias=False)
          (in_proj_b): Linear(in_features=5120, out_features=48, bias=False)
          (in_proj_a): Linear(in_features=5120, out_features=48, bias=False)
        )
        (mlp): Qwen3_5MLP(
          (gate_proj): Linear(in_features=5120, out_features=17408, bias=False)
          (up_proj): Linear(in_features=5120, out_features=17408, bias=False)
          (down_proj): Linear(in_features=17408, out_features=5120, bias=False)
          (act_fn): SiLUActivation()
        )
        (input_layernorm): Qwen3_5RMSNorm((5120,), eps=1e-06)
        (post_attention_layernorm): Qwen3_5RMSNorm((5120,), eps=1e-06)
      )
      (43): Qwen3_5DecoderLayer(
        (self_attn): Qwen3_5Attention(
          (q_proj): Linear(in_features=5120, out_features=12288, bias=False)
          (k_proj): Linear(in_features=5120, out_features=1024, bias=False)
          (v_proj): Linear(in_features=5120, out_features=1024, bias=False)
          (o_proj): Linear(in_features=6144, out_features=5120, bias=False)
          (q_norm): Qwen3_5RMSNorm((256,), eps=1e-06)
          (k_norm): Qwen3_5RMSNorm((256,), eps=1e-06)
        )
        (mlp): Qwen3_5MLP(
          (gate_proj): Linear(in_features=5120, out_features=17408, bias=False)
          (up_proj): Linear(in_features=5120, out_features=17408, bias=False)
          (down_proj): Linear(in_features=17408, out_features=5120, bias=False)
          (act_fn): SiLUActivation()
        )
        (input_layernorm): Qwen3_5RMSNorm((5120,), eps=1e-06)
        (post_attention_layernorm): Qwen3_5RMSNorm((5120,), eps=1e-06)
      )
      (44-46): 3 x Qwen3_5DecoderLayer(
        (linear_attn): Qwen3_5GatedDeltaNet(
          (conv1d): Conv1d(10240, 10240, kernel_size=(4,), stride=(1,), padding=(3,), groups=10240, bias=False)
          (norm): Qwen3_5RMSNormGated()
          (out_proj): Linear(in_features=6144, out_features=5120, bias=False)
          (in_proj_qkv): Linear(in_features=5120, out_features=10240, bias=False)
          (in_proj_z): Linear(in_features=5120, out_features=6144, bias=False)
          (in_proj_b): Linear(in_features=5120, out_features=48, bias=False)
          (in_proj_a): Linear(in_features=5120, out_features=48, bias=False)
        )
        (mlp): Qwen3_5MLP(
          (gate_proj): Linear(in_features=5120, out_features=17408, bias=False)
          (up_proj): Linear(in_features=5120, out_features=17408, bias=False)
          (down_proj): Linear(in_features=17408, out_features=5120, bias=False)
          (act_fn): SiLUActivation()
        )
        (input_layernorm): Qwen3_5RMSNorm((5120,), eps=1e-06)
        (post_attention_layernorm): Qwen3_5RMSNorm((5120,), eps=1e-06)
      )
      (47): Qwen3_5DecoderLayer(
        (self_attn): Qwen3_5Attention(
          (q_proj): Linear(in_features=5120, out_features=12288, bias=False)
          (k_proj): Linear(in_features=5120, out_features=1024, bias=False)
          (v_proj): Linear(in_features=5120, out_features=1024, bias=False)
          (o_proj): Linear(in_features=6144, out_features=5120, bias=False)
          (q_norm): Qwen3_5RMSNorm((256,), eps=1e-06)
          (k_norm): Qwen3_5RMSNorm((256,), eps=1e-06)
        )
        (mlp): Qwen3_5MLP(
          (gate_proj): Linear(in_features=5120, out_features=17408, bias=False)
          (up_proj): Linear(in_features=5120, out_features=17408, bias=False)
          (down_proj): Linear(in_features=17408, out_features=5120, bias=False)
          (act_fn): SiLUActivation()
        )
        (input_layernorm): Qwen3_5RMSNorm((5120,), eps=1e-06)
        (post_attention_layernorm): Qwen3_5RMSNorm((5120,), eps=1e-06)
      )
      (48-50): 3 x Qwen3_5DecoderLayer(
        (linear_attn): Qwen3_5GatedDeltaNet(
          (conv1d): Conv1d(10240, 10240, kernel_size=(4,), stride=(1,), padding=(3,), groups=10240, bias=False)
          (norm): Qwen3_5RMSNormGated()
          (out_proj): Linear(in_features=6144, out_features=5120, bias=False)
          (in_proj_qkv): Linear(in_features=5120, out_features=10240, bias=False)
          (in_proj_z): Linear(in_features=5120, out_features=6144, bias=False)
          (in_proj_b): Linear(in_features=5120, out_features=48, bias=False)
          (in_proj_a): Linear(in_features=5120, out_features=48, bias=False)
        )
        (mlp): Qwen3_5MLP(
          (gate_proj): Linear(in_features=5120, out_features=17408, bias=False)
          (up_proj): Linear(in_features=5120, out_features=17408, bias=False)
          (down_proj): Linear(in_features=17408, out_features=5120, bias=False)
          (act_fn): SiLUActivation()
        )
        (input_layernorm): Qwen3_5RMSNorm((5120,), eps=1e-06)
        (post_attention_layernorm): Qwen3_5RMSNorm((5120,), eps=1e-06)
      )
      (51): Qwen3_5DecoderLayer(
        (self_attn): Qwen3_5Attention(
          (q_proj): Linear(in_features=5120, out_features=12288, bias=False)
          (k_proj): Linear(in_features=5120, out_features=1024, bias=False)
          (v_proj): Linear(in_features=5120, out_features=1024, bias=False)
          (o_proj): Linear(in_features=6144, out_features=5120, bias=False)
          (q_norm): Qwen3_5RMSNorm((256,), eps=1e-06)
          (k_norm): Qwen3_5RMSNorm((256,), eps=1e-06)
        )
        (mlp): Qwen3_5MLP(
          (gate_proj): Linear(in_features=5120, out_features=17408, bias=False)
          (up_proj): Linear(in_features=5120, out_features=17408, bias=False)
          (down_proj): Linear(in_features=17408, out_features=5120, bias=False)
          (act_fn): SiLUActivation()
        )
        (input_layernorm): Qwen3_5RMSNorm((5120,), eps=1e-06)
        (post_attention_layernorm): Qwen3_5RMSNorm((5120,), eps=1e-06)
      )
      (52-54): 3 x Qwen3_5DecoderLayer(
        (linear_attn): Qwen3_5GatedDeltaNet(
          (conv1d): Conv1d(10240, 10240, kernel_size=(4,), stride=(1,), padding=(3,), groups=10240, bias=False)
          (norm): Qwen3_5RMSNormGated()
          (out_proj): Linear(in_features=6144, out_features=5120, bias=False)
          (in_proj_qkv): Linear(in_features=5120, out_features=10240, bias=False)
          (in_proj_z): Linear(in_features=5120, out_features=6144, bias=False)
          (in_proj_b): Linear(in_features=5120, out_features=48, bias=False)
          (in_proj_a): Linear(in_features=5120, out_features=48, bias=False)
        )
        (mlp): Qwen3_5MLP(
          (gate_proj): Linear(in_features=5120, out_features=17408, bias=False)
          (up_proj): Linear(in_features=5120, out_features=17408, bias=False)
          (down_proj): Linear(in_features=17408, out_features=5120, bias=False)
          (act_fn): SiLUActivation()
        )
        (input_layernorm): Qwen3_5RMSNorm((5120,), eps=1e-06)
        (post_attention_layernorm): Qwen3_5RMSNorm((5120,), eps=1e-06)
      )
      (55): Qwen3_5DecoderLayer(
        (self_attn): Qwen3_5Attention(
          (q_proj): Linear(in_features=5120, out_features=12288, bias=False)
          (k_proj): Linear(in_features=5120, out_features=1024, bias=False)
          (v_proj): Linear(in_features=5120, out_features=1024, bias=False)
          (o_proj): Linear(in_features=6144, out_features=5120, bias=False)
          (q_norm): Qwen3_5RMSNorm((256,), eps=1e-06)
          (k_norm): Qwen3_5RMSNorm((256,), eps=1e-06)
        )
        (mlp): Qwen3_5MLP(
          (gate_proj): Linear(in_features=5120, out_features=17408, bias=False)
          (up_proj): Linear(in_features=5120, out_features=17408, bias=False)
          (down_proj): Linear(in_features=17408, out_features=5120, bias=False)
          (act_fn): SiLUActivation()
        )
        (input_layernorm): Qwen3_5RMSNorm((5120,), eps=1e-06)
        (post_attention_layernorm): Qwen3_5RMSNorm((5120,), eps=1e-06)
      )
      (56-58): 3 x Qwen3_5DecoderLayer(
        (linear_attn): Qwen3_5GatedDeltaNet(
          (conv1d): Conv1d(10240, 10240, kernel_size=(4,), stride=(1,), padding=(3,), groups=10240, bias=False)
          (norm): Qwen3_5RMSNormGated()
          (out_proj): Linear(in_features=6144, out_features=5120, bias=False)
          (in_proj_qkv): Linear(in_features=5120, out_features=10240, bias=False)
          (in_proj_z): Linear(in_features=5120, out_features=6144, bias=False)
          (in_proj_b): Linear(in_features=5120, out_features=48, bias=False)
          (in_proj_a): Linear(in_features=5120, out_features=48, bias=False)
        )
        (mlp): Qwen3_5MLP(
          (gate_proj): Linear(in_features=5120, out_features=17408, bias=False)
          (up_proj): Linear(in_features=5120, out_features=17408, bias=False)
          (down_proj): Linear(in_features=17408, out_features=5120, bias=False)
          (act_fn): SiLUActivation()
        )
        (input_layernorm): Qwen3_5RMSNorm((5120,), eps=1e-06)
        (post_attention_layernorm): Qwen3_5RMSNorm((5120,), eps=1e-06)
      )
      (59): Qwen3_5DecoderLayer(
        (self_attn): Qwen3_5Attention(
          (q_proj): Linear(in_features=5120, out_features=12288, bias=False)
          (k_proj): Linear(in_features=5120, out_features=1024, bias=False)
          (v_proj): Linear(in_features=5120, out_features=1024, bias=False)
          (o_proj): Linear(in_features=6144, out_features=5120, bias=False)
          (q_norm): Qwen3_5RMSNorm((256,), eps=1e-06)
          (k_norm): Qwen3_5RMSNorm((256,), eps=1e-06)
        )
        (mlp): Qwen3_5MLP(
          (gate_proj): Linear(in_features=5120, out_features=17408, bias=False)
          (up_proj): Linear(in_features=5120, out_features=17408, bias=False)
          (down_proj): Linear(in_features=17408, out_features=5120, bias=False)
          (act_fn): SiLUActivation()
        )
        (input_layernorm): Qwen3_5RMSNorm((5120,), eps=1e-06)
        (post_attention_layernorm): Qwen3_5RMSNorm((5120,), eps=1e-06)
      )
      (60-62): 3 x Qwen3_5DecoderLayer(
        (linear_attn): Qwen3_5GatedDeltaNet(
          (conv1d): Conv1d(10240, 10240, kernel_size=(4,), stride=(1,), padding=(3,), groups=10240, bias=False)
          (norm): Qwen3_5RMSNormGated()
          (out_proj): Linear(in_features=6144, out_features=5120, bias=False)
          (in_proj_qkv): Linear(in_features=5120, out_features=10240, bias=False)
          (in_proj_z): Linear(in_features=5120, out_features=6144, bias=False)
          (in_proj_b): Linear(in_features=5120, out_features=48, bias=False)
          (in_proj_a): Linear(in_features=5120, out_features=48, bias=False)
        )
        (mlp): Qwen3_5MLP(
          (gate_proj): Linear(in_features=5120, out_features=17408, bias=False)
          (up_proj): Linear(in_features=5120, out_features=17408, bias=False)
          (down_proj): Linear(in_features=17408, out_features=5120, bias=False)
          (act_fn): SiLUActivation()
        )
        (input_layernorm): Qwen3_5RMSNorm((5120,), eps=1e-06)
        (post_attention_layernorm): Qwen3_5RMSNorm((5120,), eps=1e-06)
      )
      (63): Qwen3_5DecoderLayer(
        (self_attn): Qwen3_5Attention(
          (q_proj): Linear(in_features=5120, out_features=12288, bias=False)
          (k_proj): Linear(in_features=5120, out_features=1024, bias=False)
          (v_proj): Linear(in_features=5120, out_features=1024, bias=False)
          (o_proj): Linear(in_features=6144, out_features=5120, bias=False)
          (q_norm): Qwen3_5RMSNorm((256,), eps=1e-06)
          (k_norm): Qwen3_5RMSNorm((256,), eps=1e-06)
        )
        (mlp): Qwen3_5MLP(
          (gate_proj): Linear(in_features=5120, out_features=17408, bias=False)
          (up_proj): Linear(in_features=5120, out_features=17408, bias=False)
          (down_proj): Linear(in_features=17408, out_features=5120, bias=False)
          (act_fn): SiLUActivation()
        )
        (input_layernorm): Qwen3_5RMSNorm((5120,), eps=1e-06)
        (post_attention_layernorm): Qwen3_5RMSNorm((5120,), eps=1e-06)
      )
    )
    (norm): Qwen3_5RMSNorm((5120,), eps=1e-06)
    (rotary_emb): Qwen3_5TextRotaryEmbedding()
  )
  (lm_head): Linear(in_features=5120, out_features=248320, bias=False)
)
Qwen3.5/Qwen3.8 detected: quantizing the text backbone; the vision tower is not loaded by AutoModelForCausalLM.
Calibration dataloader created with shape: torch.Size([128, 2048])
Resuming after 0 completed decoder blocks

Compressing Layers:   0%|                                                                                            | 0/64 [00:00<?, ?it/s]	Measured rank curves: 2/2 usable; packed block budget preserved
	(1/3) Block 1/64, linear_attn.in_proj_qkv | Tuning Non-Factorized Weights...
		(Epoch 01/02) Block Loss: 0.0000e+00
		(Epoch 02/02) Block Loss: 0.0000e+00
	(2/3) Block 1/64, linear_attn.in_proj_qkv | Initialization via ADMM...
	(3/3) Block 1/64, linear_attn.in_proj_qkv | Tuning Factorized Weights...
		(Epoch 01/02) Block Loss: 2.4861e-01
		(Epoch 02/02) Block Loss: 2.2145e-01
	(1/3) Block 1/64, linear_attn.in_proj_z | Tuning Non-Factorized Weights...
		(Epoch 01/04) Block Loss: 7.2318e-01
		(Epoch 02/04) Block Loss: 7.0181e+00
		(Epoch 03/04) Block Loss: 1.4443e+00
		(Epoch 04/04) Block Loss: 3.7864e+00
	(2/3) Block 1/64, linear_attn.in_proj_z | Initialization via ADMM...
	(3/3) Block 1/64, linear_attn.in_proj_z | Tuning Factorized Weights...
		(Epoch 01/04) Block Loss: 3.7383e+00
		(Epoch 02/04) Block Loss: 2.7417e+00
		(Epoch 03/04) Block Loss: 2.2472e+00
		(Epoch 04/04) Block Loss: 2.0486e+00
	(1/3) Block 1/64, linear_attn.in_proj_b | Tuning Non-Factorized Weights...
		(Epoch 01/04) Block Loss: 1.1777e+00
		(Epoch 02/04) Block Loss: 7.1100e+00
		(Epoch 03/04) Block Loss: 1.4033e+00
		(Epoch 04/04) Block Loss: 1.0278e+00
	(2/3) Block 1/64, linear_attn.in_proj_b | Initialization via ADMM...
	(3/3) Block 1/64, linear_attn.in_proj_b | Tuning Factorized Weights...
		(Epoch 01/04) Block Loss: 1.0086e+00
		(Epoch 02/04) Block Loss: 9.9585e-01
		(Epoch 03/04) Block Loss: 9.8571e-01
		(Epoch 04/04) Block Loss: 9.8478e-01
	(1/3) Block 1/64, linear_attn.in_proj_a | Tuning Non-Factorized Weights...
		(Epoch 01/04) Block Loss: 9.7611e-01
		(Epoch 02/04) Block Loss: 1.3443e+01
		(Epoch 03/04) Block Loss: 1.0706e+01
		(Epoch 04/04) Block Loss: 8.2122e-01
	(2/3) Block 1/64, linear_attn.in_proj_a | Initialization via ADMM...
	(3/3) Block 1/64, linear_attn.in_proj_a | Tuning Factorized Weights...
		(Epoch 01/04) Block Loss: 8.2997e-01
		(Epoch 02/04) Block Loss: 8.2262e-01
		(Epoch 03/04) Block Loss: 8.1928e-01
		(Epoch 04/04) Block Loss: 8.1789e-01
	(1/3) Block 1/64, linear_attn.out_proj | Tuning Non-Factorized Weights...
		(Epoch 01/04) Block Loss: 7.6786e-01
		(Epoch 02/04) Block Loss: 8.3617e+00
		(Epoch 03/04) Block Loss: 2.5014e+00
		(Epoch 04/04) Block Loss: 6.6493e-01
	(2/3) Block 1/64, linear_attn.out_proj | Initialization via ADMM...
	(3/3) Block 1/64, linear_attn.out_proj | Tuning Factorized Weights...
		(Epoch 01/04) Block Loss: 1.3626e+00
		(Epoch 02/04) Block Loss: 1.3028e+00
		(Epoch 03/04) Block Loss: 1.2849e+00
		(Epoch 04/04) Block Loss: 1.2778e+00
	(1/3) Block 1/64, mlp.gate_proj | Tuning Non-Factorized Weights...
		(Epoch 01/06) Block Loss: 1.1020e+00
		(Epoch 02/06) Block Loss: 2.7745e+00
		(Epoch 03/06) Block Loss: 2.8382e+00
		(Epoch 04/06) Block Loss: 1.5330e+00
		(Epoch 05/06) Block Loss: 6.8406e-01
		(Epoch 06/06) Block Loss: 6.3576e-01
	(2/3) Block 1/64, mlp.gate_proj | Initialization via ADMM...
	(3/3) Block 1/64, mlp.gate_proj | Tuning Factorized Weights...
		(Epoch 01/06) Block Loss: 7.8586e-01
		(Epoch 02/06) Block Loss: 7.1268e-01
		(Epoch 03/06) Block Loss: 6.9479e-01
		(Epoch 04/06) Block Loss: 6.8759e-01
		(Epoch 05/06) Block Loss: 6.8412e-01
		(Epoch 06/06) Block Loss: 6.8268e-01
	(1/3) Block 1/64, mlp.up_proj | Tuning Non-Factorized Weights...
		(Epoch 01/08) Block Loss: 7.0324e-01
		(Epoch 02/08) Block Loss: 1.7396e+00
		(Epoch 03/08) Block Loss: 8.4902e-01
		(Epoch 04/08) Block Loss: 7.0088e-01
		(Epoch 05/08) Block Loss: 5.5964e-01
		(Epoch 06/08) Block Loss: 5.2038e-01
		(Epoch 07/08) Block Loss: 5.1556e-01
		(Epoch 08/08) Block Loss: 5.1394e-01
		TuneFP plateau: stopped after 8 epochs
	(2/3) Block 1/64, mlp.up_proj | Initialization via ADMM...
	(3/3) Block 1/64, mlp.up_proj | Tuning Factorized Weights...
		(Epoch 01/08) Block Loss: 6.5687e-01
		(Epoch 02/08) Block Loss: 6.0152e-01
		(Epoch 03/08) Block Loss: 5.8954e-01
		(Epoch 04/08) Block Loss: 5.8436e-01
		(Epoch 05/08) Block Loss: 5.8147e-01
		(Epoch 06/08) Block Loss: 5.7982e-01
		(Epoch 07/08) Block Loss: 5.7892e-01
		(Epoch 08/08) Block Loss: 5.7855e-01
	(1/3) Block 1/64, mlp.down_proj | Tuning Non-Factorized Weights...
		(Epoch 01/08) Block Loss: 5.7878e-01
		(Epoch 02/08) Block Loss: 6.6291e-01
		(Epoch 03/08) Block Loss: 5.5396e-01
		(Epoch 04/08) Block Loss: 5.2083e-01
		(Epoch 05/08) Block Loss: 5.0880e-01
		(Epoch 06/08) Block Loss: 5.0443e-01
		(Epoch 07/08) Block Loss: 5.0187e-01
		TuneFP plateau: stopped after 7 epochs
	(2/3) Block 1/64, mlp.down_proj | Initialization via ADMM...
	(3/3) Block 1/64, mlp.down_proj | Tuning Factorized Weights...
		(Epoch 01/08) Block Loss: 9.9193e-01
		(Epoch 02/08) Block Loss: 9.7733e-01
		(Epoch 03/08) Block Loss: 9.7060e-01
		(Epoch 04/08) Block Loss: 9.6584e-01
		(Epoch 05/08) Block Loss: 9.6392e-01
		(Epoch 06/08) Block Loss: 9.6166e-01
		(Epoch 07/08) Block Loss: 9.5875e-01
		(Epoch 08/08) Block Loss: 9.5767e-01

Compressing Layers:   2%|█▎                                                                               | 1/64 [06:12<6:31:31, 372.88s/it]	Measured rank curves: 2/2 usable; packed block budget preserved
	(1/3) Block 2/64, linear_attn.in_proj_qkv | Tuning Non-Factorized Weights...
		(Epoch 01/02) Block Loss: 9.7733e-01
		(Epoch 02/02) Block Loss: 6.1124e+00
	(2/3) Block 2/64, linear_attn.in_proj_qkv | Initialization via ADMM...
	(3/3) Block 2/64, linear_attn.in_proj_qkv | Tuning Factorized Weights...
		(Epoch 01/02) Block Loss: 3.9702e+00
		(Epoch 02/02) Block Loss: 3.6694e+00
	(1/3) Block 2/64, linear_attn.in_proj_z | Tuning Non-Factorized Weights...
		(Epoch 01/04) Block Loss: 1.9839e+00
		(Epoch 02/04) Block Loss: 1.5152e+00
		(Epoch 03/04) Block Loss: 8.5783e-01
		(Epoch 04/04) Block Loss: 7.6701e-01
	(2/3) Block 2/64, linear_attn.in_proj_z | Initialization via ADMM...
	(3/3) Block 2/64, linear_attn.in_proj_z | Tuning Factorized Weights...
		(Epoch 01/04) Block Loss: 8.2872e-01
		(Epoch 02/04) Block Loss: 8.1739e-01
		(Epoch 03/04) Block Loss: 8.1384e-01
		(Epoch 04/04) Block Loss: 8.1227e-01
	(1/3) Block 2/64, linear_attn.in_proj_b | Tuning Non-Factorized Weights...
		(Epoch 01/04) Block Loss: 8.2780e-01
		(Epoch 02/04) Block Loss: 1.7602e+00
		(Epoch 03/04) Block Loss: 7.2959e-01
		(Epoch 04/04) Block Loss: 6.6682e-01
	(2/3) Block 2/64, linear_attn.in_proj_b | Initialization via ADMM...
	(3/3) Block 2/64, linear_attn.in_proj_b | Tuning Factorized Weights...
		(Epoch 01/04) Block Loss: 6.8242e-01
		(Epoch 02/04) Block Loss: 6.7916e-01
		(Epoch 03/04) Block Loss: 6.7773e-01
		(Epoch 04/04) Block Loss: 6.7730e-01
	(1/3) Block 2/64, linear_attn.in_proj_a | Tuning Non-Factorized Weights...
		(Epoch 01/04) Block Loss: 7.0837e-01
		(Epoch 02/04) Block Loss: 2.2790e+00
		(Epoch 03/04) Block Loss: 6.1810e-01
		(Epoch 04/04) Block Loss: 5.9602e-01
	(2/3) Block 2/64, linear_attn.in_proj_a | Initialization via ADMM...
	(3/3) Block 2/64, linear_attn.in_proj_a | Tuning Factorized Weights...
		(Epoch 01/04) Block Loss: 6.0804e-01
		(Epoch 02/04) Block Loss: 6.0321e-01
		(Epoch 03/04) Block Loss: 6.0166e-01
		(Epoch 04/04) Block Loss: 6.0122e-01
	(1/3) Block 2/64, linear_attn.out_proj | Tuning Non-Factorized Weights...
		(Epoch 01/04) Block Loss: 6.3316e-01
		(Epoch 02/04) Block Loss: 2.2540e+00
		(Epoch 03/04) Block Loss: 5.7053e-01
		(Epoch 04/04) Block Loss: 5.5049e-01
	(2/3) Block 2/64, linear_attn.out_proj | Initialization via ADMM...
	(3/3) Block 2/64, linear_attn.out_proj | Tuning Factorized Weights...
		(Epoch 01/04) Block Loss: 8.4468e-01
		(Epoch 02/04) Block Loss: 8.3464e-01
		(Epoch 03/04) Block Loss: 8.3107e-01
		(Epoch 04/04) Block Loss: 8.2962e-01
	(1/3) Block 2/64, mlp.gate_proj | Tuning Non-Factorized Weights...
		(Epoch 01/06) Block Loss: 7.8244e-01
		(Epoch 02/06) Block Loss: 1.4564e+00
		(Epoch 03/06) Block Loss: 7.0319e-01
		(Epoch 04/06) Block Loss: 6.3573e-01
		(Epoch 05/06) Block Loss: 6.1270e-01
		(Epoch 06/06) Block Loss: 6.0719e-01
	(2/3) Block 2/64, mlp.gate_proj | Initialization via ADMM...
	(3/3) Block 2/64, mlp.gate_proj | Tuning Factorized Weights...
		(Epoch 01/06) Block Loss: 7.8142e-01
		(Epoch 02/06) Block Loss: 7.5052e-01
		(Epoch 03/06) Block Loss: 7.4227e-01
		(Epoch 04/06) Block Loss: 7.3811e-01
		(Epoch 05/06) Block Loss: 7.3594e-01
		(Epoch 06/06) Block Loss: 7.3492e-01
	(1/3) Block 2/64, mlp.up_proj | Tuning Non-Factorized Weights...
		(Epoch 01/08) Block Loss: 7.2839e-01
		(Epoch 02/08) Block Loss: 7.8300e-01
		(Epoch 03/08) Block Loss: 6.5505e-01
		(Epoch 04/08) Block Loss: 6.2763e-01
		(Epoch 05/08) Block Loss: 6.0929e-01
		(Epoch 06/08) Block Loss: 5.9808e-01
		(Epoch 07/08) Block Loss: 5.9278e-01
		(Epoch 08/08) Block Loss: 5.9067e-01
		TuneFP plateau: stopped after 8 epochs
	(2/3) Block 2/64, mlp.up_proj | Initialization via ADMM...
	(3/3) Block 2/64, mlp.up_proj | Tuning Factorized Weights...
		(Epoch 01/08) Block Loss: 7.9975e-01
		(Epoch 02/08) Block Loss: 7.7037e-01
		(Epoch 03/08) Block Loss: 7.6101e-01
		(Epoch 04/08) Block Loss: 7.5524e-01
		(Epoch 05/08) Block Loss: 7.5143e-01
		(Epoch 06/08) Block Loss: 7.4893e-01
		(Epoch 07/08) Block Loss: 7.4751e-01
		(Epoch 08/08) Block Loss: 7.4678e-01
	(1/3) Block 2/64, mlp.down_proj | Tuning Non-Factorized Weights...
		(Epoch 01/08) Block Loss: 7.3718e-01
		(Epoch 02/08) Block Loss: 6.9761e-01
		(Epoch 03/08) Block Loss: 6.8644e-01
		(Epoch 04/08) Block Loss: 6.7127e-01
		(Epoch 05/08) Block Loss: 6.5427e-01
		(Epoch 06/08) Block Loss: 6.4876e-01
		(Epoch 07/08) Block Loss: 6.4542e-01
		TuneFP plateau: stopped after 7 epochs
	(2/3) Block 2/64, mlp.down_proj | Initialization via ADMM...
	(3/3) Block 2/64, mlp.down_proj | Tuning Factorized Weights...
		(Epoch 01/08) Block Loss: 1.2253e+00
		(Epoch 02/08) Block Loss: 1.2116e+00
		(Epoch 03/08) Block Loss: 1.2029e+00
		(Epoch 04/08) Block Loss: 1.1961e+00
		(Epoch 05/08) Block Loss: 1.1914e+00
		(Epoch 06/08) Block Loss: 1.1880e+00
		(Epoch 07/08) Block Loss: 1.1856e+00
		(Epoch 08/08) Block Loss: 1.1841e+00

Compressing Layers:   3%|██▌                                                                              | 2/64 [12:02<6:11:09, 359.18s/it]	Measured rank curves: 2/2 usable; packed block budget preserved
	(1/3) Block 3/64, linear_attn.in_proj_qkv | Tuning Non-Factorized Weights...
		(Epoch 01/02) Block Loss: 1.9404e+00
		(Epoch 02/02) Block Loss: 2.3980e+00
	(2/3) Block 3/64, linear_attn.in_proj_qkv | Initialization via ADMM...
	(3/3) Block 3/64, linear_attn.in_proj_qkv | Tuning Factorized Weights...
		(Epoch 01/02) Block Loss: 1.6401e+00
		(Epoch 02/02) Block Loss: 1.5988e+00
	(1/3) Block 3/64, linear_attn.in_proj_z | Tuning Non-Factorized Weights...
		(Epoch 01/04) Block Loss: 1.6526e+00
		(Epoch 02/04) Block Loss: 2.1366e+00
		(Epoch 03/04) Block Loss: 1.2570e+00
		(Epoch 04/04) Block Loss: 1.1179e+00
	(2/3) Block 3/64, linear_attn.in_proj_z | Initialization via ADMM...
	(3/3) Block 3/64, linear_attn.in_proj_z | Tuning Factorized Weights...
		(Epoch 01/04) Block Loss: 1.2222e+00
		(Epoch 02/04) Block Loss: 1.1935e+00
		(Epoch 03/04) Block Loss: 1.1854e+00
		(Epoch 04/04) Block Loss: 1.1827e+00
	(1/3) Block 3/64, linear_attn.in_proj_b | Tuning Non-Factorized Weights...
		(Epoch 01/04) Block Loss: 1.2760e+00
		(Epoch 02/04) Block Loss: 1.8176e+00
		(Epoch 03/04) Block Loss: 1.1032e+00
		(Epoch 04/04) Block Loss: 1.0013e+00
	(2/3) Block 3/64, linear_attn.in_proj_b | Initialization via ADMM...
	(3/3) Block 3/64, linear_attn.in_proj_b | Tuning Factorized Weights...
		(Epoch 01/04) Block Loss: 1.0222e+00
		(Epoch 02/04) Block Loss: 1.0190e+00
		(Epoch 03/04) Block Loss: 1.0174e+00
		(Epoch 04/04) Block Loss: 1.0170e+00
	(1/3) Block 3/64, linear_attn.in_proj_a | Tuning Non-Factorized Weights...
		(Epoch 01/04) Block Loss: 1.0913e+00
		(Epoch 02/04) Block Loss: 1.7326e+00
		(Epoch 03/04) Block Loss: 9.9195e-01
		(Epoch 04/04) Block Loss: 9.2006e-01
	(2/3) Block 3/64, linear_attn.in_proj_a | Initialization via ADMM...
	(3/3) Block 3/64, linear_attn.in_proj_a | Tuning Factorized Weights...
		(Epoch 01/04) Block Loss: 9.4599e-01
		(Epoch 02/04) Block Loss: 9.3383e-01
		(Epoch 03/04) Block Loss: 9.3090e-01
		(Epoch 04/04) Block Loss: 9.3021e-01
	(1/3) Block 3/64, linear_attn.out_proj | Tuning Non-Factorized Weights...
		(Epoch 01/04) Block Loss: 1.0352e+00
		(Epoch 02/04) Block Loss: 1.4693e+00
		(Epoch 03/04) Block Loss: 9.2779e-01
		(Epoch 04/04) Block Loss: 8.6421e-01
	(2/3) Block 3/64, linear_attn.out_proj | Initialization via ADMM...
	(3/3) Block 3/64, linear_attn.out_proj | Tuning Factorized Weights...
		(Epoch 01/04) Block Loss: 1.2812e+00
		(Epoch 02/04) Block Loss: 1.2558e+00
		(Epoch 03/04) Block Loss: 1.2501e+00
		(Epoch 04/04) Block Loss: 1.2479e+00
	(1/3) Block 3/64, mlp.gate_proj | Tuning Non-Factorized Weights...
		(Epoch 01/06) Block Loss: 1.2230e+00
		(Epoch 02/06) Block Loss: 1.4070e+00
		(Epoch 03/06) Block Loss: 1.0879e+00
		(Epoch 04/06) Block Loss: 1.0000e+00
		(Epoch 05/06) Block Loss: 9.4011e-01
		(Epoch 06/06) Block Loss: 9.2953e-01
	(2/3) Block 3/64, mlp.gate_proj | Initialization via ADMM...
	(3/3) Block 3/64, mlp.gate_proj | Tuning Factorized Weights...
		(Epoch 01/06) Block Loss: 1.3953e+00
		(Epoch 02/06) Block Loss: 1.2676e+00
		(Epoch 03/06) Block Loss: 1.2333e+00
		(Epoch 04/06) Block Loss: 1.2205e+00
		(Epoch 05/06) Block Loss: 1.2147e+00
		(Epoch 06/06) Block Loss: 1.2124e+00
	(1/3) Block 3/64, mlp.up_proj | Tuning Non-Factorized Weights...
		(Epoch 01/08) Block Loss: 1.2057e+00
		(Epoch 02/08) Block Loss: 1.1297e+00
		(Epoch 03/08) Block Loss: 1.0768e+00
		(Epoch 04/08) Block Loss: 1.0294e+00
		(Epoch 05/08) Block Loss: 9.9080e-01
		(Epoch 06/08) Block Loss: 9.6228e-01
		(Epoch 07/08) Block Loss: 9.5251e-01
		(Epoch 08/08) Block Loss: 9.4886e-01
	(2/3) Block 3/64, mlp.up_proj | Initialization via ADMM...
	(3/3) Block 3/64, mlp.up_proj | Tuning Factorized Weights...
		(Epoch 01/08) Block Loss: 1.4351e+00
		(Epoch 02/08) Block Loss: 1.3320e+00
		(Epoch 03/08) Block Loss: 1.3024e+00
		(Epoch 04/08) Block Loss: 1.2876e+00
		(Epoch 05/08) Block Loss: 1.2787e+00
		(Epoch 06/08) Block Loss: 1.2730e+00
		(Epoch 07/08) Block Loss: 1.2698e+00
		(Epoch 08/08) Block Loss: 1.2681e+00
	(1/3) Block 3/64, mlp.down_proj | Tuning Non-Factorized Weights...
		(Epoch 01/08) Block Loss: 1.2572e+00
		(Epoch 02/08) Block Loss: 1.1664e+00
		(Epoch 03/08) Block Loss: 1.1318e+00
		(Epoch 04/08) Block Loss: 1.1102e+00
		(Epoch 05/08) Block Loss: 1.0944e+00
		(Epoch 06/08) Block Loss: 1.0843e+00
		(Epoch 07/08) Block Loss: 1.0781e+00
		TuneFP plateau: stopped after 7 epochs
	(2/3) Block 3/64, mlp.down_proj | Initialization via ADMM...
	(3/3) Block 3/64, mlp.down_proj | Tuning Factorized Weights...
		(Epoch 01/08) Block Loss: 2.1503e+00
		(Epoch 02/08) Block Loss: 2.1341e+00
		(Epoch 03/08) Block Loss: 2.1285e+00
		(Epoch 04/08) Block Loss: 2.1247e+00
		(Epoch 05/08) Block Loss: 2.1233e+00
		(Epoch 06/08) Block Loss: 2.1183e+00
		(Epoch 07/08) Block Loss: 2.1166e+00
		(Epoch 08/08) Block Loss: 2.1148e+00

Compressing Layers:   5%|███▊                                                                             | 3/64 [18:00<6:04:28, 358.51s/it]	Measured rank curves: 2/2 usable; packed block budget preserved
	(1/3) Block 4/64, self_attn.q_proj | Tuning Non-Factorized Weights...
		(Epoch 01/02) Block Loss: 2.6199e+00
		(Epoch 02/02) Block Loss: 2.3510e+00
	(2/3) Block 4/64, self_attn.q_proj | Initialization via ADMM...
	(3/3) Block 4/64, self_attn.q_proj | Tuning Factorized Weights...
		(Epoch 01/02) Block Loss: 2.3153e+00
		(Epoch 02/02) Block Loss: 2.2730e+00
	(1/3) Block 4/64, self_attn.v_proj | Tuning Non-Factorized Weights...
		(Epoch 01/04) Block Loss: 2.3462e+00
		(Epoch 02/04) Block Loss: 2.2550e+00
		(Epoch 03/04) Block Loss: 1.8552e+00
		(Epoch 04/04) Block Loss: 1.7294e+00
	(2/3) Block 4/64, self_attn.v_proj | Initialization via ADMM...
	(3/3) Block 4/64, self_attn.v_proj | Tuning Factorized Weights...
		(Epoch 01/04) Block Loss: 2.1472e+00
		(Epoch 02/04) Block Loss: 2.0423e+00
		(Epoch 03/04) Block Loss: 2.0084e+00
		(Epoch 04/04) Block Loss: 1.9997e+00
	(1/3) Block 4/64, self_attn.k_proj | Tuning Non-Factorized Weights...
		(Epoch 01/02) Block Loss: 1.9465e+00
		(Epoch 02/02) Block Loss: 1.8515e+00
	(2/3) Block 4/64, self_attn.k_proj | Initialization via ADMM...
	(3/3) Block 4/64, self_attn.k_proj | Tuning Factorized Weights...
		(Epoch 01/02) Block Loss: 1.8056e+00
		(Epoch 02/02) Block Loss: 1.8010e+00
	(1/3) Block 4/64, self_attn.o_proj | Tuning Non-Factorized Weights...
		(Epoch 01/04) Block Loss: 1.8516e+00
		(Epoch 02/04) Block Loss: 1.8174e+00
		(Epoch 03/04) Block Loss: 1.6046e+00
		(Epoch 04/04) Block Loss: 1.5333e+00
	(2/3) Block 4/64, self_attn.o_proj | Initialization via ADMM...
	(3/3) Block 4/64, self_attn.o_proj | Tuning Factorized Weights...
		(Epoch 01/04) Block Loss: 1.7533e+00
		(Epoch 02/04) Block Loss: 1.7382e+00
		(Epoch 03/04) Block Loss: 1.7324e+00
		(Epoch 04/04) Block Loss: 1.7305e+00
	(1/3) Block 4/64, mlp.gate_proj | Tuning Non-Factorized Weights...
		(Epoch 01/06) Block Loss: 1.7457e+00
		(Epoch 02/06) Block Loss: 1.7874e+00
		(Epoch 03/06) Block Loss: 1.6349e+00
		(Epoch 04/06) Block Loss: 1.5086e+00
		(Epoch 05/06) Block Loss: 1.4572e+00
		(Epoch 06/06) Block Loss: 1.4419e+00
	(2/3) Block 4/64, mlp.gate_proj | Initialization via ADMM...
	(3/3) Block 4/64, mlp.gate_proj | Tuning Factorized Weights...
		(Epoch 01/06) Block Loss: 2.0011e+00
		(Epoch 02/06) Block Loss: 1.8933e+00
		(Epoch 03/06) Block Loss: 1.8567e+00
		(Epoch 04/06) Block Loss: 1.8398e+00
		(Epoch 05/06) Block Loss: 1.8315e+00
		(Epoch 06/06) Block Loss: 1.8279e+00
	(1/3) Block 4/64, mlp.up_proj | Tuning Non-Factorized Weights...
		(Epoch 01/08) Block Loss: 1.8076e+00
		(Epoch 02/08) Block Loss: 1.6495e+00
		(Epoch 03/08) Block Loss: 1.5823e+00
		(Epoch 04/08) Block Loss: 1.5329e+00
		(Epoch 05/08) Block Loss: 1.4953e+00
		(Epoch 06/08) Block Loss: 1.4665e+00
		(Epoch 07/08) Block Loss: 1.4524e+00
		(Epoch 08/08) Block Loss: 1.4471e+00
		TuneFP plateau: stopped after 8 epochs
	(2/3) Block 4/64, mlp.up_proj | Initialization via ADMM...
	(3/3) Block 4/64, mlp.up_proj | Tuning Factorized Weights...
		(Epoch 01/08) Block Loss: 2.0619e+00
		(Epoch 02/08) Block Loss: 1.9757e+00
		(Epoch 03/08) Block Loss: 1.9426e+00
		(Epoch 04/08) Block Loss: 1.9233e+00
		(Epoch 05/08) Block Loss: 1.9108e+00
		(Epoch 06/08) Block Loss: 1.9029e+00
		(Epoch 07/08) Block Loss: 1.8985e+00
		(Epoch 08/08) Block Loss: 1.8960e+00
	(1/3) Block 4/64, mlp.down_proj | Tuning Non-Factorized Weights...
		(Epoch 01/08) Block Loss: 1.8766e+00
		(Epoch 02/08) Block Loss: 1.7522e+00
		(Epoch 03/08) Block Loss: 1.7026e+00
		(Epoch 04/08) Block Loss: 1.6717e+00
		(Epoch 05/08) Block Loss: 1.6494e+00
		(Epoch 06/08) Block Loss: 1.6353e+00
		(Epoch 07/08) Block Loss: 1.6267e+00
		TuneFP plateau: stopped after 7 epochs
	(2/3) Block 4/64, mlp.down_proj | Initialization via ADMM...
	(3/3) Block 4/64, mlp.down_proj | Tuning Factorized Weights...
		(Epoch 01/08) Block Loss: 2.6689e+00
		(Epoch 02/08) Block Loss: 2.6537e+00
		(Epoch 03/08) Block Loss: 2.6453e+00
		(Epoch 04/08) Block Loss: 2.6382e+00
		(Epoch 05/08) Block Loss: 2.6329e+00
		(Epoch 06/08) Block Loss: 2.6288e+00
		(Epoch 07/08) Block Loss: 2.6262e+00
		(Epoch 08/08) Block Loss: 2.6240e+00

Compressing Layers:   6%|█████                                                                            | 4/64 [23:14<5:41:00, 341.01s/it]	Measured rank curves: 2/2 usable; packed block budget preserved
	(1/3) Block 5/64, linear_attn.in_proj_qkv | Tuning Non-Factorized Weights...
		(Epoch 01/02) Block Loss: 2.9042e+00
		(Epoch 02/02) Block Loss: 2.9047e+00
	(2/3) Block 5/64, linear_attn.in_proj_qkv | Initialization via ADMM...
	(3/3) Block 5/64, linear_attn.in_proj_qkv | Tuning Factorized Weights...
		(Epoch 01/02) Block Loss: 2.6650e+00
		(Epoch 02/02) Block Loss: 2.6378e+00
	(1/3) Block 5/64, linear_attn.in_proj_z | Tuning Non-Factorized Weights...
		(Epoch 01/04) Block Loss: 2.6790e+00
		(Epoch 02/04) Block Loss: 2.4955e+00
		(Epoch 03/04) Block Loss: 2.2017e+00
		(Epoch 04/04) Block Loss: 2.0890e+00
	(2/3) Block 5/64, linear_attn.in_proj_z | Initialization via ADMM...
	(3/3) Block 5/64, linear_attn.in_proj_z | Tuning Factorized Weights...
		(Epoch 01/04) Block Loss: 2.2629e+00
		(Epoch 02/04) Block Loss: 2.2380e+00
		(Epoch 03/04) Block Loss: 2.2291e+00
		(Epoch 04/04) Block Loss: 2.2262e+00
	(1/3) Block 5/64, linear_attn.in_proj_b | Tuning Non-Factorized Weights...
		(Epoch 01/04) Block Loss: 2.2943e+00
		(Epoch 02/04) Block Loss: 2.2089e+00
		(Epoch 03/04) Block Loss: 1.9755e+00
		(Epoch 04/04) Block Loss: 1.8980e+00
	(2/3) Block 5/64, linear_attn.in_proj_b | Initialization via ADMM...
	(3/3) Block 5/64, linear_attn.in_proj_b | Tuning Factorized Weights...
		(Epoch 01/04) Block Loss: 1.9136e+00
		(Epoch 02/04) Block Loss: 1.9118e+00
		(Epoch 03/04) Block Loss: 1.9109e+00
		(Epoch 04/04) Block Loss: 1.9106e+00
	(1/3) Block 5/64, linear_attn.in_proj_a | Tuning Non-Factorized Weights...
		(Epoch 01/04) Block Loss: 2.0139e+00
		(Epoch 02/04) Block Loss: 2.0524e+00
		(Epoch 03/04) Block Loss: 1.8124e+00
		(Epoch 04/04) Block Loss: 1.7453e+00
	(2/3) Block 5/64, linear_attn.in_proj_a | Initialization via ADMM...
	(3/3) Block 5/64, linear_attn.in_proj_a | Tuning Factorized Weights...
		(Epoch 01/04) Block Loss: 1.7552e+00
		(Epoch 02/04) Block Loss: 1.7486e+00
		(Epoch 03/04) Block Loss: 1.7473e+00
		(Epoch 04/04) Block Loss: 1.7471e+00
	(1/3) Block 5/64, linear_attn.out_proj | Tuning Non-Factorized Weights...
		(Epoch 01/04) Block Loss: 1.8578e+00
		(Epoch 02/04) Block Loss: 1.9498e+00
		(Epoch 03/04) Block Loss: 1.6968e+00
		(Epoch 04/04) Block Loss: 1.6365e+00
	(2/3) Block 5/64, linear_attn.out_proj | Initialization via ADMM...
	(3/3) Block 5/64, linear_attn.out_proj | Tuning Factorized Weights...
		(Epoch 01/04) Block Loss: 2.0171e+00
		(Epoch 02/04) Block Loss: 2.0091e+00
		(Epoch 03/04) Block Loss: 2.0064e+00
		(Epoch 04/04) Block Loss: 2.0051e+00
	(1/3) Block 5/64, mlp.gate_proj | Tuning Non-Factorized Weights...
		(Epoch 01/06) Block Loss: 2.0159e+00
		(Epoch 02/06) Block Loss: 2.0031e+00
		(Epoch 03/06) Block Loss: 1.8601e+00
		(Epoch 04/06) Block Loss: 1.7475e+00
		(Epoch 05/06) Block Loss: 1.6973e+00
		(Epoch 06/06) Block Loss: 1.6812e+00
	(2/3) Block 5/64, mlp.gate_proj | Initialization via ADMM...
	(3/3) Block 5/64, mlp.gate_proj | Tuning Factorized Weights...
		(Epoch 01/06) Block Loss: 2.3006e+00
		(Epoch 02/06) Block Loss: 2.2279e+00
		(Epoch 03/06) Block Loss: 2.2035e+00
		(Epoch 04/06) Block Loss: 2.1911e+00
		(Epoch 05/06) Block Loss: 2.1845e+00
		(Epoch 06/06) Block Loss: 2.1811e+00
	(1/3) Block 5/64, mlp.up_proj | Tuning Non-Factorized Weights...
		(Epoch 01/08) Block Loss: 2.1662e+00
		(Epoch 02/08) Block Loss: 1.9941e+00
		(Epoch 03/08) Block Loss: 1.9252e+00
		(Epoch 04/08) Block Loss: 1.8699e+00
		(Epoch 05/08) Block Loss: 1.8271e+00
		(Epoch 06/08) Block Loss: 1.7959e+00
		(Epoch 07/08) Block Loss: 1.7802e+00
		(Epoch 08/08) Block Loss: 1.7741e+00
		TuneFP plateau: stopped after 8 epochs
	(2/3) Block 5/64, mlp.up_proj | Initialization via ADMM...
	(3/3) Block 5/64, mlp.up_proj | Tuning Factorized Weights...
		(Epoch 01/08) Block Loss: 2.5906e+00
		(Epoch 02/08) Block Loss: 2.5208e+00
		(Epoch 03/08) Block Loss: 2.4916e+00
		(Epoch 04/08) Block Loss: 2.4728e+00
		(Epoch 05/08) Block Loss: 2.4596e+00
		(Epoch 06/08) Block Loss: 2.4509e+00
		(Epoch 07/08) Block Loss: 2.4457e+00
		(Epoch 08/08) Block Loss: 2.4423e+00
	(1/3) Block 5/64, mlp.down_proj | Tuning Non-Factorized Weights...
		(Epoch 01/08) Block Loss: 2.4113e+00
		(Epoch 02/08) Block Loss: 2.2561e+00
		(Epoch 03/08) Block Loss: 2.1927e+00
		(Epoch 04/08) Block Loss: 2.1534e+00
		(Epoch 05/08) Block Loss: 2.1252e+00
		(Epoch 06/08) Block Loss: 2.1078e+00
		(Epoch 07/08) Block Loss: 2.0971e+00
		TuneFP plateau: stopped after 7 epochs
	(2/3) Block 5/64, mlp.down_proj | Initialization via ADMM...
	(3/3) Block 5/64, mlp.down_proj | Tuning Factorized Weights...
		(Epoch 01/08) Block Loss: 3.2737e+00
		(Epoch 02/08) Block Loss: 3.2556e+00
		(Epoch 03/08) Block Loss: 3.2455e+00
		(Epoch 04/08) Block Loss: 3.2374e+00
		(Epoch 05/08) Block Loss: 3.2319e+00
		(Epoch 06/08) Block Loss: 3.2271e+00
		(Epoch 07/08) Block Loss: 3.2235e+00
		(Epoch 08/08) Block Loss: 3.2205e+00

Compressing Layers:   8%|██████▎                                                                          | 5/64 [29:04<5:38:29, 344.23s/it]	Measured rank curves: 2/2 usable; packed block budget preserved
	(1/3) Block 6/64, linear_attn.in_proj_qkv | Tuning Non-Factorized Weights...
		(Epoch 01/02) Block Loss: 3.2763e+00
		(Epoch 02/02) Block Loss: 2.8920e+00
	(2/3) Block 6/64, linear_attn.in_proj_qkv | Initialization via ADMM...
	(3/3) Block 6/64, linear_attn.in_proj_qkv | Tuning Factorized Weights...
		(Epoch 01/02) Block Loss: 2.8942e+00
		(Epoch 02/02) Block Loss: 2.8707e+00
	(1/3) Block 6/64, linear_attn.in_proj_z | Tuning Non-Factorized Weights...
		(Epoch 01/04) Block Loss: 2.9600e+00
		(Epoch 02/04) Block Loss: 2.8139e+00
		(Epoch 03/04) Block Loss: 2.4555e+00
		(Epoch 04/04) Block Loss: 2.3327e+00
	(2/3) Block 6/64, linear_attn.in_proj_z | Initialization via ADMM...
	(3/3) Block 6/64, linear_attn.in_proj_z | Tuning Factorized Weights...
		(Epoch 01/04) Block Loss: 2.4839e+00
		(Epoch 02/04) Block Loss: 2.4642e+00
		(Epoch 03/04) Block Loss: 2.4585e+00
		(Epoch 04/04) Block Loss: 2.4567e+00
	(1/3) Block 6/64, linear_attn.in_proj_b | Tuning Non-Factorized Weights...
		(Epoch 01/04) Block Loss: 2.5612e+00
		(Epoch 02/04) Block Loss: 2.4522e+00
		(Epoch 03/04) Block Loss: 2.2248e+00
		(Epoch 04/04) Block Loss: 2.1354e+00
	(2/3) Block 6/64, linear_attn.in_proj_b | Initialization via ADMM...
	(3/3) Block 6/64, linear_attn.in_proj_b | Tuning Factorized Weights...
		(Epoch 01/04) Block Loss: 2.1468e+00
		(Epoch 02/04) Block Loss: 2.1443e+00
		(Epoch 03/04) Block Loss: 2.1432e+00
		(Epoch 04/04) Block Loss: 2.1429e+00
	(1/3) Block 6/64, linear_attn.in_proj_a | Tuning Non-Factorized Weights...
		(Epoch 01/04) Block Loss: 2.2870e+00
		(Epoch 02/04) Block Loss: 2.2998e+00
		(Epoch 03/04) Block Loss: 2.0585e+00
		(Epoch 04/04) Block Loss: 1.9811e+00
	(2/3) Block 6/64, linear_attn.in_proj_a | Initialization via ADMM...
	(3/3) Block 6/64, linear_attn.in_proj_a | Tuning Factorized Weights...
		(Epoch 01/04) Block Loss: 1.9848e+00
		(Epoch 02/04) Block Loss: 1.9823e+00
		(Epoch 03/04) Block Loss: 1.9816e+00
		(Epoch 04/04) Block Loss: 1.9813e+00
	(1/3) Block 6/64, linear_attn.out_proj | Tuning Non-Factorized Weights...
		(Epoch 01/04) Block Loss: 2.1248e+00
		(Epoch 02/04) Block Loss: 2.2055e+00
		(Epoch 03/04) Block Loss: 1.9485e+00
		(Epoch 04/04) Block Loss: 1.8741e+00
	(2/3) Block 6/64, linear_attn.out_proj | Initialization via ADMM...
	(3/3) Block 6/64, linear_attn.out_proj | Tuning Factorized Weights...
		(Epoch 01/04) Block Loss: 2.2863e+00
		(Epoch 02/04) Block Loss: 2.2789e+00
		(Epoch 03/04) Block Loss: 2.2763e+00
		(Epoch 04/04) Block Loss: 2.2751e+00
	(1/3) Block 6/64, mlp.gate_proj | Tuning Non-Factorized Weights...
		(Epoch 01/06) Block Loss: 2.3087e+00
		(Epoch 02/06) Block Loss: 2.3030e+00
		(Epoch 03/06) Block Loss: 2.1476e+00
		(Epoch 04/06) Block Loss: 2.0144e+00
		(Epoch 05/06) Block Loss: 1.9614e+00
		(Epoch 06/06) Block Loss: 1.9429e+00
	(2/3) Block 6/64, mlp.gate_proj | Initialization via ADMM...
	(3/3) Block 6/64, mlp.gate_proj | Tuning Factorized Weights...
		(Epoch 01/06) Block Loss: 2.8472e+00
		(Epoch 02/06) Block Loss: 2.6983e+00
		(Epoch 03/06) Block Loss: 2.6515e+00
		(Epoch 04/06) Block Loss: 2.6307e+00
		(Epoch 05/06) Block Loss: 2.6203e+00
		(Epoch 06/06) Block Loss: 2.6158e+00
	(1/3) Block 6/64, mlp.up_proj | Tuning Non-Factorized Weights...
		(Epoch 01/08) Block Loss: 2.5887e+00
		(Epoch 02/08) Block Loss: 2.3635e+00
		(Epoch 03/08) Block Loss: 2.2746e+00
		(Epoch 04/08) Block Loss: 2.2135e+00
		(Epoch 05/08) Block Loss: 2.1695e+00
		(Epoch 06/08) Block Loss: 2.1353e+00
		(Epoch 07/08) Block Loss: 2.1161e+00
		(Epoch 08/08) Block Loss: 2.1088e+00
		TuneFP plateau: stopped after 8 epochs
	(2/3) Block 6/64, mlp.up_proj | Initialization via ADMM...
	(3/3) Block 6/64, mlp.up_proj | Tuning Factorized Weights...
		(Epoch 01/08) Block Loss: 3.1692e+00
		(Epoch 02/08) Block Loss: 3.0476e+00
		(Epoch 03/08) Block Loss: 3.0022e+00
		(Epoch 04/08) Block Loss: 2.9758e+00
		(Epoch 05/08) Block Loss: 2.9583e+00
		(Epoch 06/08) Block Loss: 2.9471e+00
		(Epoch 07/08) Block Loss: 2.9407e+00
		(Epoch 08/08) Block Loss: 2.9367e+00
	(1/3) Block 6/64, mlp.down_proj | Tuning Non-Factorized Weights...
		(Epoch 01/08) Block Loss: 2.8986e+00
		(Epoch 02/08) Block Loss: 2.7154e+00
		(Epoch 03/08) Block Loss: 2.6421e+00
		(Epoch 04/08) Block Loss: 2.5960e+00
		(Epoch 05/08) Block Loss: 2.5631e+00
		(Epoch 06/08) Block Loss: 2.5427e+00
		(Epoch 07/08) Block Loss: 2.5298e+00
		TuneFP plateau: stopped after 7 epochs
	(2/3) Block 6/64, mlp.down_proj | Initialization via ADMM...
	(3/3) Block 6/64, mlp.down_proj | Tuning Factorized Weights...
		(Epoch 01/08) Block Loss: 4.0838e+00
		(Epoch 02/08) Block Loss: 4.0610e+00
		(Epoch 03/08) Block Loss: 4.0490e+00
		(Epoch 04/08) Block Loss: 4.0392e+00
		(Epoch 05/08) Block Loss: 4.0324e+00
		(Epoch 06/08) Block Loss: 4.0267e+00
		(Epoch 07/08) Block Loss: 4.0228e+00
		(Epoch 08/08) Block Loss: 4.0195e+00

Compressing Layers:   9%|███████▌                                                                         | 6/64 [34:58<5:36:00, 347.59s/it]	Measured rank curves: 2/2 usable; packed block budget preserved
	(1/3) Block 7/64, linear_attn.in_proj_qkv | Tuning Non-Factorized Weights...
		(Epoch 01/02) Block Loss: 4.2552e+00
		(Epoch 02/02) Block Loss: 3.7947e+00
	(2/3) Block 7/64, linear_attn.in_proj_qkv | Initialization via ADMM...
	(3/3) Block 7/64, linear_attn.in_proj_qkv | Tuning Factorized Weights...
		(Epoch 01/02) Block Loss: 3.8633e+00
		(Epoch 02/02) Block Loss: 3.8245e+00
	(1/3) Block 7/64, linear_attn.in_proj_z | Tuning Non-Factorized Weights...
		(Epoch 01/04) Block Loss: 4.0092e+00
		(Epoch 02/04) Block Loss: 3.6440e+00
		(Epoch 03/04) Block Loss: 3.1821e+00
		(Epoch 04/04) Block Loss: 3.0475e+00
	(2/3) Block 7/64, linear_attn.in_proj_z | Initialization via ADMM...
	(3/3) Block 7/64, linear_attn.in_proj_z | Tuning Factorized Weights...
		(Epoch 01/04) Block Loss: 3.1895e+00
		(Epoch 02/04) Block Loss: 3.1726e+00
		(Epoch 03/04) Block Loss: 3.1683e+00
		(Epoch 04/04) Block Loss: 3.1669e+00
	(1/3) Block 7/64, linear_attn.in_proj_b | Tuning Non-Factorized Weights...
		(Epoch 01/04) Block Loss: 3.3218e+00
		(Epoch 02/04) Block Loss: 3.1194e+00
		(Epoch 03/04) Block Loss: 2.8579e+00
		(Epoch 04/04) Block Loss: 2.7504e+00
	(2/3) Block 7/64, linear_attn.in_proj_b | Initialization via ADMM...
	(3/3) Block 7/64, linear_attn.in_proj_b | Tuning Factorized Weights...
		(Epoch 01/04) Block Loss: 2.7712e+00
		(Epoch 02/04) Block Loss: 2.7669e+00
		(Epoch 03/04) Block Loss: 2.7648e+00
		(Epoch 04/04) Block Loss: 2.7642e+00
	(1/3) Block 7/64, linear_attn.in_proj_a | Tuning Non-Factorized Weights...
		(Epoch 01/04) Block Loss: 2.9217e+00
		(Epoch 02/04) Block Loss: 2.9132e+00
		(Epoch 03/04) Block Loss: 2.6335e+00
		(Epoch 04/04) Block Loss: 2.5379e+00
	(2/3) Block 7/64, linear_attn.in_proj_a | Initialization via ADMM...
	(3/3) Block 7/64, linear_attn.in_proj_a | Tuning Factorized Weights...
		(Epoch 01/04) Block Loss: 2.5572e+00
		(Epoch 02/04) Block Loss: 2.5461e+00
		(Epoch 03/04) Block Loss: 2.5447e+00
		(Epoch 04/04) Block Loss: 2.5442e+00
	(1/3) Block 7/64, linear_attn.out_proj | Tuning Non-Factorized Weights...
		(Epoch 01/04) Block Loss: 2.7189e+00
		(Epoch 02/04) Block Loss: 2.7790e+00
		(Epoch 03/04) Block Loss: 2.4886e+00
		(Epoch 04/04) Block Loss: 2.3996e+00
	(2/3) Block 7/64, linear_attn.out_proj | Initialization via ADMM...
	(3/3) Block 7/64, linear_attn.out_proj | Tuning Factorized Weights...
		(Epoch 01/04) Block Loss: 2.9154e+00
		(Epoch 02/04) Block Loss: 2.9024e+00
		(Epoch 03/04) Block Loss: 2.8984e+00
		(Epoch 04/04) Block Loss: 2.8967e+00
	(1/3) Block 7/64, mlp.gate_proj | Tuning Non-Factorized Weights...
		(Epoch 01/06) Block Loss: 2.9356e+00
		(Epoch 02/06) Block Loss: 2.8697e+00
		(Epoch 03/06) Block Loss: 2.6995e+00
		(Epoch 04/06) Block Loss: 2.5575e+00
		(Epoch 05/06) Block Loss: 2.4948e+00
		(Epoch 06/06) Block Loss: 2.4716e+00
	(2/3) Block 7/64, mlp.gate_proj | Initialization via ADMM...
	(3/3) Block 7/64, mlp.gate_proj | Tuning Factorized Weights...
		(Epoch 01/06) Block Loss: 3.5080e+00
		(Epoch 02/06) Block Loss: 3.3492e+00
		(Epoch 03/06) Block Loss: 3.3038e+00
		(Epoch 04/06) Block Loss: 3.2836e+00
		(Epoch 05/06) Block Loss: 3.2738e+00
		(Epoch 06/06) Block Loss: 3.2693e+00
	(1/3) Block 7/64, mlp.up_proj | Tuning Non-Factorized Weights...
		(Epoch 01/08) Block Loss: 3.2525e+00
		(Epoch 02/08) Block Loss: 2.9977e+00
		(Epoch 03/08) Block Loss: 2.8939e+00
		(Epoch 04/08) Block Loss: 2.8148e+00
		(Epoch 05/08) Block Loss: 2.7597e+00
		(Epoch 06/08) Block Loss: 2.7211e+00
		(Epoch 07/08) Block Loss: 2.6988e+00
		(Epoch 08/08) Block Loss: 2.6895e+00
		TuneFP plateau: stopped after 8 epochs
	(2/3) Block 7/64, mlp.up_proj | Initialization via ADMM...
	(3/3) Block 7/64, mlp.up_proj | Tuning Factorized Weights...
		(Epoch 01/08) Block Loss: 3.8874e+00
		(Epoch 02/08) Block Loss: 3.7626e+00
		(Epoch 03/08) Block Loss: 3.7193e+00
		(Epoch 04/08) Block Loss: 3.6943e+00
		(Epoch 05/08) Block Loss: 3.6776e+00
		(Epoch 06/08) Block Loss: 3.6669e+00
		(Epoch 07/08) Block Loss: 3.6610e+00
		(Epoch 08/08) Block Loss: 3.6577e+00
	(1/3) Block 7/64, mlp.down_proj | Tuning Non-Factorized Weights...
		(Epoch 01/08) Block Loss: 3.6218e+00
		(Epoch 02/08) Block Loss: 3.4176e+00
		(Epoch 03/08) Block Loss: 3.3352e+00
		(Epoch 04/08) Block Loss: 3.2822e+00
		(Epoch 05/08) Block Loss: 3.2442e+00
		(Epoch 06/08) Block Loss: 3.2201e+00
		(Epoch 07/08) Block Loss: 3.2048e+00
		TuneFP plateau: stopped after 7 epochs
	(2/3) Block 7/64, mlp.down_proj | Initialization via ADMM...
	(3/3) Block 7/64, mlp.down_proj | Tuning Factorized Weights...
		(Epoch 01/08) Block Loss: 5.0386e+00
		(Epoch 02/08) Block Loss: 5.0108e+00
		(Epoch 03/08) Block Loss: 4.9965e+00
		(Epoch 04/08) Block Loss: 4.9859e+00
		(Epoch 05/08) Block Loss: 4.9782e+00
		(Epoch 06/08) Block Loss: 4.9720e+00
		(Epoch 07/08) Block Loss: 4.9678e+00
		(Epoch 08/08) Block Loss: 4.9636e+00

Compressing Layers:  11%|████████▊                                                                        | 7/64 [40:48<5:31:04, 348.49s/it]	Measured rank curves: 2/2 usable; packed block budget preserved
	(1/3) Block 8/64, self_attn.q_proj | Tuning Non-Factorized Weights...
		(Epoch 01/02) Block Loss: 5.2077e+00
		(Epoch 02/02) Block Loss: 4.6422e+00
	(2/3) Block 8/64, self_attn.q_proj | Initialization via ADMM...
	(3/3) Block 8/64, self_attn.q_proj | Tuning Factorized Weights...
		(Epoch 01/02) Block Loss: 4.6804e+00
		(Epoch 02/02) Block Loss: 4.6224e+00
	(1/3) Block 8/64, self_attn.v_proj | Tuning Non-Factorized Weights...
		(Epoch 01/04) Block Loss: 4.8436e+00
		(Epoch 02/04) Block Loss: 4.3705e+00
		(Epoch 03/04) Block Loss: 3.9714e+00
		(Epoch 04/04) Block Loss: 3.8127e+00
	(2/3) Block 8/64, self_attn.v_proj | Initialization via ADMM...
	(3/3) Block 8/64, self_attn.v_proj | Tuning Factorized Weights...
		(Epoch 01/04) Block Loss: 4.3836e+00
		(Epoch 02/04) Block Loss: 4.2644e+00
		(Epoch 03/04) Block Loss: 4.2364e+00
		(Epoch 04/04) Block Loss: 4.2273e+00
	(1/3) Block 8/64, self_attn.k_proj | Tuning Non-Factorized Weights...
		(Epoch 01/02) Block Loss: 4.2327e+00
		(Epoch 02/02) Block Loss: 3.9496e+00
	(2/3) Block 8/64, self_attn.k_proj | Initialization via ADMM...
	(3/3) Block 8/64, self_attn.k_proj | Tuning Factorized Weights...
		(Epoch 01/02) Block Loss: 3.9834e+00
		(Epoch 02/02) Block Loss: 3.9461e+00
	(1/3) Block 8/64, self_attn.o_proj | Tuning Non-Factorized Weights...
		(Epoch 01/04) Block Loss: 4.0744e+00
		(Epoch 02/04) Block Loss: 3.9147e+00
		(Epoch 03/04) Block Loss: 3.6224e+00
		(Epoch 04/04) Block Loss: 3.5198e+00
	(2/3) Block 8/64, self_attn.o_proj | Initialization via ADMM...
	(3/3) Block 8/64, self_attn.o_proj | Tuning Factorized Weights...
		(Epoch 01/04) Block Loss: 3.8230e+00
		(Epoch 02/04) Block Loss: 3.8081e+00
		(Epoch 03/04) Block Loss: 3.8020e+00
		(Epoch 04/04) Block Loss: 3.7997e+00
	(1/3) Block 8/64, mlp.gate_proj | Tuning Non-Factorized Weights...
		(Epoch 01/06) Block Loss: 3.8789e+00
		(Epoch 02/06) Block Loss: 3.7309e+00
		(Epoch 03/06) Block Loss: 3.5846e+00
		(Epoch 04/06) Block Loss: 3.4095e+00
		(Epoch 05/06) Block Loss: 3.3273e+00
		(Epoch 06/06) Block Loss: 3.2994e+00
	(2/3) Block 8/64, mlp.gate_proj | Initialization via ADMM...
	(3/3) Block 8/64, mlp.gate_proj | Tuning Factorized Weights...
		(Epoch 01/06) Block Loss: 4.3940e+00
		(Epoch 02/06) Block Loss: 4.2477e+00
		(Epoch 03/06) Block Loss: 4.2076e+00
		(Epoch 04/06) Block Loss: 4.1888e+00
		(Epoch 05/06) Block Loss: 4.1788e+00
		(Epoch 06/06) Block Loss: 4.1736e+00
	(1/3) Block 8/64, mlp.up_proj | Tuning Non-Factorized Weights...
		(Epoch 01/08) Block Loss: 4.1746e+00
		(Epoch 02/08) Block Loss: 3.8792e+00
		(Epoch 03/08) Block Loss: 3.7533e+00
		(Epoch 04/08) Block Loss: 3.6610e+00
		(Epoch 05/08) Block Loss: 3.5907e+00
		(Epoch 06/08) Block Loss: 3.5433e+00
		(Epoch 07/08) Block Loss: 3.5160e+00
		(Epoch 08/08) Block Loss: 3.5047e+00
		TuneFP plateau: stopped after 8 epochs
	(2/3) Block 8/64, mlp.up_proj | Initialization via ADMM...
	(3/3) Block 8/64, mlp.up_proj | Tuning Factorized Weights...
		(Epoch 01/08) Block Loss: 4.8032e+00
		(Epoch 02/08) Block Loss: 4.6892e+00
		(Epoch 03/08) Block Loss: 4.6467e+00
		(Epoch 04/08) Block Loss: 4.6199e+00
		(Epoch 05/08) Block Loss: 4.6014e+00
		(Epoch 06/08) Block Loss: 4.5891e+00
		(Epoch 07/08) Block Loss: 4.5814e+00
		(Epoch 08/08) Block Loss: 4.5763e+00
	(1/3) Block 8/64, mlp.down_proj | Tuning Non-Factorized Weights...
		(Epoch 01/08) Block Loss: 4.5534e+00
		(Epoch 02/08) Block Loss: 4.3347e+00
		(Epoch 03/08) Block Loss: 4.2415e+00
		(Epoch 04/08) Block Loss: 4.1802e+00
		(Epoch 05/08) Block Loss: 4.1364e+00
		(Epoch 06/08) Block Loss: 4.1084e+00
		(Epoch 07/08) Block Loss: 4.0910e+00
		TuneFP plateau: stopped after 7 epochs
	(2/3) Block 8/64, mlp.down_proj | Initialization via ADMM...
	(3/3) Block 8/64, mlp.down_proj | Tuning Factorized Weights...
		(Epoch 01/08) Block Loss: 5.9313e+00
		(Epoch 02/08) Block Loss: 5.9069e+00
		(Epoch 03/08) Block Loss: 5.8946e+00
		(Epoch 04/08) Block Loss: 5.8849e+00
		(Epoch 05/08) Block Loss: 5.8778e+00
		(Epoch 06/08) Block Loss: 5.8720e+00
		(Epoch 07/08) Block Loss: 5.8679e+00
		(Epoch 08/08) Block Loss: 5.8640e+00

Compressing Layers:  12%|██████████▏                                                                      | 8/64 [46:03<5:15:17, 337.81s/it]	Measured rank curves: 2/2 usable; packed block budget preserved
	(1/3) Block 9/64, linear_attn.in_proj_qkv | Tuning Non-Factorized Weights...
		(Epoch 01/02) Block Loss: 6.1197e+00
		(Epoch 02/02) Block Loss: 5.5714e+00
	(2/3) Block 9/64, linear_attn.in_proj_qkv | Initialization via ADMM...
	(3/3) Block 9/64, linear_attn.in_proj_qkv | Tuning Factorized Weights...
		(Epoch 01/02) Block Loss: 5.6288e+00
		(Epoch 02/02) Block Loss: 5.5761e+00
	(1/3) Block 9/64, linear_attn.in_proj_z | Tuning Non-Factorized Weights...
		(Epoch 01/04) Block Loss: 5.7393e+00
		(Epoch 02/04) Block Loss: 5.3710e+00
		(Epoch 03/04) Block Loss: 4.8810e+00
		(Epoch 04/04) Block Loss: 4.7016e+00
	(2/3) Block 9/64, linear_attn.in_proj_z | Initialization via ADMM...
	(3/3) Block 9/64, linear_attn.in_proj_z | Tuning Factorized Weights...
		(Epoch 01/04) Block Loss: 4.9181e+00
		(Epoch 02/04) Block Loss: 4.8942e+00
		(Epoch 03/04) Block Loss: 4.8881e+00
		(Epoch 04/04) Block Loss: 4.8859e+00
	(1/3) Block 9/64, linear_attn.in_proj_b | Tuning Non-Factorized Weights...
		(Epoch 01/04) Block Loss: 5.0240e+00
		(Epoch 02/04) Block Loss: 4.7831e+00
		(Epoch 03/04) Block Loss: 4.4887e+00
		(Epoch 04/04) Block Loss: 4.3446e+00
	(2/3) Block 9/64, linear_attn.in_proj_b | Initialization via ADMM...
	(3/3) Block 9/64, linear_attn.in_proj_b | Tuning Factorized Weights...
		(Epoch 01/04) Block Loss: 4.3541e+00
		(Epoch 02/04) Block Loss: 4.3514e+00
		(Epoch 03/04) Block Loss: 4.3505e+00
		(Epoch 04/04) Block Loss: 4.3503e+00
	(1/3) Block 9/64, linear_attn.in_proj_a | Tuning Non-Factorized Weights...
		(Epoch 01/04) Block Loss: 4.5345e+00
		(Epoch 02/04) Block Loss: 4.5073e+00
		(Epoch 03/04) Block Loss: 4.1752e+00
		(Epoch 04/04) Block Loss: 4.0481e+00
	(2/3) Block 9/64, linear_attn.in_proj_a | Initialization via ADMM...
	(3/3) Block 9/64, linear_attn.in_proj_a | Tuning Factorized Weights...
		(Epoch 01/04) Block Loss: 4.0513e+00
		(Epoch 02/04) Block Loss: 4.0466e+00
		(Epoch 03/04) Block Loss: 4.0454e+00
		(Epoch 04/04) Block Loss: 4.0451e+00
	(1/3) Block 9/64, linear_attn.out_proj | Tuning Non-Factorized Weights...
		(Epoch 01/04) Block Loss: 4.2376e+00
		(Epoch 02/04) Block Loss: 4.2828e+00
		(Epoch 03/04) Block Loss: 3.9538e+00
		(Epoch 04/04) Block Loss: 3.8367e+00
	(2/3) Block 9/64, linear_attn.out_proj | Initialization via ADMM...
	(3/3) Block 9/64, linear_attn.out_proj | Tuning Factorized Weights...
		(Epoch 01/04) Block Loss: 4.3547e+00
		(Epoch 02/04) Block Loss: 4.3454e+00
		(Epoch 03/04) Block Loss: 4.3419e+00
		(Epoch 04/04) Block Loss: 4.3403e+00
	(1/3) Block 9/64, mlp.gate_proj | Tuning Non-Factorized Weights...
		(Epoch 01/06) Block Loss: 4.4066e+00
		(Epoch 02/06) Block Loss: 4.3922e+00
		(Epoch 03/06) Block Loss: 4.1666e+00
		(Epoch 04/06) Block Loss: 3.9721e+00
		(Epoch 05/06) Block Loss: 3.8904e+00
		(Epoch 06/06) Block Loss: 3.8637e+00
	(2/3) Block 9/64, mlp.gate_proj | Initialization via ADMM...
	(3/3) Block 9/64, mlp.gate_proj | Tuning Factorized Weights...
		(Epoch 01/06) Block Loss: 5.0659e+00
		(Epoch 02/06) Block Loss: 4.9207e+00
		(Epoch 03/06) Block Loss: 4.8804e+00
		(Epoch 04/06) Block Loss: 4.8611e+00
		(Epoch 05/06) Block Loss: 4.8506e+00
		(Epoch 06/06) Block Loss: 4.8452e+00
	(1/3) Block 9/64, mlp.up_proj | Tuning Non-Factorized Weights...
		(Epoch 01/08) Block Loss: 4.8484e+00
		(Epoch 02/08) Block Loss: 4.5504e+00
		(Epoch 03/08) Block Loss: 4.4248e+00
		(Epoch 04/08) Block Loss: 4.3245e+00
		(Epoch 05/08) Block Loss: 4.2481e+00
		(Epoch 06/08) Block Loss: 4.1980e+00
		(Epoch 07/08) Block Loss: 4.1698e+00
		(Epoch 08/08) Block Loss: 4.1582e+00
		TuneFP plateau: stopped after 8 epochs
	(2/3) Block 9/64, mlp.up_proj | Initialization via ADMM...
	(3/3) Block 9/64, mlp.up_proj | Tuning Factorized Weights...
		(Epoch 01/08) Block Loss: 5.5356e+00
		(Epoch 02/08) Block Loss: 5.4245e+00
		(Epoch 03/08) Block Loss: 5.3824e+00
		(Epoch 04/08) Block Loss: 5.3546e+00
		(Epoch 05/08) Block Loss: 5.3354e+00
		(Epoch 06/08) Block Loss: 5.3228e+00
		(Epoch 07/08) Block Loss: 5.3149e+00
		(Epoch 08/08) Block Loss: 5.3099e+00
	(1/3) Block 9/64, mlp.down_proj | Tuning Non-Factorized Weights...
		(Epoch 01/08) Block Loss: 5.2913e+00
		(Epoch 02/08) Block Loss: 5.0616e+00
		(Epoch 03/08) Block Loss: 4.9637e+00
		(Epoch 04/08) Block Loss: 4.8992e+00
		(Epoch 05/08) Block Loss: 4.8534e+00
		(Epoch 06/08) Block Loss: 4.8241e+00
		TuneFP plateau: stopped after 6 epochs
	(2/3) Block 9/64, mlp.down_proj | Initialization via ADMM...
	(3/3) Block 9/64, mlp.down_proj | Tuning Factorized Weights...
		(Epoch 01/08) Block Loss: 6.6947e+00
		(Epoch 02/08) Block Loss: 6.6752e+00
		(Epoch 03/08) Block Loss: 6.6646e+00
		(Epoch 04/08) Block Loss: 6.6557e+00
		(Epoch 05/08) Block Loss: 6.6490e+00
		(Epoch 06/08) Block Loss: 6.6437e+00
		(Epoch 07/08) Block Loss: 6.6394e+00
		(Epoch 08/08) Block Loss: 6.6362e+00

Compressing Layers:  14%|███████████▍                                                                     | 9/64 [51:53<5:12:57, 341.41s/it]	Measured rank curves: 2/2 usable; packed block budget preserved
	(1/3) Block 10/64, linear_attn.in_proj_qkv | Tuning Non-Factorized Weights...
		(Epoch 01/02) Block Loss: 5.6355e+00
		(Epoch 02/02) Block Loss: 5.1368e+00
	(2/3) Block 10/64, linear_attn.in_proj_qkv | Initialization via ADMM...
	(3/3) Block 10/64, linear_attn.in_proj_qkv | Tuning Factorized Weights...
		(Epoch 01/02) Block Loss: 5.2159e+00
		(Epoch 02/02) Block Loss: 5.1902e+00
	(1/3) Block 10/64, linear_attn.in_proj_z | Tuning Non-Factorized Weights...
		(Epoch 01/04) Block Loss: 5.3238e+00
		(Epoch 02/04) Block Loss: 5.0926e+00
		(Epoch 03/04) Block Loss: 4.6286e+00
		(Epoch 04/04) Block Loss: 4.4931e+00
	(2/3) Block 10/64, linear_attn.in_proj_z | Initialization via ADMM...
	(3/3) Block 10/64, linear_attn.in_proj_z | Tuning Factorized Weights...
		(Epoch 01/04) Block Loss: 4.6426e+00
		(Epoch 02/04) Block Loss: 4.6263e+00
		(Epoch 03/04) Block Loss: 4.6226e+00
		(Epoch 04/04) Block Loss: 4.6213e+00
	(1/3) Block 10/64, linear_attn.in_proj_b | Tuning Non-Factorized Weights...
		(Epoch 01/04) Block Loss: 4.7500e+00
		(Epoch 02/04) Block Loss: 4.5248e+00
		(Epoch 03/04) Block Loss: 4.2901e+00
		(Epoch 04/04) Block Loss: 4.1677e+00
	(2/3) Block 10/64, linear_attn.in_proj_b | Initialization via ADMM...
	(3/3) Block 10/64, linear_attn.in_proj_b | Tuning Factorized Weights...
		(Epoch 01/04) Block Loss: 4.1826e+00
		(Epoch 02/04) Block Loss: 4.1788e+00
		(Epoch 03/04) Block Loss: 4.1775e+00
		(Epoch 04/04) Block Loss: 4.1771e+00
	(1/3) Block 10/64, linear_attn.in_proj_a | Tuning Non-Factorized Weights...
		(Epoch 01/04) Block Loss: 4.3310e+00
		(Epoch 02/04) Block Loss: 4.2608e+00
		(Epoch 03/04) Block Loss: 4.0095e+00
		(Epoch 04/04) Block Loss: 3.9016e+00
	(2/3) Block 10/64, linear_attn.in_proj_a | Initialization via ADMM...
	(3/3) Block 10/64, linear_attn.in_proj_a | Tuning Factorized Weights...
		(Epoch 01/04) Block Loss: 3.9033e+00
		(Epoch 02/04) Block Loss: 3.9003e+00
		(Epoch 03/04) Block Loss: 3.8995e+00
		(Epoch 04/04) Block Loss: 3.8992e+00
	(1/3) Block 10/64, linear_attn.out_proj | Tuning Non-Factorized Weights...
		(Epoch 01/04) Block Loss: 4.0682e+00
		(Epoch 02/04) Block Loss: 4.0633e+00
		(Epoch 03/04) Block Loss: 3.8103e+00
		(Epoch 04/04) Block Loss: 3.7125e+00
	(2/3) Block 10/64, linear_attn.out_proj | Initialization via ADMM...
	(3/3) Block 10/64, linear_attn.out_proj | Tuning Factorized Weights...
		(Epoch 01/04) Block Loss: 4.1764e+00
		(Epoch 02/04) Block Loss: 4.1699e+00
		(Epoch 03/04) Block Loss: 4.1672e+00
		(Epoch 04/04) Block Loss: 4.1658e+00
	(1/3) Block 10/64, mlp.gate_proj | Tuning Non-Factorized Weights...
		(Epoch 01/06) Block Loss: 4.2255e+00
		(Epoch 02/06) Block Loss: 4.1636e+00
		(Epoch 03/06) Block Loss: 3.9949e+00
		(Epoch 04/06) Block Loss: 3.8346e+00
		(Epoch 05/06) Block Loss: 3.7646e+00
		(Epoch 06/06) Block Loss: 3.7412e+00
	(2/3) Block 10/64, mlp.gate_proj | Initialization via ADMM...
	(3/3) Block 10/64, mlp.gate_proj | Tuning Factorized Weights...
		(Epoch 01/06) Block Loss: 4.7745e+00
		(Epoch 02/06) Block Loss: 4.6474e+00
		(Epoch 03/06) Block Loss: 4.6146e+00
		(Epoch 04/06) Block Loss: 4.5984e+00
		(Epoch 05/06) Block Loss: 4.5895e+00
		(Epoch 06/06) Block Loss: 4.5845e+00
	(1/3) Block 10/64, mlp.up_proj | Tuning Non-Factorized Weights...
		(Epoch 01/08) Block Loss: 4.5924e+00
		(Epoch 02/08) Block Loss: 4.3314e+00
		(Epoch 03/08) Block Loss: 4.2179e+00
		(Epoch 04/08) Block Loss: 4.1383e+00
		(Epoch 05/08) Block Loss: 4.0760e+00
		(Epoch 06/08) Block Loss: 4.0334e+00
		(Epoch 07/08) Block Loss: 4.0090e+00
		(Epoch 08/08) Block Loss: 3.9986e+00
		TuneFP plateau: stopped after 8 epochs
	(2/3) Block 10/64, mlp.up_proj | Initialization via ADMM...
	(3/3) Block 10/64, mlp.up_proj | Tuning Factorized Weights...
		(Epoch 01/08) Block Loss: 5.1441e+00
		(Epoch 02/08) Block Loss: 5.0515e+00
		(Epoch 03/08) Block Loss: 5.0179e+00
		(Epoch 04/08) Block Loss: 4.9955e+00
		(Epoch 05/08) Block Loss: 4.9798e+00
		(Epoch 06/08) Block Loss: 4.9695e+00
		(Epoch 07/08) Block Loss: 4.9630e+00
		(Epoch 08/08) Block Loss: 4.9588e+00
	(1/3) Block 10/64, mlp.down_proj | Tuning Non-Factorized Weights...
		(Epoch 01/08) Block Loss: 4.9473e+00
		(Epoch 02/08) Block Loss: 4.7611e+00
		(Epoch 03/08) Block Loss: 4.6814e+00
		(Epoch 04/08) Block Loss: 4.6286e+00
		(Epoch 05/08) Block Loss: 4.5905e+00
		(Epoch 06/08) Block Loss: 4.5658e+00
		TuneFP plateau: stopped after 6 epochs
	(2/3) Block 10/64, mlp.down_proj | Initialization via ADMM...
	(3/3) Block 10/64, mlp.down_proj | Tuning Factorized Weights...
		(Epoch 01/08) Block Loss: 6.1331e+00
		(Epoch 02/08) Block Loss: 6.1151e+00
		(Epoch 03/08) Block Loss: 6.1048e+00
		(Epoch 04/08) Block Loss: 6.0965e+00
		(Epoch 05/08) Block Loss: 6.0903e+00
		(Epoch 06/08) Block Loss: 6.0854e+00
		(Epoch 07/08) Block Loss: 6.0816e+00
		(Epoch 08/08) Block Loss: 6.0786e+00

Compressing Layers:  16%|████████████▌                                                                   | 10/64 [57:42<5:09:33, 343.96s/it]	Measured rank curves: 2/2 usable; packed block budget preserved
	(1/3) Block 11/64, linear_attn.in_proj_qkv | Tuning Non-Factorized Weights...
		(Epoch 01/02) Block Loss: 5.6256e+00
		(Epoch 02/02) Block Loss: 5.2009e+00
	(2/3) Block 11/64, linear_attn.in_proj_qkv | Initialization via ADMM...
	(3/3) Block 11/64, linear_attn.in_proj_qkv | Tuning Factorized Weights...
		(Epoch 01/02) Block Loss: 5.3179e+00
		(Epoch 02/02) Block Loss: 5.2864e+00
	(1/3) Block 11/64, linear_attn.in_proj_z | Tuning Non-Factorized Weights...
		(Epoch 01/04) Block Loss: 5.3766e+00
		(Epoch 02/04) Block Loss: 5.1097e+00
		(Epoch 03/04) Block Loss: 4.7398e+00
		(Epoch 04/04) Block Loss: 4.6103e+00
	(2/3) Block 11/64, linear_attn.in_proj_z | Initialization via ADMM...
	(3/3) Block 11/64, linear_attn.in_proj_z | Tuning Factorized Weights...
		(Epoch 01/04) Block Loss: 4.7638e+00
		(Epoch 02/04) Block Loss: 4.7487e+00
		(Epoch 03/04) Block Loss: 4.7450e+00
		(Epoch 04/04) Block Loss: 4.7437e+00
	(1/3) Block 11/64, linear_attn.in_proj_b | Tuning Non-Factorized Weights...
		(Epoch 01/04) Block Loss: 4.8909e+00
		(Epoch 02/04) Block Loss: 4.6167e+00
		(Epoch 03/04) Block Loss: 4.4206e+00
		(Epoch 04/04) Block Loss: 4.3194e+00
	(2/3) Block 11/64, linear_attn.in_proj_b | Initialization via ADMM...
	(3/3) Block 11/64, linear_attn.in_proj_b | Tuning Factorized Weights...
		(Epoch 01/04) Block Loss: 4.3531e+00
		(Epoch 02/04) Block Loss: 4.3450e+00
		(Epoch 03/04) Block Loss: 4.3425e+00
		(Epoch 04/04) Block Loss: 4.3418e+00
	(1/3) Block 11/64, linear_attn.in_proj_a | Tuning Non-Factorized Weights...
		(Epoch 01/04) Block Loss: 4.5180e+00
		(Epoch 02/04) Block Loss: 4.3423e+00
		(Epoch 03/04) Block Loss: 4.1637e+00
		(Epoch 04/04) Block Loss: 4.0751e+00
	(2/3) Block 11/64, linear_attn.in_proj_a | Initialization via ADMM...
	(3/3) Block 11/64, linear_attn.in_proj_a | Tuning Factorized Weights...
		(Epoch 01/04) Block Loss: 4.0851e+00
		(Epoch 02/04) Block Loss: 4.0793e+00
		(Epoch 03/04) Block Loss: 4.0782e+00
		(Epoch 04/04) Block Loss: 4.0779e+00
	(1/3) Block 11/64, linear_attn.out_proj | Tuning Non-Factorized Weights...
		(Epoch 01/04) Block Loss: 4.2572e+00
		(Epoch 02/04) Block Loss: 4.1529e+00
		(Epoch 03/04) Block Loss: 3.9743e+00
		(Epoch 04/04) Block Loss: 3.8891e+00
	(2/3) Block 11/64, linear_attn.out_proj | Initialization via ADMM...
	(3/3) Block 11/64, linear_attn.out_proj | Tuning Factorized Weights...
		(Epoch 01/04) Block Loss: 4.3441e+00
		(Epoch 02/04) Block Loss: 4.3370e+00
		(Epoch 03/04) Block Loss: 4.3339e+00
		(Epoch 04/04) Block Loss: 4.3324e+00
	(1/3) Block 11/64, mlp.gate_proj | Tuning Non-Factorized Weights...
		(Epoch 01/06) Block Loss: 4.3888e+00
		(Epoch 02/06) Block Loss: 4.2578e+00
		(Epoch 03/06) Block Loss: 4.1282e+00
		(Epoch 04/06) Block Loss: 3.9996e+00
		(Epoch 05/06) Block Loss: 3.9312e+00
		(Epoch 06/06) Block Loss: 3.9080e+00
	(2/3) Block 11/64, mlp.gate_proj | Initialization via ADMM...
	(3/3) Block 11/64, mlp.gate_proj | Tuning Factorized Weights...
		(Epoch 01/06) Block Loss: 4.8310e+00
		(Epoch 02/06) Block Loss: 4.7339e+00
		(Epoch 03/06) Block Loss: 4.7087e+00
		(Epoch 04/06) Block Loss: 4.6955e+00
		(Epoch 05/06) Block Loss: 4.6883e+00
		(Epoch 06/06) Block Loss: 4.6844e+00
	(1/3) Block 11/64, mlp.up_proj | Tuning Non-Factorized Weights...
		(Epoch 01/08) Block Loss: 4.6964e+00
		(Epoch 02/08) Block Loss: 4.4556e+00
		(Epoch 03/08) Block Loss: 4.3502e+00
		(Epoch 04/08) Block Loss: 4.2761e+00
		(Epoch 05/08) Block Loss: 4.2191e+00
		(Epoch 06/08) Block Loss: 4.1793e+00
		(Epoch 07/08) Block Loss: 4.1556e+00
		TuneFP plateau: stopped after 7 epochs
	(2/3) Block 11/64, mlp.up_proj | Initialization via ADMM...
	(3/3) Block 11/64, mlp.up_proj | Tuning Factorized Weights...
		(Epoch 01/08) Block Loss: 5.1939e+00
		(Epoch 02/08) Block Loss: 5.1089e+00
		(Epoch 03/08) Block Loss: 5.0782e+00
		(Epoch 04/08) Block Loss: 5.0583e+00
		(Epoch 05/08) Block Loss: 5.0448e+00
		(Epoch 06/08) Block Loss: 5.0356e+00
		(Epoch 07/08) Block Loss: 5.0297e+00
		(Epoch 08/08) Block Loss: 5.0258e+00
	(1/3) Block 11/64, mlp.down_proj | Tuning Non-Factorized Weights...
		(Epoch 01/08) Block Loss: 5.0184e+00
		(Epoch 02/08) Block Loss: 4.8506e+00
		(Epoch 03/08) Block Loss: 4.7794e+00
		(Epoch 04/08) Block Loss: 4.7317e+00
		(Epoch 05/08) Block Loss: 4.6968e+00
		TuneFP plateau: stopped after 5 epochs
	(2/3) Block 11/64, mlp.down_proj | Initialization via ADMM...
	(3/3) Block 11/64, mlp.down_proj | Tuning Factorized Weights...
		(Epoch 01/08) Block Loss: 6.2016e+00
		(Epoch 02/08) Block Loss: 6.1812e+00
		(Epoch 03/08) Block Loss: 6.1693e+00
		(Epoch 04/08) Block Loss: 6.1598e+00
		(Epoch 05/08) Block Loss: 6.1532e+00
		(Epoch 06/08) Block Loss: 6.1479e+00
		(Epoch 07/08) Block Loss: 6.1438e+00
		(Epoch 08/08) Block Loss: 6.1408e+00

Compressing Layers:  17%|█████████████▍                                                                | 11/64 [1:03:29<5:04:34, 344.81s/it]	Measured rank curves: 2/2 usable; packed block budget preserved
	(1/3) Block 12/64, self_attn.q_proj | Tuning Non-Factorized Weights...
		(Epoch 01/02) Block Loss: 5.7837e+00
		(Epoch 02/02) Block Loss: 5.2201e+00
	(2/3) Block 12/64, self_attn.q_proj | Initialization via ADMM...
	(3/3) Block 12/64, self_attn.q_proj | Tuning Factorized Weights...
		(Epoch 01/02) Block Loss: 5.2656e+00
		(Epoch 02/02) Block Loss: 5.2372e+00
	(1/3) Block 12/64, self_attn.v_proj | Tuning Non-Factorized Weights...
		(Epoch 01/04) Block Loss: 5.5426e+00
		(Epoch 02/04) Block Loss: 5.0266e+00
		(Epoch 03/04) Block Loss: 4.7268e+00
		(Epoch 04/04) Block Loss: 4.6124e+00
	(2/3) Block 12/64, self_attn.v_proj | Initialization via ADMM...
	(3/3) Block 12/64, self_attn.v_proj | Tuning Factorized Weights...
		(Epoch 01/04) Block Loss: 5.1141e+00
		(Epoch 02/04) Block Loss: 5.0121e+00
		(Epoch 03/04) Block Loss: 4.9940e+00
		(Epoch 04/04) Block Loss: 4.9888e+00
	(1/3) Block 12/64, self_attn.k_proj | Tuning Non-Factorized Weights...
		(Epoch 01/02) Block Loss: 4.9944e+00
		(Epoch 02/02) Block Loss: 4.6998e+00
	(2/3) Block 12/64, self_attn.k_proj | Initialization via ADMM...
	(3/3) Block 12/64, self_attn.k_proj | Tuning Factorized Weights...
		(Epoch 01/02) Block Loss: 4.7407e+00
		(Epoch 02/02) Block Loss: 4.7237e+00
	(1/3) Block 12/64, self_attn.o_proj | Tuning Non-Factorized Weights...
		(Epoch 01/04) Block Loss: 4.8524e+00
		(Epoch 02/04) Block Loss: 4.6390e+00
		(Epoch 03/04) Block Loss: 4.4402e+00
		(Epoch 04/04) Block Loss: 4.3561e+00
	(2/3) Block 12/64, self_attn.o_proj | Initialization via ADMM...
	(3/3) Block 12/64, self_attn.o_proj | Tuning Factorized Weights...
		(Epoch 01/04) Block Loss: 4.6519e+00
		(Epoch 02/04) Block Loss: 4.6368e+00
		(Epoch 03/04) Block Loss: 4.6300e+00
		(Epoch 04/04) Block Loss: 4.6275e+00
	(1/3) Block 12/64, mlp.gate_proj | Tuning Non-Factorized Weights...
		(Epoch 01/06) Block Loss: 4.7114e+00
		(Epoch 02/06) Block Loss: 4.5010e+00
		(Epoch 03/06) Block Loss: 4.3834e+00
		(Epoch 04/06) Block Loss: 4.2645e+00
		(Epoch 05/06) Block Loss: 4.1937e+00
		(Epoch 06/06) Block Loss: 4.1682e+00
	(2/3) Block 12/64, mlp.gate_proj | Initialization via ADMM...
	(3/3) Block 12/64, mlp.gate_proj | Tuning Factorized Weights...
		(Epoch 01/06) Block Loss: 4.9734e+00
		(Epoch 02/06) Block Loss: 4.8939e+00
		(Epoch 03/06) Block Loss: 4.8740e+00
		(Epoch 04/06) Block Loss: 4.8628e+00
		(Epoch 05/06) Block Loss: 4.8566e+00
		(Epoch 06/06) Block Loss: 4.8532e+00
	(1/3) Block 12/64, mlp.up_proj | Tuning Non-Factorized Weights...
		(Epoch 01/08) Block Loss: 4.8777e+00
		(Epoch 02/08) Block Loss: 4.6485e+00
		(Epoch 03/08) Block Loss: 4.5434e+00
		(Epoch 04/08) Block Loss: 4.4680e+00
		(Epoch 05/08) Block Loss: 4.4096e+00
		(Epoch 06/08) Block Loss: 4.3691e+00
		(Epoch 07/08) Block Loss: 4.3448e+00
		TuneFP plateau: stopped after 7 epochs
	(2/3) Block 12/64, mlp.up_proj | Initialization via ADMM...
	(3/3) Block 12/64, mlp.up_proj | Tuning Factorized Weights...
		(Epoch 01/08) Block Loss: 5.2703e+00
		(Epoch 02/08) Block Loss: 5.2030e+00
		(Epoch 03/08) Block Loss: 5.1779e+00
		(Epoch 04/08) Block Loss: 5.1606e+00
		(Epoch 05/08) Block Loss: 5.1486e+00
		(Epoch 06/08) Block Loss: 5.1406e+00
		(Epoch 07/08) Block Loss: 5.1357e+00
		(Epoch 08/08) Block Loss: 5.1327e+00
	(1/3) Block 12/64, mlp.down_proj | Tuning Non-Factorized Weights...
		(Epoch 01/08) Block Loss: 5.1314e+00
		(Epoch 02/08) Block Loss: 4.9776e+00
		(Epoch 03/08) Block Loss: 4.9113e+00
		(Epoch 04/08) Block Loss: 4.8661e+00
		(Epoch 05/08) Block Loss: 4.8330e+00
		TuneFP plateau: stopped after 5 epochs
	(2/3) Block 12/64, mlp.down_proj | Initialization via ADMM...
	(3/3) Block 12/64, mlp.down_proj | Tuning Factorized Weights...
		(Epoch 01/08) Block Loss: 6.2156e+00
		(Epoch 02/08) Block Loss: 6.1977e+00
		(Epoch 03/08) Block Loss: 6.1870e+00
		(Epoch 04/08) Block Loss: 6.1787e+00
		(Epoch 05/08) Block Loss: 6.1726e+00
		(Epoch 06/08) Block Loss: 6.1678e+00
		(Epoch 07/08) Block Loss: 6.1642e+00
		(Epoch 08/08) Block Loss: 6.1615e+00

Compressing Layers:  19%|██████████████▋                                                               | 12/64 [1:08:37<4:49:14, 333.74s/it]	Measured rank curves: 2/2 usable; packed block budget preserved
	(1/3) Block 13/64, linear_attn.in_proj_qkv | Tuning Non-Factorized Weights...
		(Epoch 01/02) Block Loss: 5.3833e+00
		(Epoch 02/02) Block Loss: 4.8924e+00
	(2/3) Block 13/64, linear_attn.in_proj_qkv | Initialization via ADMM...
	(3/3) Block 13/64, linear_attn.in_proj_qkv | Tuning Factorized Weights...
		(Epoch 01/02) Block Loss: 5.0472e+00
		(Epoch 02/02) Block Loss: 5.0218e+00
	(1/3) Block 13/64, linear_attn.in_proj_z | Tuning Non-Factorized Weights...
		(Epoch 01/04) Block Loss: 5.1715e+00
		(Epoch 02/04) Block Loss: 4.7323e+00
		(Epoch 03/04) Block Loss: 4.4983e+00
		(Epoch 04/04) Block Loss: 4.3982e+00
	(2/3) Block 13/64, linear_attn.in_proj_z | Initialization via ADMM...
	(3/3) Block 13/64, linear_attn.in_proj_z | Tuning Factorized Weights...
		(Epoch 01/04) Block Loss: 4.5546e+00
		(Epoch 02/04) Block Loss: 4.5431e+00
		(Epoch 03/04) Block Loss: 4.5405e+00
		(Epoch 04/04) Block Loss: 4.5394e+00
	(1/3) Block 13/64, linear_attn.in_proj_b | Tuning Non-Factorized Weights...
		(Epoch 01/04) Block Loss: 4.6720e+00
		(Epoch 02/04) Block Loss: 4.4070e+00
		(Epoch 03/04) Block Loss: 4.2404e+00
		(Epoch 04/04) Block Loss: 4.1643e+00
	(2/3) Block 13/64, linear_attn.in_proj_b | Initialization via ADMM...
	(3/3) Block 13/64, linear_attn.in_proj_b | Tuning Factorized Weights...
		(Epoch 01/04) Block Loss: 4.1868e+00
		(Epoch 02/04) Block Loss: 4.1831e+00
		(Epoch 03/04) Block Loss: 4.1813e+00
		(Epoch 04/04) Block Loss: 4.1808e+00
	(1/3) Block 13/64, linear_attn.in_proj_a | Tuning Non-Factorized Weights...
		(Epoch 01/04) Block Loss: 4.3475e+00
		(Epoch 02/04) Block Loss: 4.1384e+00
		(Epoch 03/04) Block Loss: 4.0085e+00
		(Epoch 04/04) Block Loss: 3.9424e+00
	(2/3) Block 13/64, linear_attn.in_proj_a | Initialization via ADMM...
	(3/3) Block 13/64, linear_attn.in_proj_a | Tuning Factorized Weights...
		(Epoch 01/04) Block Loss: 3.9508e+00
		(Epoch 02/04) Block Loss: 3.9439e+00
		(Epoch 03/04) Block Loss: 3.9425e+00
		(Epoch 04/04) Block Loss: 3.9420e+00
	(1/3) Block 13/64, linear_attn.out_proj | Tuning Non-Factorized Weights...
		(Epoch 01/04) Block Loss: 4.1167e+00
		(Epoch 02/04) Block Loss: 3.9555e+00
		(Epoch 03/04) Block Loss: 3.8376e+00
		(Epoch 04/04) Block Loss: 3.7744e+00
	(2/3) Block 13/64, linear_attn.out_proj | Initialization via ADMM...
	(3/3) Block 13/64, linear_attn.out_proj | Tuning Factorized Weights...
		(Epoch 01/04) Block Loss: 4.2128e+00
		(Epoch 02/04) Block Loss: 4.2050e+00
		(Epoch 03/04) Block Loss: 4.2019e+00
		(Epoch 04/04) Block Loss: 4.2004e+00
	(1/3) Block 13/64, mlp.gate_proj | Tuning Non-Factorized Weights...
		(Epoch 01/06) Block Loss: 4.2551e+00
		(Epoch 02/06) Block Loss: 4.0720e+00
		(Epoch 03/06) Block Loss: 3.9664e+00
		(Epoch 04/06) Block Loss: 3.8840e+00
		(Epoch 05/06) Block Loss: 3.8294e+00
		(Epoch 06/06) Block Loss: 3.8080e+00
	(2/3) Block 13/64, mlp.gate_proj | Initialization via ADMM...
	(3/3) Block 13/64, mlp.gate_proj | Tuning Factorized Weights...
		(Epoch 01/06) Block Loss: 4.5932e+00
		(Epoch 02/06) Block Loss: 4.5169e+00
		(Epoch 03/06) Block Loss: 4.4975e+00
		(Epoch 04/06) Block Loss: 4.4866e+00
		(Epoch 05/06) Block Loss: 4.4806e+00
		(Epoch 06/06) Block Loss: 4.4773e+00
	(1/3) Block 13/64, mlp.up_proj | Tuning Non-Factorized Weights...
		(Epoch 01/08) Block Loss: 4.4993e+00
		(Epoch 02/08) Block Loss: 4.2998e+00
		(Epoch 03/08) Block Loss: 4.2111e+00
		(Epoch 04/08) Block Loss: 4.1498e+00
		(Epoch 05/08) Block Loss: 4.1011e+00
		(Epoch 06/08) Block Loss: 4.0677e+00
		(Epoch 07/08) Block Loss: 4.0466e+00
		TuneFP plateau: stopped after 7 epochs
	(2/3) Block 13/64, mlp.up_proj | Initialization via ADMM...
	(3/3) Block 13/64, mlp.up_proj | Tuning Factorized Weights...
		(Epoch 01/08) Block Loss: 4.9142e+00
		(Epoch 02/08) Block Loss: 4.8551e+00
		(Epoch 03/08) Block Loss: 4.8309e+00
		(Epoch 04/08) Block Loss: 4.8146e+00
		(Epoch 05/08) Block Loss: 4.8035e+00
		(Epoch 06/08) Block Loss: 4.7958e+00
		(Epoch 07/08) Block Loss: 4.7908e+00
		(Epoch 08/08) Block Loss: 4.7873e+00
	(1/3) Block 13/64, mlp.down_proj | Tuning Non-Factorized Weights...
		(Epoch 01/08) Block Loss: 4.7851e+00
		(Epoch 02/08) Block Loss: 4.6496e+00
		(Epoch 03/08) Block Loss: 4.5925e+00
		(Epoch 04/08) Block Loss: 4.5533e+00
		(Epoch 05/08) Block Loss: 4.5245e+00
		TuneFP plateau: stopped after 5 epochs
	(2/3) Block 13/64, mlp.down_proj | Initialization via ADMM...
	(3/3) Block 13/64, mlp.down_proj | Tuning Factorized Weights...
		(Epoch 01/08) Block Loss: 5.8740e+00
		(Epoch 02/08) Block Loss: 5.8570e+00
		(Epoch 03/08) Block Loss: 5.8458e+00
		(Epoch 04/08) Block Loss: 5.8368e+00
		(Epoch 05/08) Block Loss: 5.8305e+00
		(Epoch 06/08) Block Loss: 5.8253e+00
		(Epoch 07/08) Block Loss: 5.8217e+00
		(Epoch 08/08) Block Loss: 5.8191e+00

Compressing Layers:  20%|███████████████▊                                                              | 13/64 [1:14:34<4:49:38, 340.75s/it]	Measured rank curves: 2/2 usable; packed block budget preserved
	(1/3) Block 14/64, linear_attn.in_proj_qkv | Tuning Non-Factorized Weights...
		(Epoch 01/02) Block Loss: 5.1755e+00
		(Epoch 02/02) Block Loss: 4.7128e+00
	(2/3) Block 14/64, linear_attn.in_proj_qkv | Initialization via ADMM...
	(3/3) Block 14/64, linear_attn.in_proj_qkv | Tuning Factorized Weights...
		(Epoch 01/02) Block Loss: 4.9145e+00
		(Epoch 02/02) Block Loss: 4.8937e+00
	(1/3) Block 14/64, linear_attn.in_proj_z | Tuning Non-Factorized Weights...
		(Epoch 01/04) Block Loss: 5.0064e+00
		(Epoch 02/04) Block Loss: 4.6123e+00
		(Epoch 03/04) Block Loss: 4.4046e+00
		(Epoch 04/04) Block Loss: 4.3189e+00
	(2/3) Block 14/64, linear_attn.in_proj_z | Initialization via ADMM...
	(3/3) Block 14/64, linear_attn.in_proj_z | Tuning Factorized Weights...
		(Epoch 01/04) Block Loss: 4.4193e+00
		(Epoch 02/04) Block Loss: 4.4122e+00
		(Epoch 03/04) Block Loss: 4.4107e+00
		(Epoch 04/04) Block Loss: 4.4102e+00
	(1/3) Block 14/64, linear_attn.in_proj_b | Tuning Non-Factorized Weights...
		(Epoch 01/04) Block Loss: 4.5528e+00
		(Epoch 02/04) Block Loss: 4.2886e+00
		(Epoch 03/04) Block Loss: 4.1476e+00
		(Epoch 04/04) Block Loss: 4.0800e+00
	(2/3) Block 14/64, linear_attn.in_proj_b | Initialization via ADMM...
	(3/3) Block 14/64, linear_attn.in_proj_b | Tuning Factorized Weights...
		(Epoch 01/04) Block Loss: 4.1033e+00
		(Epoch 02/04) Block Loss: 4.0991e+00
		(Epoch 03/04) Block Loss: 4.0973e+00
		(Epoch 04/04) Block Loss: 4.0968e+00
	(1/3) Block 14/64, linear_attn.in_proj_a | Tuning Non-Factorized Weights...
		(Epoch 01/04) Block Loss: 4.2566e+00
		(Epoch 02/04) Block Loss: 4.0584e+00
		(Epoch 03/04) Block Loss: 3.9434e+00
		(Epoch 04/04) Block Loss: 3.8811e+00
	(2/3) Block 14/64, linear_attn.in_proj_a | Initialization via ADMM...
	(3/3) Block 14/64, linear_attn.in_proj_a | Tuning Factorized Weights...
		(Epoch 01/04) Block Loss: 3.9033e+00
		(Epoch 02/04) Block Loss: 3.8961e+00
		(Epoch 03/04) Block Loss: 3.8942e+00
		(Epoch 04/04) Block Loss: 3.8937e+00
	(1/3) Block 14/64, linear_attn.out_proj | Tuning Non-Factorized Weights...
		(Epoch 01/04) Block Loss: 4.0607e+00
		(Epoch 02/04) Block Loss: 3.8986e+00
		(Epoch 03/04) Block Loss: 3.7907e+00
		(Epoch 04/04) Block Loss: 3.7346e+00
	(2/3) Block 14/64, linear_attn.out_proj | Initialization via ADMM...
	(3/3) Block 14/64, linear_attn.out_proj | Tuning Factorized Weights...
		(Epoch 01/04) Block Loss: 4.1488e+00
		(Epoch 02/04) Block Loss: 4.1418e+00
		(Epoch 03/04) Block Loss: 4.1391e+00
		(Epoch 04/04) Block Loss: 4.1376e+00
	(1/3) Block 14/64, mlp.gate_proj | Tuning Non-Factorized Weights...
		(Epoch 01/06) Block Loss: 4.2012e+00
		(Epoch 02/06) Block Loss: 4.0311e+00
		(Epoch 03/06) Block Loss: 3.9302e+00
		(Epoch 04/06) Block Loss: 3.8533e+00
		(Epoch 05/06) Block Loss: 3.8052e+00
		(Epoch 06/06) Block Loss: 3.7851e+00
	(2/3) Block 14/64, mlp.gate_proj | Initialization via ADMM...
	(3/3) Block 14/64, mlp.gate_proj | Tuning Factorized Weights...
		(Epoch 01/06) Block Loss: 4.5178e+00
		(Epoch 02/06) Block Loss: 4.4514e+00
		(Epoch 03/06) Block Loss: 4.4334e+00
		(Epoch 04/06) Block Loss: 4.4229e+00
		(Epoch 05/06) Block Loss: 4.4170e+00
		(Epoch 06/06) Block Loss: 4.4134e+00
	(1/3) Block 14/64, mlp.up_proj | Tuning Non-Factorized Weights...
		(Epoch 01/08) Block Loss: 4.4412e+00
		(Epoch 02/08) Block Loss: 4.2572e+00
		(Epoch 03/08) Block Loss: 4.1749e+00
		(Epoch 04/08) Block Loss: 4.1176e+00
		(Epoch 05/08) Block Loss: 4.0727e+00
		(Epoch 06/08) Block Loss: 4.0418e+00
		(Epoch 07/08) Block Loss: 4.0219e+00
		TuneFP plateau: stopped after 7 epochs
	(2/3) Block 14/64, mlp.up_proj | Initialization via ADMM...
	(3/3) Block 14/64, mlp.up_proj | Tuning Factorized Weights...
		(Epoch 01/08) Block Loss: 4.8398e+00
		(Epoch 02/08) Block Loss: 4.7873e+00
		(Epoch 03/08) Block Loss: 4.7640e+00
		(Epoch 04/08) Block Loss: 4.7479e+00
		(Epoch 05/08) Block Loss: 4.7368e+00
		(Epoch 06/08) Block Loss: 4.7295e+00
		(Epoch 07/08) Block Loss: 4.7247e+00
		(Epoch 08/08) Block Loss: 4.7217e+00
	(1/3) Block 14/64, mlp.down_proj | Tuning Non-Factorized Weights...
		(Epoch 01/08) Block Loss: 4.7222e+00
		(Epoch 02/08) Block Loss: 4.5974e+00
		(Epoch 03/08) Block Loss: 4.5452e+00
		(Epoch 04/08) Block Loss: 4.5091e+00
		(Epoch 05/08) Block Loss: 4.4825e+00
		TuneFP plateau: stopped after 5 epochs
	(2/3) Block 14/64, mlp.down_proj | Initialization via ADMM...
	(3/3) Block 14/64, mlp.down_proj | Tuning Factorized Weights...
		(Epoch 01/08) Block Loss: 5.7450e+00
		(Epoch 02/08) Block Loss: 5.7310e+00
		(Epoch 03/08) Block Loss: 5.7210e+00
		(Epoch 04/08) Block Loss: 5.7128e+00
		(Epoch 05/08) Block Loss: 5.7071e+00
		(Epoch 06/08) Block Loss: 5.7025e+00
		(Epoch 07/08) Block Loss: 5.6992e+00
		(Epoch 08/08) Block Loss: 5.6971e+00

Compressing Layers:  22%|█████████████████                                                             | 14/64 [1:20:20<4:45:14, 342.29s/it]	Measured rank curves: 2/2 usable; packed block budget preserved
	(1/3) Block 15/64, linear_attn.in_proj_qkv | Tuning Non-Factorized Weights...
		(Epoch 01/02) Block Loss: 4.8522e+00
		(Epoch 02/02) Block Loss: 4.4271e+00
	(2/3) Block 15/64, linear_attn.in_proj_qkv | Initialization via ADMM...
	(3/3) Block 15/64, linear_attn.in_proj_qkv | Tuning Factorized Weights...
		(Epoch 01/02) Block Loss: 4.5589e+00
		(Epoch 02/02) Block Loss: 4.5439e+00
	(1/3) Block 15/64, linear_attn.in_proj_z | Tuning Non-Factorized Weights...
		(Epoch 01/04) Block Loss: 4.6613e+00
		(Epoch 02/04) Block Loss: 4.2661e+00
		(Epoch 03/04) Block Loss: 4.0836e+00
		(Epoch 04/04) Block Loss: 4.0074e+00
	(2/3) Block 15/64, linear_attn.in_proj_z | Initialization via ADMM...
	(3/3) Block 15/64, linear_attn.in_proj_z | Tuning Factorized Weights...
		(Epoch 01/04) Block Loss: 4.1368e+00
		(Epoch 02/04) Block Loss: 4.1253e+00
		(Epoch 03/04) Block Loss: 4.1229e+00
		(Epoch 04/04) Block Loss: 4.1222e+00
	(1/3) Block 15/64, linear_attn.in_proj_b | Tuning Non-Factorized Weights...
		(Epoch 01/04) Block Loss: 4.2369e+00
		(Epoch 02/04) Block Loss: 3.9926e+00
		(Epoch 03/04) Block Loss: 3.8658e+00
		(Epoch 04/04) Block Loss: 3.8056e+00
	(2/3) Block 15/64, linear_attn.in_proj_b | Initialization via ADMM...
	(3/3) Block 15/64, linear_attn.in_proj_b | Tuning Factorized Weights...
		(Epoch 01/04) Block Loss: 3.8272e+00
		(Epoch 02/04) Block Loss: 3.8210e+00
		(Epoch 03/04) Block Loss: 3.8188e+00
		(Epoch 04/04) Block Loss: 3.8183e+00
	(1/3) Block 15/64, linear_attn.in_proj_a | Tuning Non-Factorized Weights...
		(Epoch 01/04) Block Loss: 3.9648e+00
		(Epoch 02/04) Block Loss: 3.7821e+00
		(Epoch 03/04) Block Loss: 3.6796e+00
		(Epoch 04/04) Block Loss: 3.6254e+00
	(2/3) Block 15/64, linear_attn.in_proj_a | Initialization via ADMM...
	(3/3) Block 15/64, linear_attn.in_proj_a | Tuning Factorized Weights...
		(Epoch 01/04) Block Loss: 3.6392e+00
		(Epoch 02/04) Block Loss: 3.6332e+00
		(Epoch 03/04) Block Loss: 3.6317e+00
		(Epoch 04/04) Block Loss: 3.6313e+00
	(1/3) Block 15/64, linear_attn.out_proj | Tuning Non-Factorized Weights...
		(Epoch 01/04) Block Loss: 3.7842e+00
		(Epoch 02/04) Block Loss: 3.6300e+00
		(Epoch 03/04) Block Loss: 3.5404e+00
		(Epoch 04/04) Block Loss: 3.4897e+00
	(2/3) Block 15/64, linear_attn.out_proj | Initialization via ADMM...
	(3/3) Block 15/64, linear_attn.out_proj | Tuning Factorized Weights...
		(Epoch 01/04) Block Loss: 3.8805e+00
		(Epoch 02/04) Block Loss: 3.8738e+00
		(Epoch 03/04) Block Loss: 3.8707e+00
		(Epoch 04/04) Block Loss: 3.8692e+00
	(1/3) Block 15/64, mlp.gate_proj | Tuning Non-Factorized Weights...
		(Epoch 01/06) Block Loss: 3.9160e+00
		(Epoch 02/06) Block Loss: 3.7484e+00
		(Epoch 03/06) Block Loss: 3.6635e+00
		(Epoch 04/06) Block Loss: 3.5948e+00
		(Epoch 05/06) Block Loss: 3.5508e+00
		(Epoch 06/06) Block Loss: 3.5327e+00
	(2/3) Block 15/64, mlp.gate_proj | Initialization via ADMM...
	(3/3) Block 15/64, mlp.gate_proj | Tuning Factorized Weights...
		(Epoch 01/06) Block Loss: 4.1842e+00
		(Epoch 02/06) Block Loss: 4.1264e+00
		(Epoch 03/06) Block Loss: 4.1102e+00
		(Epoch 04/06) Block Loss: 4.1008e+00
		(Epoch 05/06) Block Loss: 4.0956e+00
		(Epoch 06/06) Block Loss: 4.0923e+00
	(1/3) Block 15/64, mlp.up_proj | Tuning Non-Factorized Weights...
		(Epoch 01/08) Block Loss: 4.1189e+00
		(Epoch 02/08) Block Loss: 3.9570e+00
		(Epoch 03/08) Block Loss: 3.8846e+00
		(Epoch 04/08) Block Loss: 3.8338e+00
		(Epoch 05/08) Block Loss: 3.7937e+00
		(Epoch 06/08) Block Loss: 3.7662e+00
		(Epoch 07/08) Block Loss: 3.7483e+00
		TuneFP plateau: stopped after 7 epochs
	(2/3) Block 15/64, mlp.up_proj | Initialization via ADMM...
	(3/3) Block 15/64, mlp.up_proj | Tuning Factorized Weights...
		(Epoch 01/08) Block Loss: 4.4760e+00
		(Epoch 02/08) Block Loss: 4.4279e+00
		(Epoch 03/08) Block Loss: 4.4072e+00
		(Epoch 04/08) Block Loss: 4.3927e+00
		(Epoch 05/08) Block Loss: 4.3830e+00
		(Epoch 06/08) Block Loss: 4.3765e+00
		(Epoch 07/08) Block Loss: 4.3725e+00
		(Epoch 08/08) Block Loss: 4.3700e+00
	(1/3) Block 15/64, mlp.down_proj | Tuning Non-Factorized Weights...
		(Epoch 01/08) Block Loss: 4.3739e+00
		(Epoch 02/08) Block Loss: 4.2654e+00
		(Epoch 03/08) Block Loss: 4.2199e+00
		(Epoch 04/08) Block Loss: 4.1884e+00
		(Epoch 05/08) Block Loss: 4.1651e+00
		TuneFP plateau: stopped after 5 epochs
	(2/3) Block 15/64, mlp.down_proj | Initialization via ADMM...
	(3/3) Block 15/64, mlp.down_proj | Tuning Factorized Weights...
		(Epoch 01/08) Block Loss: 5.2651e+00
		(Epoch 02/08) Block Loss: 5.2521e+00
		(Epoch 03/08) Block Loss: 5.2434e+00
		(Epoch 04/08) Block Loss: 5.2365e+00
		(Epoch 05/08) Block Loss: 5.2318e+00
		(Epoch 06/08) Block Loss: 5.2278e+00
		(Epoch 07/08) Block Loss: 5.2250e+00
		(Epoch 08/08) Block Loss: 5.2231e+00

Compressing Layers:  23%|██████████████████▎                                                           | 15/64 [1:26:18<4:43:19, 346.94s/it]	Measured rank curves: 2/2 usable; packed block budget preserved
	(1/3) Block 16/64, self_attn.q_proj | Tuning Non-Factorized Weights...
		(Epoch 01/02) Block Loss: 4.7873e+00
		(Epoch 02/02) Block Loss: 4.3916e+00
	(2/3) Block 16/64, self_attn.q_proj | Initialization via ADMM...
	(3/3) Block 16/64, self_attn.q_proj | Tuning Factorized Weights...
		(Epoch 01/02) Block Loss: 4.4319e+00
		(Epoch 02/02) Block Loss: 4.4245e+00
	(1/3) Block 16/64, self_attn.v_proj | Tuning Non-Factorized Weights...
		(Epoch 01/04) Block Loss: 4.5632e+00
		(Epoch 02/04) Block Loss: 4.2220e+00
		(Epoch 03/04) Block Loss: 4.0535e+00
		(Epoch 04/04) Block Loss: 3.9802e+00
	(2/3) Block 16/64, self_attn.v_proj | Initialization via ADMM...
	(3/3) Block 16/64, self_attn.v_proj | Tuning Factorized Weights...
		(Epoch 01/04) Block Loss: 4.4071e+00
		(Epoch 02/04) Block Loss: 4.3316e+00
		(Epoch 03/04) Block Loss: 4.3143e+00
		(Epoch 04/04) Block Loss: 4.3080e+00
	(1/3) Block 16/64, self_attn.k_proj | Tuning Non-Factorized Weights...
		(Epoch 01/02) Block Loss: 4.3311e+00
		(Epoch 02/02) Block Loss: 4.0795e+00
	(2/3) Block 16/64, self_attn.k_proj | Initialization via ADMM...
	(3/3) Block 16/64, self_attn.k_proj | Tuning Factorized Weights...
		(Epoch 01/02) Block Loss: 4.1366e+00
		(Epoch 02/02) Block Loss: 4.1315e+00
	(1/3) Block 16/64, self_attn.o_proj | Tuning Non-Factorized Weights...
		(Epoch 01/04) Block Loss: 4.2583e+00
		(Epoch 02/04) Block Loss: 4.0344e+00
		(Epoch 03/04) Block Loss: 3.9104e+00
		(Epoch 04/04) Block Loss: 3.8548e+00
	(2/3) Block 16/64, self_attn.o_proj | Initialization via ADMM...
	(3/3) Block 16/64, self_attn.o_proj | Tuning Factorized Weights...
		(Epoch 01/04) Block Loss: 4.1219e+00
		(Epoch 02/04) Block Loss: 4.1111e+00
		(Epoch 03/04) Block Loss: 4.1056e+00
		(Epoch 04/04) Block Loss: 4.1035e+00
	(1/3) Block 16/64, mlp.gate_proj | Tuning Non-Factorized Weights...
		(Epoch 01/06) Block Loss: 4.1734e+00
		(Epoch 02/06) Block Loss: 3.9791e+00
		(Epoch 03/06) Block Loss: 3.8788e+00
		(Epoch 04/06) Block Loss: 3.8099e+00
		(Epoch 05/06) Block Loss: 3.7607e+00
		(Epoch 06/06) Block Loss: 3.7406e+00
	(2/3) Block 16/64, mlp.gate_proj | Initialization via ADMM...
	(3/3) Block 16/64, mlp.gate_proj | Tuning Factorized Weights...
		(Epoch 01/06) Block Loss: 4.3716e+00
		(Epoch 02/06) Block Loss: 4.3199e+00
		(Epoch 03/06) Block Loss: 4.3051e+00
		(Epoch 04/06) Block Loss: 4.2963e+00
		(Epoch 05/06) Block Loss: 4.2914e+00
		(Epoch 06/06) Block Loss: 4.2885e+00
	(1/3) Block 16/64, mlp.up_proj | Tuning Non-Factorized Weights...
		(Epoch 01/08) Block Loss: 4.3177e+00
		(Epoch 02/08) Block Loss: 4.1484e+00
		(Epoch 03/08) Block Loss: 4.0704e+00
		(Epoch 04/08) Block Loss: 4.0156e+00
		(Epoch 05/08) Block Loss: 3.9725e+00
		(Epoch 06/08) Block Loss: 3.9430e+00
		(Epoch 07/08) Block Loss: 3.9241e+00
		TuneFP plateau: stopped after 7 epochs
	(2/3) Block 16/64, mlp.up_proj | Initialization via ADMM...
	(3/3) Block 16/64, mlp.up_proj | Tuning Factorized Weights...
		(Epoch 01/08) Block Loss: 4.6321e+00
		(Epoch 02/08) Block Loss: 4.5869e+00
		(Epoch 03/08) Block Loss: 4.5679e+00
		(Epoch 04/08) Block Loss: 4.5547e+00
		(Epoch 05/08) Block Loss: 4.5459e+00
		(Epoch 06/08) Block Loss: 4.5397e+00
		(Epoch 07/08) Block Loss: 4.5358e+00
		(Epoch 08/08) Block Loss: 4.5331e+00
	(1/3) Block 16/64, mlp.down_proj | Tuning Non-Factorized Weights...
		(Epoch 01/08) Block Loss: 4.5391e+00
		(Epoch 02/08) Block Loss: 4.4325e+00
		(Epoch 03/08) Block Loss: 4.3871e+00
		(Epoch 04/08) Block Loss: 4.3552e+00
		(Epoch 05/08) Block Loss: 4.3317e+00
		TuneFP plateau: stopped after 5 epochs
	(2/3) Block 16/64, mlp.down_proj | Initialization via ADMM...
	(3/3) Block 16/64, mlp.down_proj | Tuning Factorized Weights...
		(Epoch 01/08) Block Loss: 5.3788e+00
		(Epoch 02/08) Block Loss: 5.3658e+00
		(Epoch 03/08) Block Loss: 5.3575e+00
		(Epoch 04/08) Block Loss: 5.3510e+00
		(Epoch 05/08) Block Loss: 5.3467e+00
		(Epoch 06/08) Block Loss: 5.3430e+00
		(Epoch 07/08) Block Loss: 5.3403e+00
		(Epoch 08/08) Block Loss: 5.3384e+00

Compressing Layers:  25%|███████████████████▌                                                          | 16/64 [1:31:30<4:29:05, 336.37s/it]	Measured rank curves: 2/2 usable; packed block budget preserved
	(1/3) Block 17/64, linear_attn.in_proj_qkv | Tuning Non-Factorized Weights...
		(Epoch 01/02) Block Loss: 3.1853e+00
		(Epoch 02/02) Block Loss: 2.9033e+00
	(2/3) Block 17/64, linear_attn.in_proj_qkv | Initialization via ADMM...
	(3/3) Block 17/64, linear_attn.in_proj_qkv | Tuning Factorized Weights...
		(Epoch 01/02) Block Loss: 3.0140e+00
		(Epoch 02/02) Block Loss: 3.0032e+00
	(1/3) Block 17/64, linear_attn.in_proj_z | Tuning Non-Factorized Weights...
		(Epoch 01/04) Block Loss: 3.0939e+00
		(Epoch 02/04) Block Loss: 2.8367e+00
		(Epoch 03/04) Block Loss: 2.7268e+00
		(Epoch 04/04) Block Loss: 2.6719e+00
	(2/3) Block 17/64, linear_attn.in_proj_z | Initialization via ADMM...
	(3/3) Block 17/64, linear_attn.in_proj_z | Tuning Factorized Weights...
		(Epoch 01/04) Block Loss: 2.7420e+00
		(Epoch 02/04) Block Loss: 2.7369e+00
		(Epoch 03/04) Block Loss: 2.7358e+00
		(Epoch 04/04) Block Loss: 2.7354e+00
	(1/3) Block 17/64, linear_attn.in_proj_b | Tuning Non-Factorized Weights...
		(Epoch 01/04) Block Loss: 2.8329e+00
		(Epoch 02/04) Block Loss: 2.6735e+00
		(Epoch 03/04) Block Loss: 2.5851e+00
		(Epoch 04/04) Block Loss: 2.5456e+00
	(2/3) Block 17/64, linear_attn.in_proj_b | Initialization via ADMM...
	(3/3) Block 17/64, linear_attn.in_proj_b | Tuning Factorized Weights...
		(Epoch 01/04) Block Loss: 2.5567e+00
		(Epoch 02/04) Block Loss: 2.5552e+00
		(Epoch 03/04) Block Loss: 2.5545e+00
		(Epoch 04/04) Block Loss: 2.5543e+00
	(1/3) Block 17/64, linear_attn.in_proj_a | Tuning Non-Factorized Weights...
		(Epoch 01/04) Block Loss: 2.6650e+00
		(Epoch 02/04) Block Loss: 2.5364e+00
		(Epoch 03/04) Block Loss: 2.4662e+00
		(Epoch 04/04) Block Loss: 2.4304e+00
	(2/3) Block 17/64, linear_attn.in_proj_a | Initialization via ADMM...
	(3/3) Block 17/64, linear_attn.in_proj_a | Tuning Factorized Weights...
		(Epoch 01/04) Block Loss: 2.4377e+00
		(Epoch 02/04) Block Loss: 2.4331e+00
		(Epoch 03/04) Block Loss: 2.4320e+00
		(Epoch 04/04) Block Loss: 2.4317e+00
	(1/3) Block 17/64, linear_attn.out_proj | Tuning Non-Factorized Weights...
		(Epoch 01/04) Block Loss: 2.5432e+00
		(Epoch 02/04) Block Loss: 2.4350e+00
		(Epoch 03/04) Block Loss: 2.3732e+00
		(Epoch 04/04) Block Loss: 2.3418e+00
	(2/3) Block 17/64, linear_attn.out_proj | Initialization via ADMM...
	(3/3) Block 17/64, linear_attn.out_proj | Tuning Factorized Weights...
		(Epoch 01/04) Block Loss: 2.5472e+00
		(Epoch 02/04) Block Loss: 2.5439e+00
		(Epoch 03/04) Block Loss: 2.5423e+00
		(Epoch 04/04) Block Loss: 2.5415e+00
	(1/3) Block 17/64, mlp.gate_proj | Tuning Non-Factorized Weights...
		(Epoch 01/06) Block Loss: 2.5922e+00
		(Epoch 02/06) Block Loss: 2.4852e+00
		(Epoch 03/06) Block Loss: 2.4329e+00
		(Epoch 04/06) Block Loss: 2.3946e+00
		(Epoch 05/06) Block Loss: 2.3619e+00
		(Epoch 06/06) Block Loss: 2.3494e+00
	(2/3) Block 17/64, mlp.gate_proj | Initialization via ADMM...
	(3/3) Block 17/64, mlp.gate_proj | Tuning Factorized Weights...
		(Epoch 01/06) Block Loss: 2.8039e+00
		(Epoch 02/06) Block Loss: 2.7653e+00
		(Epoch 03/06) Block Loss: 2.7538e+00
		(Epoch 04/06) Block Loss: 2.7471e+00
		(Epoch 05/06) Block Loss: 2.7434e+00
		(Epoch 06/06) Block Loss: 2.7413e+00
	(1/3) Block 17/64, mlp.up_proj | Tuning Non-Factorized Weights...
		(Epoch 01/08) Block Loss: 2.7606e+00
		(Epoch 02/08) Block Loss: 2.6528e+00
		(Epoch 03/08) Block Loss: 2.6046e+00
		(Epoch 04/08) Block Loss: 2.5713e+00
		(Epoch 05/08) Block Loss: 2.5447e+00
		(Epoch 06/08) Block Loss: 2.5264e+00
		(Epoch 07/08) Block Loss: 2.5144e+00
		TuneFP plateau: stopped after 7 epochs
	(2/3) Block 17/64, mlp.up_proj | Initialization via ADMM...
	(3/3) Block 17/64, mlp.up_proj | Tuning Factorized Weights...
		(Epoch 01/08) Block Loss: 3.0263e+00
		(Epoch 02/08) Block Loss: 2.9935e+00
		(Epoch 03/08) Block Loss: 2.9785e+00
		(Epoch 04/08) Block Loss: 2.9682e+00
		(Epoch 05/08) Block Loss: 2.9615e+00
		(Epoch 06/08) Block Loss: 2.9569e+00
		(Epoch 07/08) Block Loss: 2.9539e+00
		(Epoch 08/08) Block Loss: 2.9520e+00
	(1/3) Block 17/64, mlp.down_proj | Tuning Non-Factorized Weights...
		(Epoch 01/08) Block Loss: 2.9523e+00
		(Epoch 02/08) Block Loss: 2.8795e+00
		(Epoch 03/08) Block Loss: 2.8493e+00
		(Epoch 04/08) Block Loss: 2.8285e+00
		(Epoch 05/08) Block Loss: 2.8131e+00
		TuneFP plateau: stopped after 5 epochs
	(2/3) Block 17/64, mlp.down_proj | Initialization via ADMM...
	(3/3) Block 17/64, mlp.down_proj | Tuning Factorized Weights...
		(Epoch 01/08) Block Loss: 3.5726e+00
		(Epoch 02/08) Block Loss: 3.5629e+00
		(Epoch 03/08) Block Loss: 3.5557e+00
		(Epoch 04/08) Block Loss: 3.5500e+00
		(Epoch 05/08) Block Loss: 3.5462e+00
		(Epoch 06/08) Block Loss: 3.5431e+00
		(Epoch 07/08) Block Loss: 3.5409e+00
		(Epoch 08/08) Block Loss: 3.5395e+00

Compressing Layers:  27%|████████████████████▋                                                         | 17/64 [1:37:27<4:28:23, 342.62s/it]	Measured rank curves: 2/2 usable; packed block budget preserved
	(1/3) Block 18/64, linear_attn.in_proj_qkv | Tuning Non-Factorized Weights...
		(Epoch 01/02) Block Loss: 2.9371e+00
		(Epoch 02/02) Block Loss: 2.6715e+00
	(2/3) Block 18/64, linear_attn.in_proj_qkv | Initialization via ADMM...
	(3/3) Block 18/64, linear_attn.in_proj_qkv | Tuning Factorized Weights...
		(Epoch 01/02) Block Loss: 2.8521e+00
		(Epoch 02/02) Block Loss: 2.8371e+00
	(1/3) Block 18/64, linear_attn.in_proj_z | Tuning Non-Factorized Weights...
		(Epoch 01/04) Block Loss: 2.9076e+00
		(Epoch 02/04) Block Loss: 2.6607e+00
		(Epoch 03/04) Block Loss: 2.5432e+00
		(Epoch 04/04) Block Loss: 2.4966e+00
	(2/3) Block 18/64, linear_attn.in_proj_z | Initialization via ADMM...
	(3/3) Block 18/64, linear_attn.in_proj_z | Tuning Factorized Weights...
		(Epoch 01/04) Block Loss: 2.5445e+00
		(Epoch 02/04) Block Loss: 2.5415e+00
		(Epoch 03/04) Block Loss: 2.5407e+00
		(Epoch 04/04) Block Loss: 2.5404e+00
	(1/3) Block 18/64, linear_attn.in_proj_b | Tuning Non-Factorized Weights...
		(Epoch 01/04) Block Loss: 2.6465e+00
		(Epoch 02/04) Block Loss: 2.4940e+00
		(Epoch 03/04) Block Loss: 2.4091e+00
		(Epoch 04/04) Block Loss: 2.3708e+00
	(2/3) Block 18/64, linear_attn.in_proj_b | Initialization via ADMM...
	(3/3) Block 18/64, linear_attn.in_proj_b | Tuning Factorized Weights...
		(Epoch 01/04) Block Loss: 2.3836e+00
		(Epoch 02/04) Block Loss: 2.3812e+00
		(Epoch 03/04) Block Loss: 2.3802e+00
		(Epoch 04/04) Block Loss: 2.3800e+00
	(1/3) Block 18/64, linear_attn.in_proj_a | Tuning Non-Factorized Weights...
		(Epoch 01/04) Block Loss: 2.4883e+00
		(Epoch 02/04) Block Loss: 2.3664e+00
		(Epoch 03/04) Block Loss: 2.2967e+00
		(Epoch 04/04) Block Loss: 2.2641e+00
	(2/3) Block 18/64, linear_attn.in_proj_a | Initialization via ADMM...
	(3/3) Block 18/64, linear_attn.in_proj_a | Tuning Factorized Weights...
		(Epoch 01/04) Block Loss: 2.2749e+00
		(Epoch 02/04) Block Loss: 2.2699e+00
		(Epoch 03/04) Block Loss: 2.2687e+00
		(Epoch 04/04) Block Loss: 2.2684e+00
	(1/3) Block 18/64, linear_attn.out_proj | Tuning Non-Factorized Weights...
		(Epoch 01/04) Block Loss: 2.3786e+00
		(Epoch 02/04) Block Loss: 2.2798e+00
		(Epoch 03/04) Block Loss: 2.2177e+00
		(Epoch 04/04) Block Loss: 2.1876e+00
	(2/3) Block 18/64, linear_attn.out_proj | Initialization via ADMM...
	(3/3) Block 18/64, linear_attn.out_proj | Tuning Factorized Weights...
		(Epoch 01/04) Block Loss: 2.4278e+00
		(Epoch 02/04) Block Loss: 2.4235e+00
		(Epoch 03/04) Block Loss: 2.4218e+00
		(Epoch 04/04) Block Loss: 2.4209e+00
	(1/3) Block 18/64, mlp.gate_proj | Tuning Non-Factorized Weights...
		(Epoch 01/06) Block Loss: 2.4699e+00
		(Epoch 02/06) Block Loss: 2.3647e+00
		(Epoch 03/06) Block Loss: 2.3064e+00
		(Epoch 04/06) Block Loss: 2.2682e+00
		(Epoch 05/06) Block Loss: 2.2385e+00
		(Epoch 06/06) Block Loss: 2.2264e+00
	(2/3) Block 18/64, mlp.gate_proj | Initialization via ADMM...
	(3/3) Block 18/64, mlp.gate_proj | Tuning Factorized Weights...
		(Epoch 01/06) Block Loss: 2.7023e+00
		(Epoch 02/06) Block Loss: 2.6543e+00
		(Epoch 03/06) Block Loss: 2.6406e+00
		(Epoch 04/06) Block Loss: 2.6332e+00
		(Epoch 05/06) Block Loss: 2.6293e+00
		(Epoch 06/06) Block Loss: 2.6271e+00
	(1/3) Block 18/64, mlp.up_proj | Tuning Non-Factorized Weights...
		(Epoch 01/08) Block Loss: 2.6447e+00
		(Epoch 02/08) Block Loss: 2.5364e+00
		(Epoch 03/08) Block Loss: 2.4872e+00
		(Epoch 04/08) Block Loss: 2.4543e+00
		(Epoch 05/08) Block Loss: 2.4281e+00
		(Epoch 06/08) Block Loss: 2.4102e+00
		(Epoch 07/08) Block Loss: 2.3985e+00
		TuneFP plateau: stopped after 7 epochs
	(2/3) Block 18/64, mlp.up_proj | Initialization via ADMM...
	(3/3) Block 18/64, mlp.up_proj | Tuning Factorized Weights...
		(Epoch 01/08) Block Loss: 2.9433e+00
		(Epoch 02/08) Block Loss: 2.8997e+00
		(Epoch 03/08) Block Loss: 2.8821e+00
		(Epoch 04/08) Block Loss: 2.8707e+00
		(Epoch 05/08) Block Loss: 2.8632e+00
		(Epoch 06/08) Block Loss: 2.8582e+00
		(Epoch 07/08) Block Loss: 2.8551e+00
		(Epoch 08/08) Block Loss: 2.8532e+00
	(1/3) Block 18/64, mlp.down_proj | Tuning Non-Factorized Weights...
		(Epoch 01/08) Block Loss: 2.8495e+00
		(Epoch 02/08) Block Loss: 2.7739e+00
		(Epoch 03/08) Block Loss: 2.7430e+00
		(Epoch 04/08) Block Loss: 2.7220e+00
		(Epoch 05/08) Block Loss: 2.7066e+00
		TuneFP plateau: stopped after 5 epochs
	(2/3) Block 18/64, mlp.down_proj | Initialization via ADMM...
	(3/3) Block 18/64, mlp.down_proj | Tuning Factorized Weights...
		(Epoch 01/08) Block Loss: 3.5176e+00
		(Epoch 02/08) Block Loss: 3.5051e+00
		(Epoch 03/08) Block Loss: 3.4967e+00
		(Epoch 04/08) Block Loss: 3.4901e+00
		(Epoch 05/08) Block Loss: 3.4859e+00
		(Epoch 06/08) Block Loss: 3.4825e+00
		(Epoch 07/08) Block Loss: 3.4801e+00
		(Epoch 08/08) Block Loss: 3.4785e+00

Compressing Layers:  28%|█████████████████████▉                                                        | 18/64 [1:43:14<4:23:38, 343.89s/it]	Measured rank curves: 2/2 usable; packed block budget preserved
	(1/3) Block 19/64, linear_attn.in_proj_qkv | Tuning Non-Factorized Weights...
		(Epoch 01/02) Block Loss: 2.2068e+00
		(Epoch 02/02) Block Loss: 1.9762e+00
	(2/3) Block 19/64, linear_attn.in_proj_qkv | Initialization via ADMM...
	(3/3) Block 19/64, linear_attn.in_proj_qkv | Tuning Factorized Weights...
		(Epoch 01/02) Block Loss: 2.0622e+00
		(Epoch 02/02) Block Loss: 2.0486e+00
	(1/3) Block 19/64, linear_attn.in_proj_z | Tuning Non-Factorized Weights...
		(Epoch 01/04) Block Loss: 2.1654e+00
		(Epoch 02/04) Block Loss: 1.9750e+00
		(Epoch 03/04) Block Loss: 1.8564e+00
		(Epoch 04/04) Block Loss: 1.8090e+00
	(2/3) Block 19/64, linear_attn.in_proj_z | Initialization via ADMM...
	(3/3) Block 19/64, linear_attn.in_proj_z | Tuning Factorized Weights...
		(Epoch 01/04) Block Loss: 1.8701e+00
		(Epoch 02/04) Block Loss: 1.8651e+00
		(Epoch 03/04) Block Loss: 1.8637e+00
		(Epoch 04/04) Block Loss: 1.8632e+00
	(1/3) Block 19/64, linear_attn.in_proj_b | Tuning Non-Factorized Weights...
		(Epoch 01/04) Block Loss: 1.9597e+00
		(Epoch 02/04) Block Loss: 1.8331e+00
		(Epoch 03/04) Block Loss: 1.7545e+00
		(Epoch 04/04) Block Loss: 1.7227e+00
	(2/3) Block 19/64, linear_attn.in_proj_b | Initialization via ADMM...
	(3/3) Block 19/64, linear_attn.in_proj_b | Tuning Factorized Weights...
		(Epoch 01/04) Block Loss: 1.7309e+00
		(Epoch 02/04) Block Loss: 1.7289e+00
		(Epoch 03/04) Block Loss: 1.7280e+00
		(Epoch 04/04) Block Loss: 1.7278e+00
	(1/3) Block 19/64, linear_attn.in_proj_a | Tuning Non-Factorized Weights...
		(Epoch 01/04) Block Loss: 1.8242e+00
		(Epoch 02/04) Block Loss: 1.7327e+00
		(Epoch 03/04) Block Loss: 1.6730e+00
		(Epoch 04/04) Block Loss: 1.6433e+00
	(2/3) Block 19/64, linear_attn.in_proj_a | Initialization via ADMM...
	(3/3) Block 19/64, linear_attn.in_proj_a | Tuning Factorized Weights...
		(Epoch 01/04) Block Loss: 1.6458e+00
		(Epoch 02/04) Block Loss: 1.6438e+00
		(Epoch 03/04) Block Loss: 1.6434e+00
		(Epoch 04/04) Block Loss: 1.6433e+00
	(1/3) Block 19/64, linear_attn.out_proj | Tuning Non-Factorized Weights...
		(Epoch 01/04) Block Loss: 1.7409e+00
		(Epoch 02/04) Block Loss: 1.6710e+00
		(Epoch 03/04) Block Loss: 1.6123e+00
		(Epoch 04/04) Block Loss: 1.5846e+00
	(2/3) Block 19/64, linear_attn.out_proj | Initialization via ADMM...
	(3/3) Block 19/64, linear_attn.out_proj | Tuning Factorized Weights...
		(Epoch 01/04) Block Loss: 1.7494e+00
		(Epoch 02/04) Block Loss: 1.7450e+00
		(Epoch 03/04) Block Loss: 1.7430e+00
		(Epoch 04/04) Block Loss: 1.7422e+00
	(1/3) Block 19/64, mlp.gate_proj | Tuning Non-Factorized Weights...
		(Epoch 01/06) Block Loss: 1.7840e+00
		(Epoch 02/06) Block Loss: 1.7089e+00
		(Epoch 03/06) Block Loss: 1.6628e+00
		(Epoch 04/06) Block Loss: 1.6304e+00
		(Epoch 05/06) Block Loss: 1.6042e+00
		(Epoch 06/06) Block Loss: 1.5944e+00
	(2/3) Block 19/64, mlp.gate_proj | Initialization via ADMM...
	(3/3) Block 19/64, mlp.gate_proj | Tuning Factorized Weights...
		(Epoch 01/06) Block Loss: 1.9907e+00
		(Epoch 02/06) Block Loss: 1.9370e+00
		(Epoch 03/06) Block Loss: 1.9217e+00
		(Epoch 04/06) Block Loss: 1.9143e+00
		(Epoch 05/06) Block Loss: 1.9106e+00
		(Epoch 06/06) Block Loss: 1.9088e+00
	(1/3) Block 19/64, mlp.up_proj | Tuning Non-Factorized Weights...
		(Epoch 01/08) Block Loss: 1.9214e+00
		(Epoch 02/08) Block Loss: 1.8366e+00
		(Epoch 03/08) Block Loss: 1.7974e+00
		(Epoch 04/08) Block Loss: 1.7720e+00
		(Epoch 05/08) Block Loss: 1.7511e+00
		(Epoch 06/08) Block Loss: 1.7365e+00
		(Epoch 07/08) Block Loss: 1.7273e+00
		TuneFP plateau: stopped after 7 epochs
	(2/3) Block 19/64, mlp.up_proj | Initialization via ADMM...
	(3/3) Block 19/64, mlp.up_proj | Tuning Factorized Weights...
		(Epoch 01/08) Block Loss: 2.1911e+00
		(Epoch 02/08) Block Loss: 2.1451e+00
		(Epoch 03/08) Block Loss: 2.1264e+00
		(Epoch 04/08) Block Loss: 2.1153e+00
		(Epoch 05/08) Block Loss: 2.1084e+00
		(Epoch 06/08) Block Loss: 2.1039e+00
		(Epoch 07/08) Block Loss: 2.1012e+00
		(Epoch 08/08) Block Loss: 2.0995e+00
	(1/3) Block 19/64, mlp.down_proj | Tuning Non-Factorized Weights...
		(Epoch 01/08) Block Loss: 2.0923e+00
		(Epoch 02/08) Block Loss: 2.0291e+00
		(Epoch 03/08) Block Loss: 2.0040e+00
		(Epoch 04/08) Block Loss: 1.9873e+00
		(Epoch 05/08) Block Loss: 1.9749e+00
		TuneFP plateau: stopped after 5 epochs
	(2/3) Block 19/64, mlp.down_proj | Initialization via ADMM...
	(3/3) Block 19/64, mlp.down_proj | Tuning Factorized Weights...
		(Epoch 01/08) Block Loss: 2.7136e+00
		(Epoch 02/08) Block Loss: 2.6989e+00
		(Epoch 03/08) Block Loss: 2.6900e+00
		(Epoch 04/08) Block Loss: 2.6833e+00
		(Epoch 05/08) Block Loss: 2.6792e+00
		(Epoch 06/08) Block Loss: 2.6757e+00
		(Epoch 07/08) Block Loss: 2.6734e+00
		(Epoch 08/08) Block Loss: 2.6718e+00

Compressing Layers:  30%|███████████████████████▏                                                      | 19/64 [1:49:02<4:18:58, 345.30s/it]	Measured rank curves: 2/2 usable; packed block budget preserved
	(1/3) Block 20/64, self_attn.q_proj | Tuning Non-Factorized Weights...
		(Epoch 01/02) Block Loss: 1.6189e+00
		(Epoch 02/02) Block Loss: 1.4536e+00
	(2/3) Block 20/64, self_attn.q_proj | Initialization via ADMM...
	(3/3) Block 20/64, self_attn.q_proj | Tuning Factorized Weights...
		(Epoch 01/02) Block Loss: 1.4660e+00
		(Epoch 02/02) Block Loss: 1.4622e+00
	(1/3) Block 20/64, self_attn.v_proj | Tuning Non-Factorized Weights...
		(Epoch 01/04) Block Loss: 1.5640e+00
		(Epoch 02/04) Block Loss: 1.4117e+00
		(Epoch 03/04) Block Loss: 1.3198e+00
		(Epoch 04/04) Block Loss: 1.2848e+00
	(2/3) Block 20/64, self_attn.v_proj | Initialization via ADMM...
	(3/3) Block 20/64, self_attn.v_proj | Tuning Factorized Weights...
		(Epoch 01/04) Block Loss: 1.6015e+00
		(Epoch 02/04) Block Loss: 1.5529e+00
		(Epoch 03/04) Block Loss: 1.5355e+00
		(Epoch 04/04) Block Loss: 1.5303e+00
	(1/3) Block 20/64, self_attn.k_proj | Tuning Non-Factorized Weights...
		(Epoch 01/02) Block Loss: 1.5131e+00
		(Epoch 02/02) Block Loss: 1.3994e+00
	(2/3) Block 20/64, self_attn.k_proj | Initialization via ADMM...
	(3/3) Block 20/64, self_attn.k_proj | Tuning Factorized Weights...
		(Epoch 01/02) Block Loss: 1.4126e+00
		(Epoch 02/02) Block Loss: 1.4107e+00
	(1/3) Block 20/64, self_attn.o_proj | Tuning Non-Factorized Weights...
		(Epoch 01/04) Block Loss: 1.4767e+00
		(Epoch 02/04) Block Loss: 1.3976e+00
		(Epoch 03/04) Block Loss: 1.3282e+00
		(Epoch 04/04) Block Loss: 1.2996e+00
	(2/3) Block 20/64, self_attn.o_proj | Initialization via ADMM...
	(3/3) Block 20/64, self_attn.o_proj | Tuning Factorized Weights...
		(Epoch 01/04) Block Loss: 1.4529e+00
		(Epoch 02/04) Block Loss: 1.4467e+00
		(Epoch 03/04) Block Loss: 1.4439e+00
		(Epoch 04/04) Block Loss: 1.4429e+00
	(1/3) Block 20/64, mlp.gate_proj | Tuning Non-Factorized Weights...
		(Epoch 01/06) Block Loss: 1.4722e+00
		(Epoch 02/06) Block Loss: 1.3912e+00
		(Epoch 03/06) Block Loss: 1.3408e+00
		(Epoch 04/06) Block Loss: 1.3080e+00
		(Epoch 05/06) Block Loss: 1.2874e+00
		(Epoch 06/06) Block Loss: 1.2792e+00
	(2/3) Block 20/64, mlp.gate_proj | Initialization via ADMM...
	(3/3) Block 20/64, mlp.gate_proj | Tuning Factorized Weights...
		(Epoch 01/06) Block Loss: 1.5713e+00
		(Epoch 02/06) Block Loss: 1.5347e+00
		(Epoch 03/06) Block Loss: 1.5253e+00
		(Epoch 04/06) Block Loss: 1.5204e+00
		(Epoch 05/06) Block Loss: 1.5179e+00
		(Epoch 06/06) Block Loss: 1.5166e+00
	(1/3) Block 20/64, mlp.up_proj | Tuning Non-Factorized Weights...
		(Epoch 01/08) Block Loss: 1.5334e+00
		(Epoch 02/08) Block Loss: 1.4653e+00
		(Epoch 03/08) Block Loss: 1.4292e+00
		(Epoch 04/08) Block Loss: 1.4067e+00
		(Epoch 05/08) Block Loss: 1.3887e+00
		(Epoch 06/08) Block Loss: 1.3764e+00
		(Epoch 07/08) Block Loss: 1.3687e+00
		TuneFP plateau: stopped after 7 epochs
	(2/3) Block 20/64, mlp.up_proj | Initialization via ADMM...
	(3/3) Block 20/64, mlp.up_proj | Tuning Factorized Weights...
		(Epoch 01/08) Block Loss: 1.7427e+00
		(Epoch 02/08) Block Loss: 1.7125e+00
		(Epoch 03/08) Block Loss: 1.6994e+00
		(Epoch 04/08) Block Loss: 1.6907e+00
		(Epoch 05/08) Block Loss: 1.6850e+00
		(Epoch 06/08) Block Loss: 1.6813e+00
		(Epoch 07/08) Block Loss: 1.6789e+00
		(Epoch 08/08) Block Loss: 1.6776e+00
	(1/3) Block 20/64, mlp.down_proj | Tuning Non-Factorized Weights...
		(Epoch 01/08) Block Loss: 1.6699e+00
		(Epoch 02/08) Block Loss: 1.6152e+00
		(Epoch 03/08) Block Loss: 1.5931e+00
		(Epoch 04/08) Block Loss: 1.5788e+00
		(Epoch 05/08) Block Loss: 1.5682e+00
		TuneFP plateau: stopped after 5 epochs
	(2/3) Block 20/64, mlp.down_proj | Initialization via ADMM...
	(3/3) Block 20/64, mlp.down_proj | Tuning Factorized Weights...
		(Epoch 01/08) Block Loss: 2.1681e+00
		(Epoch 02/08) Block Loss: 2.1563e+00
		(Epoch 03/08) Block Loss: 2.1492e+00
		(Epoch 04/08) Block Loss: 2.1440e+00
		(Epoch 05/08) Block Loss: 2.1406e+00
		(Epoch 06/08) Block Loss: 2.1379e+00
		(Epoch 07/08) Block Loss: 2.1359e+00
		(Epoch 08/08) Block Loss: 2.1344e+00

Compressing Layers:  31%|████████████████████████▍                                                     | 20/64 [1:54:14<4:05:46, 335.16s/it]	Measured rank curves: 2/2 usable; packed block budget preserved
	(1/3) Block 21/64, linear_attn.in_proj_qkv | Tuning Non-Factorized Weights...
		(Epoch 01/02) Block Loss: 1.0976e+00
		(Epoch 02/02) Block Loss: 1.0277e+00
	(2/3) Block 21/64, linear_attn.in_proj_qkv | Initialization via ADMM...
	(3/3) Block 21/64, linear_attn.in_proj_qkv | Tuning Factorized Weights...
		(Epoch 01/02) Block Loss: 1.0403e+00
		(Epoch 02/02) Block Loss: 1.0335e+00
	(1/3) Block 21/64, linear_attn.in_proj_z | Tuning Non-Factorized Weights...
		(Epoch 01/04) Block Loss: 1.0697e+00
		(Epoch 02/04) Block Loss: 9.7933e-01
		(Epoch 03/04) Block Loss: 9.1494e-01
		(Epoch 04/04) Block Loss: 8.9023e-01
	(2/3) Block 21/64, linear_attn.in_proj_z | Initialization via ADMM...
	(3/3) Block 21/64, linear_attn.in_proj_z | Tuning Factorized Weights...
		(Epoch 01/04) Block Loss: 9.1715e-01
		(Epoch 02/04) Block Loss: 9.1412e-01
		(Epoch 03/04) Block Loss: 9.1318e-01
		(Epoch 04/04) Block Loss: 9.1287e-01
	(1/3) Block 21/64, linear_attn.in_proj_b | Tuning Non-Factorized Weights...
		(Epoch 01/04) Block Loss: 9.5088e-01
		(Epoch 02/04) Block Loss: 9.0649e-01
		(Epoch 03/04) Block Loss: 8.6179e-01
		(Epoch 04/04) Block Loss: 8.3964e-01
	(2/3) Block 21/64, linear_attn.in_proj_b | Initialization via ADMM...
	(3/3) Block 21/64, linear_attn.in_proj_b | Tuning Factorized Weights...
		(Epoch 01/04) Block Loss: 8.4189e-01
		(Epoch 02/04) Block Loss: 8.4139e-01
		(Epoch 03/04) Block Loss: 8.4119e-01
		(Epoch 04/04) Block Loss: 8.4114e-01
	(1/3) Block 21/64, linear_attn.in_proj_a | Tuning Non-Factorized Weights...
		(Epoch 01/04) Block Loss: 8.8689e-01
		(Epoch 02/04) Block Loss: 8.5811e-01
		(Epoch 03/04) Block Loss: 8.1966e-01
		(Epoch 04/04) Block Loss: 7.9956e-01
	(2/3) Block 21/64, linear_attn.in_proj_a | Initialization via ADMM...
	(3/3) Block 21/64, linear_attn.in_proj_a | Tuning Factorized Weights...
		(Epoch 01/04) Block Loss: 8.0024e-01
		(Epoch 02/04) Block Loss: 7.9908e-01
		(Epoch 03/04) Block Loss: 7.9885e-01
		(Epoch 04/04) Block Loss: 7.9880e-01
	(1/3) Block 21/64, linear_attn.out_proj | Tuning Non-Factorized Weights...
		(Epoch 01/04) Block Loss: 8.4346e-01
		(Epoch 02/04) Block Loss: 8.2750e-01
		(Epoch 03/04) Block Loss: 7.8828e-01
		(Epoch 04/04) Block Loss: 7.6978e-01
	(2/3) Block 21/64, linear_attn.out_proj | Initialization via ADMM...
	(3/3) Block 21/64, linear_attn.out_proj | Tuning Factorized Weights...
		(Epoch 01/04) Block Loss: 8.3633e-01
		(Epoch 02/04) Block Loss: 8.3478e-01
		(Epoch 03/04) Block Loss: 8.3407e-01
		(Epoch 04/04) Block Loss: 8.3371e-01
	(1/3) Block 21/64, mlp.gate_proj | Tuning Non-Factorized Weights...
		(Epoch 01/06) Block Loss: 8.5853e-01
		(Epoch 02/06) Block Loss: 8.3349e-01
		(Epoch 03/06) Block Loss: 8.0710e-01
		(Epoch 04/06) Block Loss: 7.8357e-01
		(Epoch 05/06) Block Loss: 7.7099e-01
		(Epoch 06/06) Block Loss: 7.6643e-01
	(2/3) Block 21/64, mlp.gate_proj | Initialization via ADMM...
	(3/3) Block 21/64, mlp.gate_proj | Tuning Factorized Weights...
		(Epoch 01/06) Block Loss: 1.0630e+00
		(Epoch 02/06) Block Loss: 1.0205e+00
		(Epoch 03/06) Block Loss: 1.0081e+00
		(Epoch 04/06) Block Loss: 1.0022e+00
		(Epoch 05/06) Block Loss: 9.9915e-01
		(Epoch 06/06) Block Loss: 9.9781e-01
	(1/3) Block 21/64, mlp.up_proj | Tuning Non-Factorized Weights...
		(Epoch 01/08) Block Loss: 9.9617e-01
		(Epoch 02/08) Block Loss: 9.4386e-01
		(Epoch 03/08) Block Loss: 9.2081e-01
		(Epoch 04/08) Block Loss: 9.0510e-01
		(Epoch 05/08) Block Loss: 8.9309e-01
		(Epoch 06/08) Block Loss: 8.8464e-01
		(Epoch 07/08) Block Loss: 8.7966e-01
		TuneFP plateau: stopped after 7 epochs
	(2/3) Block 21/64, mlp.up_proj | Initialization via ADMM...
	(3/3) Block 21/64, mlp.up_proj | Tuning Factorized Weights...
		(Epoch 01/08) Block Loss: 1.1528e+00
		(Epoch 02/08) Block Loss: 1.1288e+00
		(Epoch 03/08) Block Loss: 1.1180e+00
		(Epoch 04/08) Block Loss: 1.1109e+00
		(Epoch 05/08) Block Loss: 1.1064e+00
		(Epoch 06/08) Block Loss: 1.1034e+00
		(Epoch 07/08) Block Loss: 1.1014e+00
		(Epoch 08/08) Block Loss: 1.1000e+00
	(1/3) Block 21/64, mlp.down_proj | Tuning Non-Factorized Weights...
		(Epoch 01/08) Block Loss: 1.0934e+00
		(Epoch 02/08) Block Loss: 1.0557e+00
		(Epoch 03/08) Block Loss: 1.0399e+00
		(Epoch 04/08) Block Loss: 1.0297e+00
		(Epoch 05/08) Block Loss: 1.0224e+00
		TuneFP plateau: stopped after 5 epochs
	(2/3) Block 21/64, mlp.down_proj | Initialization via ADMM...
	(3/3) Block 21/64, mlp.down_proj | Tuning Factorized Weights...
		(Epoch 01/08) Block Loss: 1.3735e+00
		(Epoch 02/08) Block Loss: 1.3661e+00
		(Epoch 03/08) Block Loss: 1.3620e+00
		(Epoch 04/08) Block Loss: 1.3589e+00
		(Epoch 05/08) Block Loss: 1.3569e+00
		(Epoch 06/08) Block Loss: 1.3553e+00
		(Epoch 07/08) Block Loss: 1.3541e+00
		(Epoch 08/08) Block Loss: 1.3530e+00

Compressing Layers:  33%|█████████████████████████▌                                                    | 21/64 [1:59:46<3:59:39, 334.41s/it]	Measured rank curves: 2/2 usable; packed block budget preserved
	(1/3) Block 22/64, linear_attn.in_proj_qkv | Tuning Non-Factorized Weights...
		(Epoch 01/02) Block Loss: 1.0100e+00
		(Epoch 02/02) Block Loss: 9.4051e-01
	(2/3) Block 22/64, linear_attn.in_proj_qkv | Initialization via ADMM...
	(3/3) Block 22/64, linear_attn.in_proj_qkv | Tuning Factorized Weights...
		(Epoch 01/02) Block Loss: 9.5065e-01
		(Epoch 02/02) Block Loss: 9.4597e-01
	(1/3) Block 22/64, linear_attn.in_proj_z | Tuning Non-Factorized Weights...
		(Epoch 01/04) Block Loss: 9.6126e-01
		(Epoch 02/04) Block Loss: 9.1233e-01
		(Epoch 03/04) Block Loss: 8.5433e-01
		(Epoch 04/04) Block Loss: 8.2924e-01
	(2/3) Block 22/64, linear_attn.in_proj_z | Initialization via ADMM...
	(3/3) Block 22/64, linear_attn.in_proj_z | Tuning Factorized Weights...
		(Epoch 01/04) Block Loss: 8.6201e-01
		(Epoch 02/04) Block Loss: 8.5706e-01
		(Epoch 03/04) Block Loss: 8.5569e-01
		(Epoch 04/04) Block Loss: 8.5525e-01
	(1/3) Block 22/64, linear_attn.in_proj_b | Tuning Non-Factorized Weights...
		(Epoch 01/04) Block Loss: 8.7981e-01
		(Epoch 02/04) Block Loss: 8.4464e-01
		(Epoch 03/04) Block Loss: 8.0557e-01
		(Epoch 04/04) Block Loss: 7.8681e-01
	(2/3) Block 22/64, linear_attn.in_proj_b | Initialization via ADMM...
	(3/3) Block 22/64, linear_attn.in_proj_b | Tuning Factorized Weights...
		(Epoch 01/04) Block Loss: 7.8699e-01
		(Epoch 02/04) Block Loss: 7.8673e-01
		(Epoch 03/04) Block Loss: 7.8663e-01
		(Epoch 04/04) Block Loss: 7.8660e-01
	(1/3) Block 22/64, linear_attn.in_proj_a | Tuning Non-Factorized Weights...
		(Epoch 01/04) Block Loss: 8.1778e-01
		(Epoch 02/04) Block Loss: 8.0251e-01
		(Epoch 03/04) Block Loss: 7.6615e-01
		(Epoch 04/04) Block Loss: 7.4829e-01
	(2/3) Block 22/64, linear_attn.in_proj_a | Initialization via ADMM...
	(3/3) Block 22/64, linear_attn.in_proj_a | Tuning Factorized Weights...
		(Epoch 01/04) Block Loss: 7.4744e-01
		(Epoch 02/04) Block Loss: 7.4710e-01
		(Epoch 03/04) Block Loss: 7.4698e-01
		(Epoch 04/04) Block Loss: 7.4694e-01
	(1/3) Block 22/64, linear_attn.out_proj | Tuning Non-Factorized Weights...
		(Epoch 01/04) Block Loss: 7.8017e-01
		(Epoch 02/04) Block Loss: 7.7516e-01
		(Epoch 03/04) Block Loss: 7.3715e-01
		(Epoch 04/04) Block Loss: 7.2096e-01
	(2/3) Block 22/64, linear_attn.out_proj | Initialization via ADMM...
	(3/3) Block 22/64, linear_attn.out_proj | Tuning Factorized Weights...
		(Epoch 01/04) Block Loss: 7.8008e-01
		(Epoch 02/04) Block Loss: 7.7886e-01
		(Epoch 03/04) Block Loss: 7.7829e-01
		(Epoch 04/04) Block Loss: 7.7801e-01
	(1/3) Block 22/64, mlp.gate_proj | Tuning Non-Factorized Weights...
		(Epoch 01/06) Block Loss: 7.9417e-01
		(Epoch 02/06) Block Loss: 7.7947e-01
		(Epoch 03/06) Block Loss: 7.5540e-01
		(Epoch 04/06) Block Loss: 7.3212e-01
		(Epoch 05/06) Block Loss: 7.2019e-01
		(Epoch 06/06) Block Loss: 7.1625e-01
	(2/3) Block 22/64, mlp.gate_proj | Initialization via ADMM...
	(3/3) Block 22/64, mlp.gate_proj | Tuning Factorized Weights...
		(Epoch 01/06) Block Loss: 1.0755e+00
		(Epoch 02/06) Block Loss: 1.0339e+00
		(Epoch 03/06) Block Loss: 1.0189e+00
		(Epoch 04/06) Block Loss: 1.0112e+00
		(Epoch 05/06) Block Loss: 1.0072e+00
		(Epoch 06/06) Block Loss: 1.0054e+00
	(1/3) Block 22/64, mlp.up_proj | Tuning Non-Factorized Weights...
		(Epoch 01/08) Block Loss: 9.9547e-01
		(Epoch 02/08) Block Loss: 9.3543e-01
		(Epoch 03/08) Block Loss: 9.0930e-01
		(Epoch 04/08) Block Loss: 8.9227e-01
		(Epoch 05/08) Block Loss: 8.7965e-01
		(Epoch 06/08) Block Loss: 8.7139e-01
		(Epoch 07/08) Block Loss: 8.6648e-01
		TuneFP plateau: stopped after 7 epochs
	(2/3) Block 22/64, mlp.up_proj | Initialization via ADMM...
	(3/3) Block 22/64, mlp.up_proj | Tuning Factorized Weights...
		(Epoch 01/08) Block Loss: 1.2538e+00
		(Epoch 02/08) Block Loss: 1.2243e+00
		(Epoch 03/08) Block Loss: 1.2085e+00
		(Epoch 04/08) Block Loss: 1.1985e+00
		(Epoch 05/08) Block Loss: 1.1920e+00
		(Epoch 06/08) Block Loss: 1.1878e+00
		(Epoch 07/08) Block Loss: 1.1852e+00
		(Epoch 08/08) Block Loss: 1.1837e+00
	(1/3) Block 22/64, mlp.down_proj | Tuning Non-Factorized Weights...
		(Epoch 01/08) Block Loss: 1.1701e+00
		(Epoch 02/08) Block Loss: 1.1236e+00
		(Epoch 03/08) Block Loss: 1.1025e+00
		(Epoch 04/08) Block Loss: 1.0890e+00
		(Epoch 05/08) Block Loss: 1.0796e+00
		(Epoch 06/08) Block Loss: 1.0738e+00
		TuneFP plateau: stopped after 6 epochs
	(2/3) Block 22/64, mlp.down_proj | Initialization via ADMM...
	(3/3) Block 22/64, mlp.down_proj | Tuning Factorized Weights...
		(Epoch 01/08) Block Loss: 1.4401e+00
		(Epoch 02/08) Block Loss: 1.4319e+00
		(Epoch 03/08) Block Loss: 1.4282e+00
		(Epoch 04/08) Block Loss: 1.4254e+00
		(Epoch 05/08) Block Loss: 1.4235e+00
		(Epoch 06/08) Block Loss: 1.4220e+00
		(Epoch 07/08) Block Loss: 1.4207e+00
		(Epoch 08/08) Block Loss: 1.4197e+00

Compressing Layers:  34%|██████████████████████████▊                                                   | 22/64 [2:04:43<3:46:08, 323.07s/it]	Measured rank curves: 2/2 usable; packed block budget preserved
	(1/3) Block 23/64, linear_attn.in_proj_qkv | Tuning Non-Factorized Weights...
		(Epoch 01/02) Block Loss: 8.4754e-01
		(Epoch 02/02) Block Loss: 7.8480e-01
	(2/3) Block 23/64, linear_attn.in_proj_qkv | Initialization via ADMM...
	(3/3) Block 23/64, linear_attn.in_proj_qkv | Tuning Factorized Weights...
		(Epoch 01/02) Block Loss: 7.9052e-01
		(Epoch 02/02) Block Loss: 7.8781e-01
	(1/3) Block 23/64, linear_attn.in_proj_z | Tuning Non-Factorized Weights...
		(Epoch 01/04) Block Loss: 8.0264e-01
		(Epoch 02/04) Block Loss: 7.5995e-01
		(Epoch 03/04) Block Loss: 7.1183e-01
		(Epoch 04/04) Block Loss: 6.9137e-01
	(2/3) Block 23/64, linear_attn.in_proj_z | Initialization via ADMM...
	(3/3) Block 23/64, linear_attn.in_proj_z | Tuning Factorized Weights...
		(Epoch 01/04) Block Loss: 7.0911e-01
		(Epoch 02/04) Block Loss: 7.0643e-01
		(Epoch 03/04) Block Loss: 7.0566e-01
		(Epoch 04/04) Block Loss: 7.0541e-01
	(1/3) Block 23/64, linear_attn.in_proj_b | Tuning Non-Factorized Weights...
		(Epoch 01/04) Block Loss: 7.2465e-01
		(Epoch 02/04) Block Loss: 6.9713e-01
		(Epoch 03/04) Block Loss: 6.6399e-01
		(Epoch 04/04) Block Loss: 6.4806e-01
	(2/3) Block 23/64, linear_attn.in_proj_b | Initialization via ADMM...
	(3/3) Block 23/64, linear_attn.in_proj_b | Tuning Factorized Weights...
		(Epoch 01/04) Block Loss: 6.4814e-01
		(Epoch 02/04) Block Loss: 6.4785e-01
		(Epoch 03/04) Block Loss: 6.4779e-01
		(Epoch 04/04) Block Loss: 6.4777e-01
	(1/3) Block 23/64, linear_attn.in_proj_a | Tuning Non-Factorized Weights...
		(Epoch 01/04) Block Loss: 6.7324e-01
		(Epoch 02/04) Block Loss: 6.5885e-01
		(Epoch 03/04) Block Loss: 6.2914e-01
		(Epoch 04/04) Block Loss: 6.1416e-01
	(2/3) Block 23/64, linear_attn.in_proj_a | Initialization via ADMM...
	(3/3) Block 23/64, linear_attn.in_proj_a | Tuning Factorized Weights...
		(Epoch 01/04) Block Loss: 6.1419e-01
		(Epoch 02/04) Block Loss: 6.1372e-01
		(Epoch 03/04) Block Loss: 6.1363e-01
		(Epoch 04/04) Block Loss: 6.1360e-01
	(1/3) Block 23/64, linear_attn.out_proj | Tuning Non-Factorized Weights...
		(Epoch 01/04) Block Loss: 6.3884e-01
		(Epoch 02/04) Block Loss: 6.3640e-01
		(Epoch 03/04) Block Loss: 6.0370e-01
		(Epoch 04/04) Block Loss: 5.9013e-01
	(2/3) Block 23/64, linear_attn.out_proj | Initialization via ADMM...
	(3/3) Block 23/64, linear_attn.out_proj | Tuning Factorized Weights...
		(Epoch 01/04) Block Loss: 6.2559e-01
		(Epoch 02/04) Block Loss: 6.2489e-01
		(Epoch 03/04) Block Loss: 6.2456e-01
		(Epoch 04/04) Block Loss: 6.2440e-01
	(1/3) Block 23/64, mlp.gate_proj | Tuning Non-Factorized Weights...
		(Epoch 01/06) Block Loss: 6.4005e-01
		(Epoch 02/06) Block Loss: 6.3264e-01
		(Epoch 03/06) Block Loss: 6.1219e-01
		(Epoch 04/06) Block Loss: 5.9239e-01
		(Epoch 05/06) Block Loss: 5.8274e-01
		(Epoch 06/06) Block Loss: 5.7966e-01
	(2/3) Block 23/64, mlp.gate_proj | Initialization via ADMM...
	(3/3) Block 23/64, mlp.gate_proj | Tuning Factorized Weights...
		(Epoch 01/06) Block Loss: 8.2405e-01
		(Epoch 02/06) Block Loss: 7.8820e-01
		(Epoch 03/06) Block Loss: 7.7650e-01
		(Epoch 04/06) Block Loss: 7.7080e-01
		(Epoch 05/06) Block Loss: 7.6798e-01
		(Epoch 06/06) Block Loss: 7.6680e-01
	(1/3) Block 23/64, mlp.up_proj | Tuning Non-Factorized Weights...
		(Epoch 01/08) Block Loss: 7.6273e-01
		(Epoch 02/08) Block Loss: 7.1961e-01
		(Epoch 03/08) Block Loss: 7.0057e-01
		(Epoch 04/08) Block Loss: 6.8812e-01
		(Epoch 05/08) Block Loss: 6.7867e-01
		(Epoch 06/08) Block Loss: 6.7249e-01
		(Epoch 07/08) Block Loss: 6.6883e-01
		TuneFP plateau: stopped after 7 epochs
	(2/3) Block 23/64, mlp.up_proj | Initialization via ADMM...
	(3/3) Block 23/64, mlp.up_proj | Tuning Factorized Weights...
		(Epoch 01/08) Block Loss: 9.7147e-01
		(Epoch 02/08) Block Loss: 9.4575e-01
		(Epoch 03/08) Block Loss: 9.3244e-01
		(Epoch 04/08) Block Loss: 9.2428e-01
		(Epoch 05/08) Block Loss: 9.1896e-01
		(Epoch 06/08) Block Loss: 9.1563e-01
		(Epoch 07/08) Block Loss: 9.1365e-01
		(Epoch 08/08) Block Loss: 9.1253e-01
	(1/3) Block 23/64, mlp.down_proj | Tuning Non-Factorized Weights...
		(Epoch 01/08) Block Loss: 9.0105e-01
		(Epoch 02/08) Block Loss: 8.6389e-01
		(Epoch 03/08) Block Loss: 8.4702e-01
		(Epoch 04/08) Block Loss: 8.3634e-01
		(Epoch 05/08) Block Loss: 8.2903e-01
		(Epoch 06/08) Block Loss: 8.2448e-01
		TuneFP plateau: stopped after 6 epochs
	(2/3) Block 23/64, mlp.down_proj | Initialization via ADMM...
	(3/3) Block 23/64, mlp.down_proj | Tuning Factorized Weights...
		(Epoch 01/08) Block Loss: 1.2190e+00
		(Epoch 02/08) Block Loss: 1.2116e+00
		(Epoch 03/08) Block Loss: 1.2083e+00
		(Epoch 04/08) Block Loss: 1.2058e+00
		(Epoch 05/08) Block Loss: 1.2041e+00
		(Epoch 06/08) Block Loss: 1.2029e+00
		(Epoch 07/08) Block Loss: 1.2019e+00
		(Epoch 08/08) Block Loss: 1.2011e+00

Compressing Layers:  36%|████████████████████████████                                                  | 23/64 [2:09:15<3:30:22, 307.86s/it]	Measured rank curves: 2/2 usable; packed block budget preserved
	(1/3) Block 24/64, self_attn.q_proj | Tuning Non-Factorized Weights...
		(Epoch 01/02) Block Loss: 4.9282e-01
		(Epoch 02/02) Block Loss: 4.7135e-01
	(2/3) Block 24/64, self_attn.q_proj | Initialization via ADMM...
	(3/3) Block 24/64, self_attn.q_proj | Tuning Factorized Weights...
		(Epoch 01/02) Block Loss: 4.6184e-01
		(Epoch 02/02) Block Loss: 4.6075e-01
	(1/3) Block 24/64, self_attn.v_proj | Tuning Non-Factorized Weights...
		(Epoch 01/04) Block Loss: 4.6485e-01
		(Epoch 02/04) Block Loss: 4.5037e-01
		(Epoch 03/04) Block Loss: 4.1886e-01
		(Epoch 04/04) Block Loss: 4.0702e-01
	(2/3) Block 24/64, self_attn.v_proj | Initialization via ADMM...
	(3/3) Block 24/64, self_attn.v_proj | Tuning Factorized Weights...
		(Epoch 01/04) Block Loss: 4.4070e-01
		(Epoch 02/04) Block Loss: 4.3649e-01
		(Epoch 03/04) Block Loss: 4.3505e-01
		(Epoch 04/04) Block Loss: 4.3450e-01
	(1/3) Block 24/64, self_attn.k_proj | Tuning Non-Factorized Weights...
		(Epoch 01/02) Block Loss: 4.3581e-01
		(Epoch 02/02) Block Loss: 4.1416e-01
	(2/3) Block 24/64, self_attn.k_proj | Initialization via ADMM...
	(3/3) Block 24/64, self_attn.k_proj | Tuning Factorized Weights...
		(Epoch 01/02) Block Loss: 4.0977e-01
		(Epoch 02/02) Block Loss: 4.0926e-01
	(1/3) Block 24/64, self_attn.o_proj | Tuning Non-Factorized Weights...
		(Epoch 01/04) Block Loss: 4.1826e-01
		(Epoch 02/04) Block Loss: 4.0946e-01
		(Epoch 03/04) Block Loss: 3.8788e-01
		(Epoch 04/04) Block Loss: 3.7819e-01
	(2/3) Block 24/64, self_attn.o_proj | Initialization via ADMM...
	(3/3) Block 24/64, self_attn.o_proj | Tuning Factorized Weights...
		(Epoch 01/04) Block Loss: 3.9928e-01
		(Epoch 02/04) Block Loss: 3.9809e-01
		(Epoch 03/04) Block Loss: 3.9748e-01
		(Epoch 04/04) Block Loss: 3.9722e-01
	(1/3) Block 24/64, mlp.gate_proj | Tuning Non-Factorized Weights...
		(Epoch 01/06) Block Loss: 4.0217e-01
		(Epoch 02/06) Block Loss: 3.9014e-01
		(Epoch 03/06) Block Loss: 3.7846e-01
		(Epoch 04/06) Block Loss: 3.6594e-01
		(Epoch 05/06) Block Loss: 3.5897e-01
		(Epoch 06/06) Block Loss: 3.5688e-01
	(2/3) Block 24/64, mlp.gate_proj | Initialization via ADMM...
	(3/3) Block 24/64, mlp.gate_proj | Tuning Factorized Weights...
		(Epoch 01/06) Block Loss: 5.0033e-01
		(Epoch 02/06) Block Loss: 4.8138e-01
		(Epoch 03/06) Block Loss: 4.7497e-01
		(Epoch 04/06) Block Loss: 4.7166e-01
		(Epoch 05/06) Block Loss: 4.6999e-01
		(Epoch 06/06) Block Loss: 4.6934e-01
	(1/3) Block 24/64, mlp.up_proj | Tuning Non-Factorized Weights...
		(Epoch 01/08) Block Loss: 4.6546e-01
		(Epoch 02/08) Block Loss: 4.3832e-01
		(Epoch 03/08) Block Loss: 4.2580e-01
		(Epoch 04/08) Block Loss: 4.1760e-01
		(Epoch 05/08) Block Loss: 4.1128e-01
		(Epoch 06/08) Block Loss: 4.0725e-01
		(Epoch 07/08) Block Loss: 4.0495e-01
		TuneFP plateau: stopped after 7 epochs
	(2/3) Block 24/64, mlp.up_proj | Initialization via ADMM...
	(3/3) Block 24/64, mlp.up_proj | Tuning Factorized Weights...
		(Epoch 01/08) Block Loss: 6.1392e-01
		(Epoch 02/08) Block Loss: 5.9903e-01
		(Epoch 03/08) Block Loss: 5.9050e-01
		(Epoch 04/08) Block Loss: 5.8516e-01
		(Epoch 05/08) Block Loss: 5.8170e-01
		(Epoch 06/08) Block Loss: 5.7958e-01
		(Epoch 07/08) Block Loss: 5.7832e-01
		(Epoch 08/08) Block Loss: 5.7767e-01
	(1/3) Block 24/64, mlp.down_proj | Tuning Non-Factorized Weights...
		(Epoch 01/08) Block Loss: 5.6904e-01
		(Epoch 02/08) Block Loss: 5.4411e-01
		(Epoch 03/08) Block Loss: 5.3217e-01
		(Epoch 04/08) Block Loss: 5.2455e-01
		(Epoch 05/08) Block Loss: 5.1937e-01
		(Epoch 06/08) Block Loss: 5.1621e-01
		TuneFP plateau: stopped after 6 epochs
	(2/3) Block 24/64, mlp.down_proj | Initialization via ADMM...
	(3/3) Block 24/64, mlp.down_proj | Tuning Factorized Weights...
		(Epoch 01/08) Block Loss: 7.0241e-01
		(Epoch 02/08) Block Loss: 6.9674e-01
		(Epoch 03/08) Block Loss: 6.9459e-01
		(Epoch 04/08) Block Loss: 6.9299e-01
		(Epoch 05/08) Block Loss: 6.9184e-01
		(Epoch 06/08) Block Loss: 6.9099e-01
		(Epoch 07/08) Block Loss: 6.9035e-01
		(Epoch 08/08) Block Loss: 6.8982e-01

Compressing Layers:  38%|█████████████████████████████▎                                                | 24/64 [2:13:03<3:09:13, 283.83s/it]	Measured rank curves: 2/2 usable; packed block budget preserved
	(1/3) Block 25/64, linear_attn.in_proj_qkv | Tuning Non-Factorized Weights...
		(Epoch 01/02) Block Loss: 2.3726e-01
		(Epoch 02/02) Block Loss: 2.2257e-01
	(2/3) Block 25/64, linear_attn.in_proj_qkv | Initialization via ADMM...
	(3/3) Block 25/64, linear_attn.in_proj_qkv | Tuning Factorized Weights...
		(Epoch 01/02) Block Loss: 2.2071e-01
		(Epoch 02/02) Block Loss: 2.2002e-01
	(1/3) Block 25/64, linear_attn.in_proj_z | Tuning Non-Factorized Weights...
		(Epoch 01/04) Block Loss: 2.2222e-01
		(Epoch 02/04) Block Loss: 2.1390e-01
		(Epoch 03/04) Block Loss: 1.9803e-01
		(Epoch 04/04) Block Loss: 1.9175e-01
	(2/3) Block 25/64, linear_attn.in_proj_z | Initialization via ADMM...
	(3/3) Block 25/64, linear_attn.in_proj_z | Tuning Factorized Weights...
		(Epoch 01/04) Block Loss: 1.9645e-01
		(Epoch 02/04) Block Loss: 1.9593e-01
		(Epoch 03/04) Block Loss: 1.9575e-01
		(Epoch 04/04) Block Loss: 1.9568e-01
	(1/3) Block 25/64, linear_attn.in_proj_b | Tuning Non-Factorized Weights...
		(Epoch 01/04) Block Loss: 1.9970e-01
		(Epoch 02/04) Block Loss: 1.9415e-01
		(Epoch 03/04) Block Loss: 1.8281e-01
		(Epoch 04/04) Block Loss: 1.7812e-01
	(2/3) Block 25/64, linear_attn.in_proj_b | Initialization via ADMM...
	(3/3) Block 25/64, linear_attn.in_proj_b | Tuning Factorized Weights...
		(Epoch 01/04) Block Loss: 1.7800e-01
		(Epoch 02/04) Block Loss: 1.7792e-01
		(Epoch 03/04) Block Loss: 1.7790e-01
		(Epoch 04/04) Block Loss: 1.7789e-01
	(1/3) Block 25/64, linear_attn.in_proj_a | Tuning Non-Factorized Weights...
		(Epoch 01/04) Block Loss: 1.8327e-01
		(Epoch 02/04) Block Loss: 1.8255e-01
		(Epoch 03/04) Block Loss: 1.7164e-01
		(Epoch 04/04) Block Loss: 1.6736e-01
	(2/3) Block 25/64, linear_attn.in_proj_a | Initialization via ADMM...
	(3/3) Block 25/64, linear_attn.in_proj_a | Tuning Factorized Weights...
		(Epoch 01/04) Block Loss: 1.6709e-01
		(Epoch 02/04) Block Loss: 1.6704e-01
		(Epoch 03/04) Block Loss: 1.6702e-01
		(Epoch 04/04) Block Loss: 1.6701e-01
	(1/3) Block 25/64, linear_attn.out_proj | Tuning Non-Factorized Weights...
		(Epoch 01/04) Block Loss: 1.7299e-01
		(Epoch 02/04) Block Loss: 1.7561e-01
		(Epoch 03/04) Block Loss: 1.6390e-01
		(Epoch 04/04) Block Loss: 1.5990e-01
	(2/3) Block 25/64, linear_attn.out_proj | Initialization via ADMM...
	(3/3) Block 25/64, linear_attn.out_proj | Tuning Factorized Weights...
		(Epoch 01/04) Block Loss: 1.7998e-01
		(Epoch 02/04) Block Loss: 1.7938e-01
		(Epoch 03/04) Block Loss: 1.7912e-01
		(Epoch 04/04) Block Loss: 1.7901e-01
	(1/3) Block 25/64, mlp.gate_proj | Tuning Non-Factorized Weights...
		(Epoch 01/06) Block Loss: 1.8033e-01
		(Epoch 02/06) Block Loss: 1.7907e-01
		(Epoch 03/06) Block Loss: 1.7182e-01
		(Epoch 04/06) Block Loss: 1.6555e-01
		(Epoch 05/06) Block Loss: 1.6252e-01
		(Epoch 06/06) Block Loss: 1.6160e-01
	(2/3) Block 25/64, mlp.gate_proj | Initialization via ADMM...
	(3/3) Block 25/64, mlp.gate_proj | Tuning Factorized Weights...
		(Epoch 01/06) Block Loss: 3.1249e-01
		(Epoch 02/06) Block Loss: 2.9306e-01
		(Epoch 03/06) Block Loss: 2.8439e-01
		(Epoch 04/06) Block Loss: 2.8034e-01
		(Epoch 05/06) Block Loss: 2.7846e-01
		(Epoch 06/06) Block Loss: 2.7785e-01
	(1/3) Block 25/64, mlp.up_proj | Tuning Non-Factorized Weights...
		(Epoch 01/08) Block Loss: 2.6914e-01
		(Epoch 02/08) Block Loss: 2.4664e-01
		(Epoch 03/08) Block Loss: 2.3655e-01
		(Epoch 04/08) Block Loss: 2.3025e-01
		(Epoch 05/08) Block Loss: 2.2593e-01
		(Epoch 06/08) Block Loss: 2.2330e-01
		(Epoch 07/08) Block Loss: 2.2180e-01
		(Epoch 08/08) Block Loss: 2.2122e-01
		TuneFP plateau: stopped after 8 epochs
	(2/3) Block 25/64, mlp.up_proj | Initialization via ADMM...
	(3/3) Block 25/64, mlp.up_proj | Tuning Factorized Weights...
		(Epoch 01/08) Block Loss: 3.7298e-01
		(Epoch 02/08) Block Loss: 3.6476e-01
		(Epoch 03/08) Block Loss: 3.5947e-01
		(Epoch 04/08) Block Loss: 3.5602e-01
		(Epoch 05/08) Block Loss: 3.5380e-01
		(Epoch 06/08) Block Loss: 3.5246e-01
		(Epoch 07/08) Block Loss: 3.5173e-01
		(Epoch 08/08) Block Loss: 3.5140e-01
	(1/3) Block 25/64, mlp.down_proj | Tuning Non-Factorized Weights...
		(Epoch 01/08) Block Loss: 3.4505e-01
		(Epoch 02/08) Block Loss: 3.3010e-01
		(Epoch 03/08) Block Loss: 3.2245e-01
		(Epoch 04/08) Block Loss: 3.1751e-01
		(Epoch 05/08) Block Loss: 3.1419e-01
		(Epoch 06/08) Block Loss: 3.1220e-01
		(Epoch 07/08) Block Loss: 3.1110e-01
		TuneFP plateau: stopped after 7 epochs
	(2/3) Block 25/64, mlp.down_proj | Initialization via ADMM...
	(3/3) Block 25/64, mlp.down_proj | Tuning Factorized Weights...
		(Epoch 01/08) Block Loss: 4.4676e-01
		(Epoch 02/08) Block Loss: 4.4314e-01
		(Epoch 03/08) Block Loss: 4.4218e-01
		(Epoch 04/08) Block Loss: 4.4143e-01
		(Epoch 05/08) Block Loss: 4.4088e-01
		(Epoch 06/08) Block Loss: 4.4049e-01
		(Epoch 07/08) Block Loss: 4.4024e-01
		(Epoch 08/08) Block Loss: 4.4007e-01

Compressing Layers:  39%|██████████████████████████████▍                                               | 25/64 [2:16:26<2:48:42, 259.55s/it]	Measured rank curves: 2/2 usable; packed block budget preserved
	(1/3) Block 26/64, linear_attn.in_proj_qkv | Tuning Non-Factorized Weights...
		(Epoch 01/02) Block Loss: 1.6893e-01
		(Epoch 02/02) Block Loss: 1.5340e-01
	(2/3) Block 26/64, linear_attn.in_proj_qkv | Initialization via ADMM...
	(3/3) Block 26/64, linear_attn.in_proj_qkv | Tuning Factorized Weights...
		(Epoch 01/02) Block Loss: 1.5217e-01
		(Epoch 02/02) Block Loss: 1.5188e-01
	(1/3) Block 26/64, linear_attn.in_proj_z | Tuning Non-Factorized Weights...
		(Epoch 01/04) Block Loss: 1.5181e-01
		(Epoch 02/04) Block Loss: 1.4184e-01
		(Epoch 03/04) Block Loss: 1.3267e-01
		(Epoch 04/04) Block Loss: 1.2914e-01
	(2/3) Block 26/64, linear_attn.in_proj_z | Initialization via ADMM...
	(3/3) Block 26/64, linear_attn.in_proj_z | Tuning Factorized Weights...
		(Epoch 01/04) Block Loss: 1.3442e-01
		(Epoch 02/04) Block Loss: 1.3394e-01
		(Epoch 03/04) Block Loss: 1.3378e-01
		(Epoch 04/04) Block Loss: 1.3373e-01
	(1/3) Block 26/64, linear_attn.in_proj_b | Tuning Non-Factorized Weights...
		(Epoch 01/04) Block Loss: 1.3488e-01
		(Epoch 02/04) Block Loss: 1.2714e-01
		(Epoch 03/04) Block Loss: 1.2147e-01
		(Epoch 04/04) Block Loss: 1.1864e-01
	(2/3) Block 26/64, linear_attn.in_proj_b | Initialization via ADMM...
	(3/3) Block 26/64, linear_attn.in_proj_b | Tuning Factorized Weights...
		(Epoch 01/04) Block Loss: 1.1861e-01
		(Epoch 02/04) Block Loss: 1.1856e-01
		(Epoch 03/04) Block Loss: 1.1854e-01
		(Epoch 04/04) Block Loss: 1.1853e-01
	(1/3) Block 26/64, linear_attn.in_proj_a | Tuning Non-Factorized Weights...
		(Epoch 01/04) Block Loss: 1.2119e-01
		(Epoch 02/04) Block Loss: 1.1724e-01
		(Epoch 03/04) Block Loss: 1.1231e-01
		(Epoch 04/04) Block Loss: 1.0984e-01
	(2/3) Block 26/64, linear_attn.in_proj_a | Initialization via ADMM...
	(3/3) Block 26/64, linear_attn.in_proj_a | Tuning Factorized Weights...
		(Epoch 01/04) Block Loss: 1.0975e-01
		(Epoch 02/04) Block Loss: 1.0966e-01
		(Epoch 03/04) Block Loss: 1.0964e-01
		(Epoch 04/04) Block Loss: 1.0964e-01
	(1/3) Block 26/64, linear_attn.out_proj | Tuning Non-Factorized Weights...
		(Epoch 01/04) Block Loss: 1.1277e-01
		(Epoch 02/04) Block Loss: 1.1118e-01
		(Epoch 03/04) Block Loss: 1.0594e-01
		(Epoch 04/04) Block Loss: 1.0373e-01
	(2/3) Block 26/64, linear_attn.out_proj | Initialization via ADMM...
	(3/3) Block 26/64, linear_attn.out_proj | Tuning Factorized Weights...
		(Epoch 01/04) Block Loss: 1.2261e-01
		(Epoch 02/04) Block Loss: 1.2199e-01
		(Epoch 03/04) Block Loss: 1.2168e-01
		(Epoch 04/04) Block Loss: 1.2158e-01
	(1/3) Block 26/64, mlp.gate_proj | Tuning Non-Factorized Weights...
		(Epoch 01/06) Block Loss: 1.2045e-01
		(Epoch 02/06) Block Loss: 1.1624e-01
		(Epoch 03/06) Block Loss: 1.1260e-01
		(Epoch 04/06) Block Loss: 1.0899e-01
		(Epoch 05/06) Block Loss: 1.0708e-01
		(Epoch 06/06) Block Loss: 1.0648e-01
	(2/3) Block 26/64, mlp.gate_proj | Initialization via ADMM...
	(3/3) Block 26/64, mlp.gate_proj | Tuning Factorized Weights...
		(Epoch 01/06) Block Loss: 2.1287e-01
		(Epoch 02/06) Block Loss: 2.0195e-01
		(Epoch 03/06) Block Loss: 1.9530e-01
		(Epoch 04/06) Block Loss: 1.9215e-01
		(Epoch 05/06) Block Loss: 1.9079e-01
		(Epoch 06/06) Block Loss: 1.9036e-01
	(1/3) Block 26/64, mlp.up_proj | Tuning Non-Factorized Weights...
		(Epoch 01/08) Block Loss: 1.8285e-01
		(Epoch 02/08) Block Loss: 1.6907e-01
		(Epoch 03/08) Block Loss: 1.6242e-01
		(Epoch 04/08) Block Loss: 1.5812e-01
		(Epoch 05/08) Block Loss: 1.5515e-01
		(Epoch 06/08) Block Loss: 1.5331e-01
		(Epoch 07/08) Block Loss: 1.5228e-01
		(Epoch 08/08) Block Loss: 1.5189e-01
		TuneFP plateau: stopped after 8 epochs
	(2/3) Block 26/64, mlp.up_proj | Initialization via ADMM...
	(3/3) Block 26/64, mlp.up_proj | Tuning Factorized Weights...
		(Epoch 01/08) Block Loss: 2.6453e-01
		(Epoch 02/08) Block Loss: 2.6024e-01
		(Epoch 03/08) Block Loss: 2.5755e-01
		(Epoch 04/08) Block Loss: 2.5574e-01
		(Epoch 05/08) Block Loss: 2.5458e-01
		(Epoch 06/08) Block Loss: 2.5388e-01
		(Epoch 07/08) Block Loss: 2.5351e-01
		(Epoch 08/08) Block Loss: 2.5336e-01
	(1/3) Block 26/64, mlp.down_proj | Tuning Non-Factorized Weights...
		(Epoch 01/08) Block Loss: 2.4936e-01
		(Epoch 02/08) Block Loss: 2.4131e-01
		(Epoch 03/08) Block Loss: 2.3718e-01
		(Epoch 04/08) Block Loss: 2.3447e-01
		(Epoch 05/08) Block Loss: 2.3264e-01
		(Epoch 06/08) Block Loss: 2.3153e-01
		TuneFP plateau: stopped after 6 epochs
	(2/3) Block 26/64, mlp.down_proj | Initialization via ADMM...
	(3/3) Block 26/64, mlp.down_proj | Tuning Factorized Weights...
		(Epoch 01/08) Block Loss: 2.8751e-01
		(Epoch 02/08) Block Loss: 2.8571e-01
		(Epoch 03/08) Block Loss: 2.8502e-01
		(Epoch 04/08) Block Loss: 2.8445e-01
		(Epoch 05/08) Block Loss: 2.8403e-01
		(Epoch 06/08) Block Loss: 2.8375e-01
		(Epoch 07/08) Block Loss: 2.8360e-01
		(Epoch 08/08) Block Loss: 2.8353e-01

Compressing Layers:  41%|███████████████████████████████▋                                              | 26/64 [2:19:28<2:29:40, 236.34s/it]	Measured rank curves: 2/2 usable; packed block budget preserved
	(1/3) Block 27/64, linear_attn.in_proj_qkv | Tuning Non-Factorized Weights...
		(Epoch 01/02) Block Loss: 2.5860e-01
		(Epoch 02/02) Block Loss: 2.3262e-01
	(2/3) Block 27/64, linear_attn.in_proj_qkv | Initialization via ADMM...
	(3/3) Block 27/64, linear_attn.in_proj_qkv | Tuning Factorized Weights...
		(Epoch 01/02) Block Loss: 2.3182e-01
		(Epoch 02/02) Block Loss: 2.3131e-01
	(1/3) Block 27/64, linear_attn.in_proj_z | Tuning Non-Factorized Weights...
		(Epoch 01/04) Block Loss: 2.3105e-01
		(Epoch 02/04) Block Loss: 2.1234e-01
		(Epoch 03/04) Block Loss: 1.9987e-01
		(Epoch 04/04) Block Loss: 1.9503e-01
	(2/3) Block 27/64, linear_attn.in_proj_z | Initialization via ADMM...
	(3/3) Block 27/64, linear_attn.in_proj_z | Tuning Factorized Weights...
		(Epoch 01/04) Block Loss: 2.0686e-01
		(Epoch 02/04) Block Loss: 2.0579e-01
		(Epoch 03/04) Block Loss: 2.0540e-01
		(Epoch 04/04) Block Loss: 2.0528e-01
	(1/3) Block 27/64, linear_attn.in_proj_b | Tuning Non-Factorized Weights...
		(Epoch 01/04) Block Loss: 2.0565e-01
		(Epoch 02/04) Block Loss: 1.9186e-01
		(Epoch 03/04) Block Loss: 1.8395e-01
		(Epoch 04/04) Block Loss: 1.7978e-01
	(2/3) Block 27/64, linear_attn.in_proj_b | Initialization via ADMM...
	(3/3) Block 27/64, linear_attn.in_proj_b | Tuning Factorized Weights...
		(Epoch 01/04) Block Loss: 1.7975e-01
		(Epoch 02/04) Block Loss: 1.7967e-01
		(Epoch 03/04) Block Loss: 1.7964e-01
		(Epoch 04/04) Block Loss: 1.7963e-01
	(1/3) Block 27/64, linear_attn.in_proj_a | Tuning Non-Factorized Weights...
		(Epoch 01/04) Block Loss: 1.8353e-01
		(Epoch 02/04) Block Loss: 1.7521e-01
		(Epoch 03/04) Block Loss: 1.6876e-01
		(Epoch 04/04) Block Loss: 1.6539e-01
	(2/3) Block 27/64, linear_attn.in_proj_a | Initialization via ADMM...
	(3/3) Block 27/64, linear_attn.in_proj_a | Tuning Factorized Weights...
		(Epoch 01/04) Block Loss: 1.6525e-01
		(Epoch 02/04) Block Loss: 1.6518e-01
		(Epoch 03/04) Block Loss: 1.6516e-01
		(Epoch 04/04) Block Loss: 1.6515e-01
	(1/3) Block 27/64, linear_attn.out_proj | Tuning Non-Factorized Weights...
		(Epoch 01/04) Block Loss: 1.6944e-01
		(Epoch 02/04) Block Loss: 1.6450e-01
		(Epoch 03/04) Block Loss: 1.5836e-01
		(Epoch 04/04) Block Loss: 1.5517e-01
	(2/3) Block 27/64, linear_attn.out_proj | Initialization via ADMM...
	(3/3) Block 27/64, linear_attn.out_proj | Tuning Factorized Weights...
		(Epoch 01/04) Block Loss: 1.8278e-01
		(Epoch 02/04) Block Loss: 1.8142e-01
		(Epoch 03/04) Block Loss: 1.8081e-01
		(Epoch 04/04) Block Loss: 1.8062e-01
	(1/3) Block 27/64, mlp.gate_proj | Tuning Non-Factorized Weights...
		(Epoch 01/06) Block Loss: 1.7796e-01
		(Epoch 02/06) Block Loss: 1.7011e-01
		(Epoch 03/06) Block Loss: 1.6501e-01
		(Epoch 04/06) Block Loss: 1.6026e-01
		(Epoch 05/06) Block Loss: 1.5747e-01
		(Epoch 06/06) Block Loss: 1.5657e-01
	(2/3) Block 27/64, mlp.gate_proj | Initialization via ADMM...
	(3/3) Block 27/64, mlp.gate_proj | Tuning Factorized Weights...
		(Epoch 01/06) Block Loss: 2.8834e-01
		(Epoch 02/06) Block Loss: 2.7153e-01
		(Epoch 03/06) Block Loss: 2.6204e-01
		(Epoch 04/06) Block Loss: 2.5780e-01
		(Epoch 05/06) Block Loss: 2.5599e-01
		(Epoch 06/06) Block Loss: 2.5546e-01
	(1/3) Block 27/64, mlp.up_proj | Tuning Non-Factorized Weights...
		(Epoch 01/08) Block Loss: 2.4491e-01
		(Epoch 02/08) Block Loss: 2.2700e-01
		(Epoch 03/08) Block Loss: 2.1830e-01
		(Epoch 04/08) Block Loss: 2.1267e-01
		(Epoch 05/08) Block Loss: 2.0875e-01
		(Epoch 06/08) Block Loss: 2.0631e-01
		(Epoch 07/08) Block Loss: 2.0493e-01
		(Epoch 08/08) Block Loss: 2.0441e-01
		TuneFP plateau: stopped after 8 epochs
	(2/3) Block 27/64, mlp.up_proj | Initialization via ADMM...
	(3/3) Block 27/64, mlp.up_proj | Tuning Factorized Weights...
		(Epoch 01/08) Block Loss: 3.5904e-01
		(Epoch 02/08) Block Loss: 3.5225e-01
		(Epoch 03/08) Block Loss: 3.4814e-01
		(Epoch 04/08) Block Loss: 3.4546e-01
		(Epoch 05/08) Block Loss: 3.4376e-01
		(Epoch 06/08) Block Loss: 3.4276e-01
		(Epoch 07/08) Block Loss: 3.4223e-01
		(Epoch 08/08) Block Loss: 3.4202e-01
	(1/3) Block 27/64, mlp.down_proj | Tuning Non-Factorized Weights...
		(Epoch 01/08) Block Loss: 3.3590e-01
		(Epoch 02/08) Block Loss: 3.2410e-01
		(Epoch 03/08) Block Loss: 3.1806e-01
		(Epoch 04/08) Block Loss: 3.1412e-01
		(Epoch 05/08) Block Loss: 3.1145e-01
		(Epoch 06/08) Block Loss: 3.0980e-01
		TuneFP plateau: stopped after 6 epochs
	(2/3) Block 27/64, mlp.down_proj | Initialization via ADMM...
	(3/3) Block 27/64, mlp.down_proj | Tuning Factorized Weights...
		(Epoch 01/08) Block Loss: 4.1128e-01
		(Epoch 02/08) Block Loss: 4.0885e-01
		(Epoch 03/08) Block Loss: 4.0803e-01
		(Epoch 04/08) Block Loss: 4.0729e-01
		(Epoch 05/08) Block Loss: 4.0673e-01
		(Epoch 06/08) Block Loss: 4.0634e-01
		(Epoch 07/08) Block Loss: 4.0612e-01
		(Epoch 08/08) Block Loss: 4.0602e-01

Compressing Layers:  42%|████████████████████████████████▉                                             | 27/64 [2:22:14<2:12:39, 215.11s/it]	Measured rank curves: 2/2 usable; packed block budget preserved
	(1/3) Block 28/64, self_attn.q_proj | Tuning Non-Factorized Weights...
		(Epoch 01/02) Block Loss: 1.8716e-01
		(Epoch 02/02) Block Loss: 1.6715e-01
	(2/3) Block 28/64, self_attn.q_proj | Initialization via ADMM...
	(3/3) Block 28/64, self_attn.q_proj | Tuning Factorized Weights...
		(Epoch 01/02) Block Loss: 1.6614e-01
		(Epoch 02/02) Block Loss: 1.6593e-01
	(1/3) Block 28/64, self_attn.v_proj | Tuning Non-Factorized Weights...
		(Epoch 01/04) Block Loss: 1.6586e-01
		(Epoch 02/04) Block Loss: 1.5134e-01
		(Epoch 03/04) Block Loss: 1.4359e-01
		(Epoch 04/04) Block Loss: 1.4042e-01
	(2/3) Block 28/64, self_attn.v_proj | Initialization via ADMM...
	(3/3) Block 28/64, self_attn.v_proj | Tuning Factorized Weights...
		(Epoch 01/04) Block Loss: 1.4557e-01
		(Epoch 02/04) Block Loss: 1.4483e-01
		(Epoch 03/04) Block Loss: 1.4460e-01
		(Epoch 04/04) Block Loss: 1.4453e-01
	(1/3) Block 28/64, self_attn.k_proj | Tuning Non-Factorized Weights...
		(Epoch 01/02) Block Loss: 1.4460e-01
		(Epoch 02/02) Block Loss: 1.3598e-01
	(2/3) Block 28/64, self_attn.k_proj | Initialization via ADMM...
	(3/3) Block 28/64, self_attn.k_proj | Tuning Factorized Weights...
		(Epoch 01/02) Block Loss: 1.3544e-01
		(Epoch 02/02) Block Loss: 1.3532e-01
	(1/3) Block 28/64, self_attn.o_proj | Tuning Non-Factorized Weights...
		(Epoch 01/04) Block Loss: 1.3731e-01
		(Epoch 02/04) Block Loss: 1.3014e-01
		(Epoch 03/04) Block Loss: 1.2520e-01
		(Epoch 04/04) Block Loss: 1.2298e-01
	(2/3) Block 28/64, self_attn.o_proj | Initialization via ADMM...
	(3/3) Block 28/64, self_attn.o_proj | Tuning Factorized Weights...
		(Epoch 01/04) Block Loss: 1.4579e-01
		(Epoch 02/04) Block Loss: 1.4396e-01
		(Epoch 03/04) Block Loss: 1.4307e-01
		(Epoch 04/04) Block Loss: 1.4278e-01
	(1/3) Block 28/64, mlp.gate_proj | Tuning Non-Factorized Weights...
		(Epoch 01/06) Block Loss: 1.3817e-01
		(Epoch 02/06) Block Loss: 1.2928e-01
		(Epoch 03/06) Block Loss: 1.2484e-01
		(Epoch 04/06) Block Loss: 1.2163e-01
		(Epoch 05/06) Block Loss: 1.1962e-01
		(Epoch 06/06) Block Loss: 1.1893e-01
	(2/3) Block 28/64, mlp.gate_proj | Initialization via ADMM...
	(3/3) Block 28/64, mlp.gate_proj | Tuning Factorized Weights...
		(Epoch 01/06) Block Loss: 1.9514e-01
		(Epoch 02/06) Block Loss: 1.8628e-01
		(Epoch 03/06) Block Loss: 1.8095e-01
		(Epoch 04/06) Block Loss: 1.7853e-01
		(Epoch 05/06) Block Loss: 1.7749e-01
		(Epoch 06/06) Block Loss: 1.7719e-01
	(1/3) Block 28/64, mlp.up_proj | Tuning Non-Factorized Weights...
		(Epoch 01/08) Block Loss: 1.7155e-01
		(Epoch 02/08) Block Loss: 1.6081e-01
		(Epoch 03/08) Block Loss: 1.5545e-01
		(Epoch 04/08) Block Loss: 1.5188e-01
		(Epoch 05/08) Block Loss: 1.4937e-01
		(Epoch 06/08) Block Loss: 1.4780e-01
		(Epoch 07/08) Block Loss: 1.4690e-01
		(Epoch 08/08) Block Loss: 1.4655e-01
		TuneFP plateau: stopped after 8 epochs
	(2/3) Block 28/64, mlp.up_proj | Initialization via ADMM...
	(3/3) Block 28/64, mlp.up_proj | Tuning Factorized Weights...
		(Epoch 01/08) Block Loss: 2.6204e-01
		(Epoch 02/08) Block Loss: 2.5707e-01
		(Epoch 03/08) Block Loss: 2.5413e-01
		(Epoch 04/08) Block Loss: 2.5222e-01
		(Epoch 05/08) Block Loss: 2.5100e-01
		(Epoch 06/08) Block Loss: 2.5029e-01
		(Epoch 07/08) Block Loss: 2.4993e-01
		(Epoch 08/08) Block Loss: 2.4978e-01
	(1/3) Block 28/64, mlp.down_proj | Tuning Non-Factorized Weights...
		(Epoch 01/08) Block Loss: 2.4534e-01
		(Epoch 02/08) Block Loss: 2.3751e-01
		(Epoch 03/08) Block Loss: 2.3360e-01
		(Epoch 04/08) Block Loss: 2.3107e-01
		(Epoch 05/08) Block Loss: 2.2935e-01
		(Epoch 06/08) Block Loss: 2.2828e-01
		TuneFP plateau: stopped after 6 epochs
	(2/3) Block 28/64, mlp.down_proj | Initialization via ADMM...
	(3/3) Block 28/64, mlp.down_proj | Tuning Factorized Weights...
		(Epoch 01/08) Block Loss: 2.9247e-01
		(Epoch 02/08) Block Loss: 2.9058e-01
		(Epoch 03/08) Block Loss: 2.8990e-01
		(Epoch 04/08) Block Loss: 2.8933e-01
		(Epoch 05/08) Block Loss: 2.8888e-01
		(Epoch 06/08) Block Loss: 2.8860e-01
		(Epoch 07/08) Block Loss: 2.8844e-01
		(Epoch 08/08) Block Loss: 2.8837e-01

Compressing Layers:  44%|██████████████████████████████████▏                                           | 28/64 [2:24:41<1:56:46, 194.63s/it]	Measured rank curves: 2/2 usable; packed block budget preserved
	(1/3) Block 29/64, linear_attn.in_proj_qkv | Tuning Non-Factorized Weights...
		(Epoch 01/02) Block Loss: 1.4065e-01
		(Epoch 02/02) Block Loss: 1.2490e-01
	(2/3) Block 29/64, linear_attn.in_proj_qkv | Initialization via ADMM...
	(3/3) Block 29/64, linear_attn.in_proj_qkv | Tuning Factorized Weights...
		(Epoch 01/02) Block Loss: 1.3586e-01
		(Epoch 02/02) Block Loss: 1.3450e-01
	(1/3) Block 29/64, linear_attn.in_proj_z | Tuning Non-Factorized Weights...
		(Epoch 01/04) Block Loss: 1.2980e-01
		(Epoch 02/04) Block Loss: 1.1742e-01
		(Epoch 03/04) Block Loss: 1.1144e-01
		(Epoch 04/04) Block Loss: 1.0913e-01
	(2/3) Block 29/64, linear_attn.in_proj_z | Initialization via ADMM...
	(3/3) Block 29/64, linear_attn.in_proj_z | Tuning Factorized Weights...
		(Epoch 01/04) Block Loss: 1.1419e-01
		(Epoch 02/04) Block Loss: 1.1381e-01
		(Epoch 03/04) Block Loss: 1.1368e-01
		(Epoch 04/04) Block Loss: 1.1364e-01
	(1/3) Block 29/64, linear_attn.in_proj_b | Tuning Non-Factorized Weights...
		(Epoch 01/04) Block Loss: 1.1354e-01
		(Epoch 02/04) Block Loss: 1.0593e-01
		(Epoch 03/04) Block Loss: 1.0198e-01
		(Epoch 04/04) Block Loss: 1.0033e-01
	(2/3) Block 29/64, linear_attn.in_proj_b | Initialization via ADMM...
	(3/3) Block 29/64, linear_attn.in_proj_b | Tuning Factorized Weights...
		(Epoch 01/04) Block Loss: 1.0017e-01
		(Epoch 02/04) Block Loss: 1.0016e-01
		(Epoch 03/04) Block Loss: 1.0016e-01
		(Epoch 04/04) Block Loss: 1.0016e-01
	(1/3) Block 29/64, linear_attn.in_proj_a | Tuning Non-Factorized Weights...
		(Epoch 01/04) Block Loss: 1.0162e-01
		(Epoch 02/04) Block Loss: 9.6466e-02
		(Epoch 03/04) Block Loss: 9.3478e-02
		(Epoch 04/04) Block Loss: 9.2083e-02
	(2/3) Block 29/64, linear_attn.in_proj_a | Initialization via ADMM...
	(3/3) Block 29/64, linear_attn.in_proj_a | Tuning Factorized Weights...
		(Epoch 01/04) Block Loss: 9.1922e-02
		(Epoch 02/04) Block Loss: 9.1909e-02
		(Epoch 03/04) Block Loss: 9.1906e-02
		(Epoch 04/04) Block Loss: 9.1904e-02
	(1/3) Block 29/64, linear_attn.out_proj | Tuning Non-Factorized Weights...
		(Epoch 01/04) Block Loss: 9.3791e-02
		(Epoch 02/04) Block Loss: 9.0005e-02
		(Epoch 03/04) Block Loss: 8.7509e-02
		(Epoch 04/04) Block Loss: 8.6221e-02
	(2/3) Block 29/64, linear_attn.out_proj | Initialization via ADMM...
	(3/3) Block 29/64, linear_attn.out_proj | Tuning Factorized Weights...
		(Epoch 01/04) Block Loss: 9.7292e-02
		(Epoch 02/04) Block Loss: 9.6517e-02
		(Epoch 03/04) Block Loss: 9.6133e-02
		(Epoch 04/04) Block Loss: 9.6019e-02
	(1/3) Block 29/64, mlp.gate_proj | Tuning Non-Factorized Weights...
		(Epoch 01/06) Block Loss: 9.4627e-02
		(Epoch 02/06) Block Loss: 9.0148e-02
		(Epoch 03/06) Block Loss: 8.7633e-02
		(Epoch 04/06) Block Loss: 8.5718e-02
		(Epoch 05/06) Block Loss: 8.4492e-02
		(Epoch 06/06) Block Loss: 8.4046e-02
	(2/3) Block 29/64, mlp.gate_proj | Initialization via ADMM...
	(3/3) Block 29/64, mlp.gate_proj | Tuning Factorized Weights...
		(Epoch 01/06) Block Loss: 1.4633e-01
		(Epoch 02/06) Block Loss: 1.4093e-01
		(Epoch 03/06) Block Loss: 1.3719e-01
		(Epoch 04/06) Block Loss: 1.3533e-01
		(Epoch 05/06) Block Loss: 1.3451e-01
		(Epoch 06/06) Block Loss: 1.3426e-01
	(1/3) Block 29/64, mlp.up_proj | Tuning Non-Factorized Weights...
		(Epoch 01/08) Block Loss: 1.2916e-01
		(Epoch 02/08) Block Loss: 1.2090e-01
		(Epoch 03/08) Block Loss: 1.1695e-01
		(Epoch 04/08) Block Loss: 1.1439e-01
		(Epoch 05/08) Block Loss: 1.1259e-01
		(Epoch 06/08) Block Loss: 1.1147e-01
		(Epoch 07/08) Block Loss: 1.1083e-01
		TuneFP plateau: stopped after 7 epochs
	(2/3) Block 29/64, mlp.up_proj | Initialization via ADMM...
	(3/3) Block 29/64, mlp.up_proj | Tuning Factorized Weights...
		(Epoch 01/08) Block Loss: 2.0041e-01
		(Epoch 02/08) Block Loss: 1.9741e-01
		(Epoch 03/08) Block Loss: 1.9569e-01
		(Epoch 04/08) Block Loss: 1.9452e-01
		(Epoch 05/08) Block Loss: 1.9375e-01
		(Epoch 06/08) Block Loss: 1.9330e-01
		(Epoch 07/08) Block Loss: 1.9306e-01
		(Epoch 08/08) Block Loss: 1.9297e-01
	(1/3) Block 29/64, mlp.down_proj | Tuning Non-Factorized Weights...
		(Epoch 01/08) Block Loss: 1.8982e-01
		(Epoch 02/08) Block Loss: 1.8439e-01
		(Epoch 03/08) Block Loss: 1.8174e-01
		(Epoch 04/08) Block Loss: 1.8000e-01
		(Epoch 05/08) Block Loss: 1.7882e-01
		TuneFP plateau: stopped after 5 epochs
	(2/3) Block 29/64, mlp.down_proj | Initialization via ADMM...
	(3/3) Block 29/64, mlp.down_proj | Tuning Factorized Weights...
		(Epoch 01/08) Block Loss: 2.2237e-01
		(Epoch 02/08) Block Loss: 2.2081e-01
		(Epoch 03/08) Block Loss: 2.2038e-01
		(Epoch 04/08) Block Loss: 2.2005e-01
		(Epoch 05/08) Block Loss: 2.1981e-01
		(Epoch 06/08) Block Loss: 2.1965e-01
		(Epoch 07/08) Block Loss: 2.1955e-01
		(Epoch 08/08) Block Loss: 2.1952e-01

Compressing Layers:  45%|███████████████████████████████████▎                                          | 29/64 [2:27:02<1:44:09, 178.54s/it]	Measured rank curves: 2/2 usable; packed block budget preserved
	(1/3) Block 30/64, linear_attn.in_proj_qkv | Tuning Non-Factorized Weights...
		(Epoch 01/02) Block Loss: 1.0614e-01
		(Epoch 02/02) Block Loss: 9.4338e-02
	(2/3) Block 30/64, linear_attn.in_proj_qkv | Initialization via ADMM...
	(3/3) Block 30/64, linear_attn.in_proj_qkv | Tuning Factorized Weights...
		(Epoch 01/02) Block Loss: 1.0265e-01
		(Epoch 02/02) Block Loss: 1.0165e-01
	(1/3) Block 30/64, linear_attn.in_proj_z | Tuning Non-Factorized Weights...
		(Epoch 01/04) Block Loss: 9.7285e-02
		(Epoch 02/04) Block Loss: 8.8407e-02
		(Epoch 03/04) Block Loss: 8.4281e-02
		(Epoch 04/04) Block Loss: 8.2652e-02
	(2/3) Block 30/64, linear_attn.in_proj_z | Initialization via ADMM...
	(3/3) Block 30/64, linear_attn.in_proj_z | Tuning Factorized Weights...
		(Epoch 01/04) Block Loss: 8.4742e-02
		(Epoch 02/04) Block Loss: 8.4597e-02
		(Epoch 03/04) Block Loss: 8.4539e-02
		(Epoch 04/04) Block Loss: 8.4522e-02
	(1/3) Block 30/64, linear_attn.in_proj_b | Tuning Non-Factorized Weights...
		(Epoch 01/04) Block Loss: 8.4653e-02
		(Epoch 02/04) Block Loss: 7.9522e-02
		(Epoch 03/04) Block Loss: 7.6816e-02
		(Epoch 04/04) Block Loss: 7.5680e-02
	(2/3) Block 30/64, linear_attn.in_proj_b | Initialization via ADMM...
	(3/3) Block 30/64, linear_attn.in_proj_b | Tuning Factorized Weights...
		(Epoch 01/04) Block Loss: 7.5566e-02
		(Epoch 02/04) Block Loss: 7.5561e-02
		(Epoch 03/04) Block Loss: 7.5558e-02
		(Epoch 04/04) Block Loss: 7.5558e-02
	(1/3) Block 30/64, linear_attn.in_proj_a | Tuning Non-Factorized Weights...
		(Epoch 01/04) Block Loss: 7.6559e-02
		(Epoch 02/04) Block Loss: 7.2898e-02
		(Epoch 03/04) Block Loss: 7.0797e-02
		(Epoch 04/04) Block Loss: 6.9836e-02
	(2/3) Block 30/64, linear_attn.in_proj_a | Initialization via ADMM...
	(3/3) Block 30/64, linear_attn.in_proj_a | Tuning Factorized Weights...
		(Epoch 01/04) Block Loss: 6.9736e-02
		(Epoch 02/04) Block Loss: 6.9730e-02
		(Epoch 03/04) Block Loss: 6.9727e-02
		(Epoch 04/04) Block Loss: 6.9726e-02
	(1/3) Block 30/64, linear_attn.out_proj | Tuning Non-Factorized Weights...
		(Epoch 01/04) Block Loss: 7.0936e-02
		(Epoch 02/04) Block Loss: 6.7988e-02
		(Epoch 03/04) Block Loss: 6.6232e-02
		(Epoch 04/04) Block Loss: 6.5380e-02
	(2/3) Block 30/64, linear_attn.out_proj | Initialization via ADMM...
	(3/3) Block 30/64, linear_attn.out_proj | Tuning Factorized Weights...
		(Epoch 01/04) Block Loss: 7.0951e-02
		(Epoch 02/04) Block Loss: 7.0463e-02
		(Epoch 03/04) Block Loss: 7.0230e-02
		(Epoch 04/04) Block Loss: 7.0163e-02
	(1/3) Block 30/64, mlp.gate_proj | Tuning Non-Factorized Weights...
		(Epoch 01/06) Block Loss: 6.9777e-02
		(Epoch 02/06) Block Loss: 6.6845e-02
		(Epoch 03/06) Block Loss: 6.5172e-02
		(Epoch 04/06) Block Loss: 6.3878e-02
		(Epoch 05/06) Block Loss: 6.3016e-02
		(Epoch 06/06) Block Loss: 6.2705e-02
	(2/3) Block 30/64, mlp.gate_proj | Initialization via ADMM...
	(3/3) Block 30/64, mlp.gate_proj | Tuning Factorized Weights...
		(Epoch 01/06) Block Loss: 1.0525e-01
		(Epoch 02/06) Block Loss: 1.0103e-01
		(Epoch 03/06) Block Loss: 9.8298e-02
		(Epoch 04/06) Block Loss: 9.6981e-02
		(Epoch 05/06) Block Loss: 9.6424e-02
		(Epoch 06/06) Block Loss: 9.6260e-02
	(1/3) Block 30/64, mlp.up_proj | Tuning Non-Factorized Weights...
		(Epoch 01/08) Block Loss: 9.2614e-02
		(Epoch 02/08) Block Loss: 8.7034e-02
		(Epoch 03/08) Block Loss: 8.4392e-02
		(Epoch 04/08) Block Loss: 8.2679e-02
		(Epoch 05/08) Block Loss: 8.1479e-02
		(Epoch 06/08) Block Loss: 8.0732e-02
		(Epoch 07/08) Block Loss: 8.0301e-02
		TuneFP plateau: stopped after 7 epochs
	(2/3) Block 30/64, mlp.up_proj | Initialization via ADMM...
	(3/3) Block 30/64, mlp.up_proj | Tuning Factorized Weights...
		(Epoch 01/08) Block Loss: 1.4210e-01
		(Epoch 02/08) Block Loss: 1.3968e-01
		(Epoch 03/08) Block Loss: 1.3848e-01
		(Epoch 04/08) Block Loss: 1.3767e-01
		(Epoch 05/08) Block Loss: 1.3714e-01
		(Epoch 06/08) Block Loss: 1.3683e-01
		(Epoch 07/08) Block Loss: 1.3667e-01
		(Epoch 08/08) Block Loss: 1.3661e-01
	(1/3) Block 30/64, mlp.down_proj | Tuning Non-Factorized Weights...
		(Epoch 01/08) Block Loss: 1.3455e-01
		(Epoch 02/08) Block Loss: 1.3102e-01
		(Epoch 03/08) Block Loss: 1.2932e-01
		(Epoch 04/08) Block Loss: 1.2818e-01
		(Epoch 05/08) Block Loss: 1.2740e-01
		TuneFP plateau: stopped after 5 epochs
	(2/3) Block 30/64, mlp.down_proj | Initialization via ADMM...
	(3/3) Block 30/64, mlp.down_proj | Tuning Factorized Weights...
		(Epoch 01/08) Block Loss: 1.5643e-01
		(Epoch 02/08) Block Loss: 1.5522e-01
		(Epoch 03/08) Block Loss: 1.5491e-01
		(Epoch 04/08) Block Loss: 1.5470e-01
		(Epoch 05/08) Block Loss: 1.5454e-01
		(Epoch 06/08) Block Loss: 1.5444e-01
		(Epoch 07/08) Block Loss: 1.5438e-01
		(Epoch 08/08) Block Loss: 1.5436e-01

Compressing Layers:  47%|████████████████████████████████████▌                                         | 30/64 [2:29:18<1:34:02, 165.96s/it]	Measured rank curves: 2/2 usable; packed block budget preserved
	(1/3) Block 31/64, linear_attn.in_proj_qkv | Tuning Non-Factorized Weights...
		(Epoch 01/02) Block Loss: 7.1780e-02
		(Epoch 02/02) Block Loss: 6.4089e-02
	(2/3) Block 31/64, linear_attn.in_proj_qkv | Initialization via ADMM...
	(3/3) Block 31/64, linear_attn.in_proj_qkv | Tuning Factorized Weights...
		(Epoch 01/02) Block Loss: 6.8387e-02
		(Epoch 02/02) Block Loss: 6.7705e-02
	(1/3) Block 31/64, linear_attn.in_proj_z | Tuning Non-Factorized Weights...
		(Epoch 01/04) Block Loss: 6.5432e-02
		(Epoch 02/04) Block Loss: 5.9787e-02
		(Epoch 03/04) Block Loss: 5.7029e-02
		(Epoch 04/04) Block Loss: 5.5957e-02
	(2/3) Block 31/64, linear_attn.in_proj_z | Initialization via ADMM...
	(3/3) Block 31/64, linear_attn.in_proj_z | Tuning Factorized Weights...
		(Epoch 01/04) Block Loss: 5.8082e-02
		(Epoch 02/04) Block Loss: 5.7884e-02
		(Epoch 03/04) Block Loss: 5.7808e-02
		(Epoch 04/04) Block Loss: 5.7787e-02
	(1/3) Block 31/64, linear_attn.in_proj_b | Tuning Non-Factorized Weights...
		(Epoch 01/04) Block Loss: 5.7711e-02
		(Epoch 02/04) Block Loss: 5.4283e-02
		(Epoch 03/04) Block Loss: 5.2486e-02
		(Epoch 04/04) Block Loss: 5.1693e-02
	(2/3) Block 31/64, linear_attn.in_proj_b | Initialization via ADMM...
	(3/3) Block 31/64, linear_attn.in_proj_b | Tuning Factorized Weights...
		(Epoch 01/04) Block Loss: 5.1619e-02
		(Epoch 02/04) Block Loss: 5.1617e-02
		(Epoch 03/04) Block Loss: 5.1616e-02
		(Epoch 04/04) Block Loss: 5.1615e-02
	(1/3) Block 31/64, linear_attn.in_proj_a | Tuning Non-Factorized Weights...
		(Epoch 01/04) Block Loss: 5.2487e-02
		(Epoch 02/04) Block Loss: 4.9972e-02
		(Epoch 03/04) Block Loss: 4.8521e-02
		(Epoch 04/04) Block Loss: 4.7886e-02
	(2/3) Block 31/64, linear_attn.in_proj_a | Initialization via ADMM...
	(3/3) Block 31/64, linear_attn.in_proj_a | Tuning Factorized Weights...
		(Epoch 01/04) Block Loss: 4.7843e-02
		(Epoch 02/04) Block Loss: 4.7833e-02
		(Epoch 03/04) Block Loss: 4.7829e-02
		(Epoch 04/04) Block Loss: 4.7827e-02
	(1/3) Block 31/64, linear_attn.out_proj | Tuning Non-Factorized Weights...
		(Epoch 01/04) Block Loss: 4.8746e-02
		(Epoch 02/04) Block Loss: 4.6688e-02
		(Epoch 03/04) Block Loss: 4.5506e-02
		(Epoch 04/04) Block Loss: 4.4928e-02
	(2/3) Block 31/64, linear_attn.out_proj | Initialization via ADMM...
	(3/3) Block 31/64, linear_attn.out_proj | Tuning Factorized Weights...
		(Epoch 01/04) Block Loss: 5.1279e-02
		(Epoch 02/04) Block Loss: 5.0663e-02
		(Epoch 03/04) Block Loss: 5.0376e-02
		(Epoch 04/04) Block Loss: 5.0296e-02
	(1/3) Block 31/64, mlp.gate_proj | Tuning Non-Factorized Weights...
		(Epoch 01/06) Block Loss: 4.9053e-02
		(Epoch 02/06) Block Loss: 4.6652e-02
		(Epoch 03/06) Block Loss: 4.5364e-02
		(Epoch 04/06) Block Loss: 4.4464e-02
		(Epoch 05/06) Block Loss: 4.3863e-02
		(Epoch 06/06) Block Loss: 4.3640e-02
	(2/3) Block 31/64, mlp.gate_proj | Initialization via ADMM...
	(3/3) Block 31/64, mlp.gate_proj | Tuning Factorized Weights...
		(Epoch 01/06) Block Loss: 7.6852e-02
		(Epoch 02/06) Block Loss: 7.3329e-02
		(Epoch 03/06) Block Loss: 7.0939e-02
		(Epoch 04/06) Block Loss: 6.9822e-02
		(Epoch 05/06) Block Loss: 6.9352e-02
		(Epoch 06/06) Block Loss: 6.9212e-02
	(1/3) Block 31/64, mlp.up_proj | Tuning Non-Factorized Weights...
		(Epoch 01/08) Block Loss: 6.5675e-02
		(Epoch 02/08) Block Loss: 6.1517e-02
		(Epoch 03/08) Block Loss: 5.9617e-02
		(Epoch 04/08) Block Loss: 5.8411e-02
		(Epoch 05/08) Block Loss: 5.7578e-02
		(Epoch 06/08) Block Loss: 5.7063e-02
		(Epoch 07/08) Block Loss: 5.6769e-02
		TuneFP plateau: stopped after 7 epochs
	(2/3) Block 31/64, mlp.up_proj | Initialization via ADMM...
	(3/3) Block 31/64, mlp.up_proj | Tuning Factorized Weights...
		(Epoch 01/08) Block Loss: 9.7683e-02
		(Epoch 02/08) Block Loss: 9.6460e-02
		(Epoch 03/08) Block Loss: 9.5709e-02
		(Epoch 04/08) Block Loss: 9.5199e-02
		(Epoch 05/08) Block Loss: 9.4861e-02
		(Epoch 06/08) Block Loss: 9.4663e-02
		(Epoch 07/08) Block Loss: 9.4564e-02
		(Epoch 08/08) Block Loss: 9.4533e-02
	(1/3) Block 31/64, mlp.down_proj | Tuning Non-Factorized Weights...
		(Epoch 01/08) Block Loss: 9.2812e-02
		(Epoch 02/08) Block Loss: 9.0697e-02
		(Epoch 03/08) Block Loss: 8.9715e-02
		(Epoch 04/08) Block Loss: 8.9080e-02
		(Epoch 05/08) Block Loss: 8.8651e-02
		TuneFP plateau: stopped after 5 epochs
	(2/3) Block 31/64, mlp.down_proj | Initialization via ADMM...
	(3/3) Block 31/64, mlp.down_proj | Tuning Factorized Weights...
		(Epoch 01/08) Block Loss: 1.1891e-01
		(Epoch 02/08) Block Loss: 1.0470e-01
		(Epoch 03/08) Block Loss: 1.0462e-01
		(Epoch 04/08) Block Loss: 1.0457e-01
		(Epoch 05/08) Block Loss: 1.0452e-01
		(Epoch 06/08) Block Loss: 1.0448e-01
		(Epoch 07/08) Block Loss: 1.0446e-01
		(Epoch 08/08) Block Loss: 1.0445e-01

Compressing Layers:  48%|█████████████████████████████████████▊                                        | 31/64 [2:31:34<1:26:15, 156.84s/it]	Measured rank curves: 2/2 usable; packed block budget preserved
	(1/3) Block 32/64, self_attn.q_proj | Tuning Non-Factorized Weights...
		(Epoch 01/02) Block Loss: 3.8526e-02
		(Epoch 02/02) Block Loss: 3.4517e-02
	(2/3) Block 32/64, self_attn.q_proj | Initialization via ADMM...
	(3/3) Block 32/64, self_attn.q_proj | Tuning Factorized Weights...
		(Epoch 01/02) Block Loss: 3.5078e-02
		(Epoch 02/02) Block Loss: 3.4952e-02
	(1/3) Block 32/64, self_attn.v_proj | Tuning Non-Factorized Weights...
		(Epoch 01/04) Block Loss: 3.4315e-02
		(Epoch 02/04) Block Loss: 3.1545e-02
		(Epoch 03/04) Block Loss: 3.0203e-02
		(Epoch 04/04) Block Loss: 2.9666e-02
	(2/3) Block 32/64, self_attn.v_proj | Initialization via ADMM...
	(3/3) Block 32/64, self_attn.v_proj | Tuning Factorized Weights...
		(Epoch 01/04) Block Loss: 3.0590e-02
		(Epoch 02/04) Block Loss: 3.0462e-02
		(Epoch 03/04) Block Loss: 3.0415e-02
		(Epoch 04/04) Block Loss: 3.0401e-02
	(1/3) Block 32/64, self_attn.k_proj | Tuning Non-Factorized Weights...
		(Epoch 01/02) Block Loss: 3.0248e-02
		(Epoch 02/02) Block Loss: 2.8769e-02
	(2/3) Block 32/64, self_attn.k_proj | Initialization via ADMM...
	(3/3) Block 32/64, self_attn.k_proj | Tuning Factorized Weights...
		(Epoch 01/02) Block Loss: 2.8639e-02
		(Epoch 02/02) Block Loss: 2.8630e-02
	(1/3) Block 32/64, self_attn.o_proj | Tuning Non-Factorized Weights...
		(Epoch 01/04) Block Loss: 2.8853e-02
		(Epoch 02/04) Block Loss: 2.7455e-02
		(Epoch 03/04) Block Loss: 2.6664e-02
		(Epoch 04/04) Block Loss: 2.6322e-02
	(2/3) Block 32/64, self_attn.o_proj | Initialization via ADMM...
	(3/3) Block 32/64, self_attn.o_proj | Tuning Factorized Weights...
		(Epoch 01/04) Block Loss: 3.0847e-02
		(Epoch 02/04) Block Loss: 3.0421e-02
		(Epoch 03/04) Block Loss: 3.0206e-02
		(Epoch 04/04) Block Loss: 3.0136e-02
	(1/3) Block 32/64, mlp.gate_proj | Tuning Non-Factorized Weights...
		(Epoch 01/06) Block Loss: 2.8698e-02
		(Epoch 02/06) Block Loss: 2.7094e-02
		(Epoch 03/06) Block Loss: 2.6279e-02
		(Epoch 04/06) Block Loss: 2.5744e-02
		(Epoch 05/06) Block Loss: 2.5415e-02
		(Epoch 06/06) Block Loss: 2.5289e-02
	(2/3) Block 32/64, mlp.gate_proj | Initialization via ADMM...
	(3/3) Block 32/64, mlp.gate_proj | Tuning Factorized Weights...
		(Epoch 01/06) Block Loss: 3.8982e-02
		(Epoch 02/06) Block Loss: 3.8192e-02
		(Epoch 03/06) Block Loss: 3.7561e-02
		(Epoch 04/06) Block Loss: 3.7205e-02
		(Epoch 05/06) Block Loss: 3.7041e-02
		(Epoch 06/06) Block Loss: 3.6987e-02
	(1/3) Block 32/64, mlp.up_proj | Tuning Non-Factorized Weights...
		(Epoch 01/08) Block Loss: 3.5018e-02
		(Epoch 02/08) Block Loss: 3.2950e-02
		(Epoch 03/08) Block Loss: 3.2024e-02
		(Epoch 04/08) Block Loss: 3.1437e-02
		(Epoch 05/08) Block Loss: 3.1034e-02
		(Epoch 06/08) Block Loss: 3.0786e-02
		(Epoch 07/08) Block Loss: 3.0645e-02
		TuneFP plateau: stopped after 7 epochs
	(2/3) Block 32/64, mlp.up_proj | Initialization via ADMM...
	(3/3) Block 32/64, mlp.up_proj | Tuning Factorized Weights...
		(Epoch 01/08) Block Loss: 5.2031e-02
		(Epoch 02/08) Block Loss: 5.1114e-02
		(Epoch 03/08) Block Loss: 5.0448e-02
		(Epoch 04/08) Block Loss: 5.0103e-02
		(Epoch 05/08) Block Loss: 4.9922e-02
		(Epoch 06/08) Block Loss: 4.9817e-02
		(Epoch 07/08) Block Loss: 4.9766e-02
		(Epoch 08/08) Block Loss: 4.9752e-02
	(1/3) Block 32/64, mlp.down_proj | Tuning Non-Factorized Weights...
		(Epoch 01/08) Block Loss: 4.8799e-02
		(Epoch 02/08) Block Loss: 4.7867e-02
		(Epoch 03/08) Block Loss: 4.7457e-02
		(Epoch 04/08) Block Loss: 4.7180e-02
		TuneFP plateau: stopped after 4 epochs
	(2/3) Block 32/64, mlp.down_proj | Initialization via ADMM...
	(3/3) Block 32/64, mlp.down_proj | Tuning Factorized Weights...
		(Epoch 01/08) Block Loss: 5.2562e-02
		(Epoch 02/08) Block Loss: 5.2021e-02
		(Epoch 03/08) Block Loss: 5.1920e-02
		(Epoch 04/08) Block Loss: 5.1835e-02
		(Epoch 05/08) Block Loss: 5.1778e-02
		(Epoch 06/08) Block Loss: 5.1737e-02
		(Epoch 07/08) Block Loss: 5.1715e-02
		(Epoch 08/08) Block Loss: 5.1706e-02

Compressing Layers:  50%|███████████████████████████████████████                                       | 32/64 [2:33:26<1:16:31, 143.49s/it]	Measured rank curves: 2/2 usable; packed block budget preserved
	(1/3) Block 33/64, linear_attn.in_proj_qkv | Tuning Non-Factorized Weights...
		(Epoch 01/02) Block Loss: 3.4986e-02
		(Epoch 02/02) Block Loss: 3.1397e-02
	(2/3) Block 33/64, linear_attn.in_proj_qkv | Initialization via ADMM...
	(3/3) Block 33/64, linear_attn.in_proj_qkv | Tuning Factorized Weights...
		(Epoch 01/02) Block Loss: 3.3986e-02
		(Epoch 02/02) Block Loss: 3.3789e-02
	(1/3) Block 33/64, linear_attn.in_proj_z | Tuning Non-Factorized Weights...
		(Epoch 01/04) Block Loss: 3.2157e-02
		(Epoch 02/04) Block Loss: 2.9571e-02
		(Epoch 03/04) Block Loss: 2.8365e-02
		(Epoch 04/04) Block Loss: 2.7907e-02
	(2/3) Block 33/64, linear_attn.in_proj_z | Initialization via ADMM...
	(3/3) Block 33/64, linear_attn.in_proj_z | Tuning Factorized Weights...
		(Epoch 01/04) Block Loss: 2.8791e-02
		(Epoch 02/04) Block Loss: 2.8703e-02
		(Epoch 03/04) Block Loss: 2.8666e-02
		(Epoch 04/04) Block Loss: 2.8654e-02
	(1/3) Block 33/64, linear_attn.in_proj_b | Tuning Non-Factorized Weights...
		(Epoch 01/04) Block Loss: 2.8452e-02
		(Epoch 02/04) Block Loss: 2.6967e-02
		(Epoch 03/04) Block Loss: 2.6177e-02
		(Epoch 04/04) Block Loss: 2.5852e-02
	(2/3) Block 33/64, linear_attn.in_proj_b | Initialization via ADMM...
	(3/3) Block 33/64, linear_attn.in_proj_b | Tuning Factorized Weights...
		(Epoch 01/04) Block Loss: 2.5812e-02
		(Epoch 02/04) Block Loss: 2.5811e-02
		(Epoch 03/04) Block Loss: 2.5811e-02
		(Epoch 04/04) Block Loss: 2.5811e-02
	(1/3) Block 33/64, linear_attn.in_proj_a | Tuning Non-Factorized Weights...
		(Epoch 01/04) Block Loss: 2.6054e-02
		(Epoch 02/04) Block Loss: 2.5005e-02
		(Epoch 03/04) Block Loss: 2.4396e-02
		(Epoch 04/04) Block Loss: 2.4116e-02
	(2/3) Block 33/64, linear_attn.in_proj_a | Initialization via ADMM...
	(3/3) Block 33/64, linear_attn.in_proj_a | Tuning Factorized Weights...
		(Epoch 01/04) Block Loss: 2.4082e-02
		(Epoch 02/04) Block Loss: 2.4081e-02
		(Epoch 03/04) Block Loss: 2.4080e-02
		(Epoch 04/04) Block Loss: 2.4080e-02
	(1/3) Block 33/64, linear_attn.out_proj | Tuning Non-Factorized Weights...
		(Epoch 01/04) Block Loss: 2.4412e-02
		(Epoch 02/04) Block Loss: 2.3546e-02
		(Epoch 03/04) Block Loss: 2.3024e-02
		(Epoch 04/04) Block Loss: 2.2785e-02
	(2/3) Block 33/64, linear_attn.out_proj | Initialization via ADMM...
	(3/3) Block 33/64, linear_attn.out_proj | Tuning Factorized Weights...
		(Epoch 01/04) Block Loss: 2.3662e-02
		(Epoch 02/04) Block Loss: 2.3492e-02
		(Epoch 03/04) Block Loss: 2.3418e-02
		(Epoch 04/04) Block Loss: 2.3400e-02
	(1/3) Block 33/64, mlp.gate_proj | Tuning Non-Factorized Weights...
		(Epoch 01/06) Block Loss: 2.3414e-02
		(Epoch 02/06) Block Loss: 2.2615e-02
		(Epoch 03/06) Block Loss: 2.2145e-02
		(Epoch 04/06) Block Loss: 2.1784e-02
		(Epoch 05/06) Block Loss: 2.1540e-02
		(Epoch 06/06) Block Loss: 2.1445e-02
	(2/3) Block 33/64, mlp.gate_proj | Initialization via ADMM...
	(3/3) Block 33/64, mlp.gate_proj | Tuning Factorized Weights...
		(Epoch 01/06) Block Loss: 3.5938e-02
		(Epoch 02/06) Block Loss: 3.5306e-02
		(Epoch 03/06) Block Loss: 3.4815e-02
		(Epoch 04/06) Block Loss: 3.4521e-02
		(Epoch 05/06) Block Loss: 3.4383e-02
		(Epoch 06/06) Block Loss: 3.4341e-02
	(1/3) Block 33/64, mlp.up_proj | Tuning Non-Factorized Weights...
		(Epoch 01/08) Block Loss: 3.2027e-02
		(Epoch 02/08) Block Loss: 3.0005e-02
		(Epoch 03/08) Block Loss: 2.9165e-02
		(Epoch 04/08) Block Loss: 2.8654e-02
		(Epoch 05/08) Block Loss: 2.8310e-02
		(Epoch 06/08) Block Loss: 2.8098e-02
		(Epoch 07/08) Block Loss: 2.7979e-02
		TuneFP plateau: stopped after 7 epochs
	(2/3) Block 33/64, mlp.up_proj | Initialization via ADMM...
	(3/3) Block 33/64, mlp.up_proj | Tuning Factorized Weights...
		(Epoch 01/08) Block Loss: 4.8973e-02
		(Epoch 02/08) Block Loss: 4.7349e-02
		(Epoch 03/08) Block Loss: 4.6339e-02
		(Epoch 04/08) Block Loss: 4.5970e-02
		(Epoch 05/08) Block Loss: 4.5795e-02
		(Epoch 06/08) Block Loss: 4.5699e-02
		(Epoch 07/08) Block Loss: 4.5655e-02
		(Epoch 08/08) Block Loss: 4.5641e-02
	(1/3) Block 33/64, mlp.down_proj | Tuning Non-Factorized Weights...
		(Epoch 01/08) Block Loss: 4.4845e-02
		(Epoch 02/08) Block Loss: 4.4072e-02
		(Epoch 03/08) Block Loss: 4.3755e-02
		(Epoch 04/08) Block Loss: 4.3535e-02
		TuneFP plateau: stopped after 4 epochs
	(2/3) Block 33/64, mlp.down_proj | Initialization via ADMM...
	(3/3) Block 33/64, mlp.down_proj | Tuning Factorized Weights...
		(Epoch 01/08) Block Loss: 4.7552e-02
		(Epoch 02/08) Block Loss: 4.7151e-02
		(Epoch 03/08) Block Loss: 4.7066e-02
		(Epoch 04/08) Block Loss: 4.7004e-02
		(Epoch 05/08) Block Loss: 4.6962e-02
		(Epoch 06/08) Block Loss: 4.6930e-02
		(Epoch 07/08) Block Loss: 4.6909e-02
		(Epoch 08/08) Block Loss: 4.6900e-02

Compressing Layers:  52%|████████████████████████████████████████▏                                     | 33/64 [2:35:37<1:12:10, 139.69s/it]	Measured rank curves: 2/2 usable; packed block budget preserved
	(1/3) Block 34/64, linear_attn.in_proj_qkv | Tuning Non-Factorized Weights...
		(Epoch 01/02) Block Loss: 2.9814e-02
		(Epoch 02/02) Block Loss: 2.6625e-02
	(2/3) Block 34/64, linear_attn.in_proj_qkv | Initialization via ADMM...
	(3/3) Block 34/64, linear_attn.in_proj_qkv | Tuning Factorized Weights...
		(Epoch 01/02) Block Loss: 2.9119e-02
		(Epoch 02/02) Block Loss: 2.8999e-02
	(1/3) Block 34/64, linear_attn.in_proj_z | Tuning Non-Factorized Weights...
		(Epoch 01/04) Block Loss: 2.7628e-02
		(Epoch 02/04) Block Loss: 2.5406e-02
		(Epoch 03/04) Block Loss: 2.4391e-02
		(Epoch 04/04) Block Loss: 2.4005e-02
	(2/3) Block 34/64, linear_attn.in_proj_z | Initialization via ADMM...
	(3/3) Block 34/64, linear_attn.in_proj_z | Tuning Factorized Weights...
		(Epoch 01/04) Block Loss: 2.4494e-02
		(Epoch 02/04) Block Loss: 2.4443e-02
		(Epoch 03/04) Block Loss: 2.4422e-02
		(Epoch 04/04) Block Loss: 2.4416e-02
	(1/3) Block 34/64, linear_attn.in_proj_b | Tuning Non-Factorized Weights...
		(Epoch 01/04) Block Loss: 2.4295e-02
		(Epoch 02/04) Block Loss: 2.3058e-02
		(Epoch 03/04) Block Loss: 2.2405e-02
		(Epoch 04/04) Block Loss: 2.2131e-02
	(2/3) Block 34/64, linear_attn.in_proj_b | Initialization via ADMM...
	(3/3) Block 34/64, linear_attn.in_proj_b | Tuning Factorized Weights...
		(Epoch 01/04) Block Loss: 2.2095e-02
		(Epoch 02/04) Block Loss: 2.2095e-02
		(Epoch 03/04) Block Loss: 2.2095e-02
		(Epoch 04/04) Block Loss: 2.2095e-02
	(1/3) Block 34/64, linear_attn.in_proj_a | Tuning Non-Factorized Weights...
		(Epoch 01/04) Block Loss: 2.2320e-02
		(Epoch 02/04) Block Loss: 2.1435e-02
		(Epoch 03/04) Block Loss: 2.0930e-02
		(Epoch 04/04) Block Loss: 2.0700e-02
	(2/3) Block 34/64, linear_attn.in_proj_a | Initialization via ADMM...
	(3/3) Block 34/64, linear_attn.in_proj_a | Tuning Factorized Weights...
		(Epoch 01/04) Block Loss: 2.0674e-02
		(Epoch 02/04) Block Loss: 2.0673e-02
		(Epoch 03/04) Block Loss: 2.0672e-02
		(Epoch 04/04) Block Loss: 2.0672e-02
	(1/3) Block 34/64, linear_attn.out_proj | Tuning Non-Factorized Weights...
		(Epoch 01/04) Block Loss: 2.0965e-02
		(Epoch 02/04) Block Loss: 2.0241e-02
		(Epoch 03/04) Block Loss: 1.9809e-02
		(Epoch 04/04) Block Loss: 1.9609e-02
	(2/3) Block 34/64, linear_attn.out_proj | Initialization via ADMM...
	(3/3) Block 34/64, linear_attn.out_proj | Tuning Factorized Weights...
		(Epoch 01/04) Block Loss: 2.0226e-02
		(Epoch 02/04) Block Loss: 2.0118e-02
		(Epoch 03/04) Block Loss: 2.0069e-02
		(Epoch 04/04) Block Loss: 2.0055e-02
	(1/3) Block 34/64, mlp.gate_proj | Tuning Non-Factorized Weights...
		(Epoch 01/06) Block Loss: 2.0112e-02
		(Epoch 02/06) Block Loss: 1.9466e-02
		(Epoch 03/06) Block Loss: 1.9078e-02
		(Epoch 04/06) Block Loss: 1.8778e-02
		(Epoch 05/06) Block Loss: 1.8571e-02
		(Epoch 06/06) Block Loss: 1.8491e-02
	(2/3) Block 34/64, mlp.gate_proj | Initialization via ADMM...
	(3/3) Block 34/64, mlp.gate_proj | Tuning Factorized Weights...
		(Epoch 01/06) Block Loss: 3.0487e-02
		(Epoch 02/06) Block Loss: 3.0023e-02
		(Epoch 03/06) Block Loss: 2.9664e-02
		(Epoch 04/06) Block Loss: 2.9441e-02
		(Epoch 05/06) Block Loss: 2.9331e-02
		(Epoch 06/06) Block Loss: 2.9299e-02
	(1/3) Block 34/64, mlp.up_proj | Tuning Non-Factorized Weights...
		(Epoch 01/08) Block Loss: 2.7345e-02
		(Epoch 02/08) Block Loss: 2.5585e-02
		(Epoch 03/08) Block Loss: 2.4868e-02
		(Epoch 04/08) Block Loss: 2.4436e-02
		(Epoch 05/08) Block Loss: 2.4145e-02
		(Epoch 06/08) Block Loss: 2.3966e-02
		(Epoch 07/08) Block Loss: 2.3865e-02
		TuneFP plateau: stopped after 7 epochs
	(2/3) Block 34/64, mlp.up_proj | Initialization via ADMM...
	(3/3) Block 34/64, mlp.up_proj | Tuning Factorized Weights...
		(Epoch 01/08) Block Loss: 4.1558e-02
		(Epoch 02/08) Block Loss: 4.0645e-02
		(Epoch 03/08) Block Loss: 4.0089e-02
		(Epoch 04/08) Block Loss: 3.9857e-02
		(Epoch 05/08) Block Loss: 3.9727e-02
		(Epoch 06/08) Block Loss: 3.9656e-02
		(Epoch 07/08) Block Loss: 3.9622e-02
		(Epoch 08/08) Block Loss: 3.9610e-02
	(1/3) Block 34/64, mlp.down_proj | Tuning Non-Factorized Weights...
		(Epoch 01/08) Block Loss: 3.8983e-02
		(Epoch 02/08) Block Loss: 3.8343e-02
		(Epoch 03/08) Block Loss: 3.8074e-02
		(Epoch 04/08) Block Loss: 3.7884e-02
		TuneFP plateau: stopped after 4 epochs
	(2/3) Block 34/64, mlp.down_proj | Initialization via ADMM...
	(3/3) Block 34/64, mlp.down_proj | Tuning Factorized Weights...
		(Epoch 01/08) Block Loss: 4.1315e-02
		(Epoch 02/08) Block Loss: 4.0982e-02
		(Epoch 03/08) Block Loss: 4.0904e-02
		(Epoch 04/08) Block Loss: 4.0855e-02
		(Epoch 05/08) Block Loss: 4.0822e-02
		(Epoch 06/08) Block Loss: 4.0797e-02
		(Epoch 07/08) Block Loss: 4.0780e-02
		(Epoch 08/08) Block Loss: 4.0773e-02

Compressing Layers:  53%|█████████████████████████████████████████▍                                    | 34/64 [2:37:48<1:08:31, 137.05s/it]	Measured rank curves: 1/2 usable; packed block budget preserved
	(1/3) Block 35/64, linear_attn.in_proj_qkv | Tuning Non-Factorized Weights...
		(Epoch 01/02) Block Loss: 3.3410e-02
		(Epoch 02/02) Block Loss: 2.9805e-02
	(2/3) Block 35/64, linear_attn.in_proj_qkv | Initialization via ADMM...
	(3/3) Block 35/64, linear_attn.in_proj_qkv | Tuning Factorized Weights...
		(Epoch 01/02) Block Loss: 3.2185e-02
		(Epoch 02/02) Block Loss: 3.2033e-02
	(1/3) Block 35/64, linear_attn.in_proj_z | Tuning Non-Factorized Weights...
		(Epoch 01/04) Block Loss: 3.0503e-02
		(Epoch 02/04) Block Loss: 2.7975e-02
		(Epoch 03/04) Block Loss: 2.6791e-02
		(Epoch 04/04) Block Loss: 2.6347e-02
	(2/3) Block 35/64, linear_attn.in_proj_z | Initialization via ADMM...
	(3/3) Block 35/64, linear_attn.in_proj_z | Tuning Factorized Weights...
		(Epoch 01/04) Block Loss: 2.7643e-02
		(Epoch 02/04) Block Loss: 2.7531e-02
		(Epoch 03/04) Block Loss: 2.7485e-02
		(Epoch 04/04) Block Loss: 2.7471e-02
	(1/3) Block 35/64, linear_attn.in_proj_b | Tuning Non-Factorized Weights...
		(Epoch 01/04) Block Loss: 2.7221e-02
		(Epoch 02/04) Block Loss: 2.5698e-02
		(Epoch 03/04) Block Loss: 2.4919e-02
		(Epoch 04/04) Block Loss: 2.4602e-02
	(2/3) Block 35/64, linear_attn.in_proj_b | Initialization via ADMM...
	(3/3) Block 35/64, linear_attn.in_proj_b | Tuning Factorized Weights...
		(Epoch 01/04) Block Loss: 2.4562e-02
		(Epoch 02/04) Block Loss: 2.4562e-02
		(Epoch 03/04) Block Loss: 2.4562e-02
		(Epoch 04/04) Block Loss: 2.4562e-02
	(1/3) Block 35/64, linear_attn.in_proj_a | Tuning Non-Factorized Weights...
		(Epoch 01/04) Block Loss: 2.4815e-02
		(Epoch 02/04) Block Loss: 2.3781e-02
		(Epoch 03/04) Block Loss: 2.3187e-02
		(Epoch 04/04) Block Loss: 2.2900e-02
	(2/3) Block 35/64, linear_attn.in_proj_a | Initialization via ADMM...
	(3/3) Block 35/64, linear_attn.in_proj_a | Tuning Factorized Weights...
		(Epoch 01/04) Block Loss: 2.2864e-02
		(Epoch 02/04) Block Loss: 2.2864e-02
		(Epoch 03/04) Block Loss: 2.2863e-02
		(Epoch 04/04) Block Loss: 2.2863e-02
	(1/3) Block 35/64, linear_attn.out_proj | Tuning Non-Factorized Weights...
		(Epoch 01/04) Block Loss: 2.3311e-02
		(Epoch 02/04) Block Loss: 2.2435e-02
		(Epoch 03/04) Block Loss: 2.1915e-02
		(Epoch 04/04) Block Loss: 2.1686e-02
	(2/3) Block 35/64, linear_attn.out_proj | Initialization via ADMM...
	(3/3) Block 35/64, linear_attn.out_proj | Tuning Factorized Weights...
		(Epoch 01/04) Block Loss: 2.2867e-02
		(Epoch 02/04) Block Loss: 2.2663e-02
		(Epoch 03/04) Block Loss: 2.2557e-02
		(Epoch 04/04) Block Loss: 2.2526e-02
	(1/3) Block 35/64, mlp.gate_proj | Tuning Non-Factorized Weights...
		(Epoch 01/06) Block Loss: 2.2372e-02
		(Epoch 02/06) Block Loss: 2.1598e-02
		(Epoch 03/06) Block Loss: 2.1110e-02
		(Epoch 04/06) Block Loss: 2.0757e-02
		(Epoch 05/06) Block Loss: 2.0523e-02
		(Epoch 06/06) Block Loss: 2.0430e-02
	(2/3) Block 35/64, mlp.gate_proj | Initialization via ADMM...
	(3/3) Block 35/64, mlp.gate_proj | Tuning Factorized Weights...
		(Epoch 01/06) Block Loss: 3.4601e-02
		(Epoch 02/06) Block Loss: 3.4157e-02
		(Epoch 03/06) Block Loss: 3.3782e-02
		(Epoch 04/06) Block Loss: 3.3531e-02
		(Epoch 05/06) Block Loss: 3.3410e-02
		(Epoch 06/06) Block Loss: 3.3376e-02
	(1/3) Block 35/64, mlp.up_proj | Tuning Non-Factorized Weights...
		(Epoch 01/08) Block Loss: 3.1126e-02
		(Epoch 02/08) Block Loss: 2.9022e-02
		(Epoch 03/08) Block Loss: 2.8136e-02
		(Epoch 04/08) Block Loss: 2.7605e-02
		(Epoch 05/08) Block Loss: 2.7243e-02
		(Epoch 06/08) Block Loss: 2.7022e-02
		(Epoch 07/08) Block Loss: 2.6899e-02
		TuneFP plateau: stopped after 7 epochs
	(2/3) Block 35/64, mlp.up_proj | Initialization via ADMM...
	(3/3) Block 35/64, mlp.up_proj | Tuning Factorized Weights...
		(Epoch 01/08) Block Loss: 4.8297e-02
		(Epoch 02/08) Block Loss: 4.6769e-02
		(Epoch 03/08) Block Loss: 4.5963e-02
		(Epoch 04/08) Block Loss: 4.5634e-02
		(Epoch 05/08) Block Loss: 4.5462e-02
		(Epoch 06/08) Block Loss: 4.5364e-02
		(Epoch 07/08) Block Loss: 4.5318e-02
		(Epoch 08/08) Block Loss: 4.5303e-02
	(1/3) Block 35/64, mlp.down_proj | Tuning Non-Factorized Weights...
		(Epoch 01/08) Block Loss: 4.4423e-02
		(Epoch 02/08) Block Loss: 4.3610e-02
		(Epoch 03/08) Block Loss: 4.3256e-02
		(Epoch 04/08) Block Loss: 4.3029e-02
		TuneFP plateau: stopped after 4 epochs
	(2/3) Block 35/64, mlp.down_proj | Initialization via ADMM...
	(3/3) Block 35/64, mlp.down_proj | Tuning Factorized Weights...
		(Epoch 01/08) Block Loss: 4.7454e-02
		(Epoch 02/08) Block Loss: 4.7065e-02
		(Epoch 03/08) Block Loss: 4.6986e-02
		(Epoch 04/08) Block Loss: 4.6915e-02
		(Epoch 05/08) Block Loss: 4.6860e-02
		(Epoch 06/08) Block Loss: 4.6821e-02
		(Epoch 07/08) Block Loss: 4.6799e-02
		(Epoch 08/08) Block Loss: 4.6789e-02

Compressing Layers:  55%|██████████████████████████████████████████▋                                   | 35/64 [2:39:58<1:05:11, 134.87s/it]	Measured rank curves: 2/2 usable; packed block budget preserved
	(1/3) Block 36/64, self_attn.q_proj | Tuning Non-Factorized Weights...
		(Epoch 01/02) Block Loss: 4.0935e-02
		(Epoch 02/02) Block Loss: 3.6298e-02
	(2/3) Block 36/64, self_attn.q_proj | Initialization via ADMM...
	(3/3) Block 36/64, self_attn.q_proj | Tuning Factorized Weights...
		(Epoch 01/02) Block Loss: 4.1603e-02
		(Epoch 02/02) Block Loss: 3.9845e-02
	(1/3) Block 36/64, self_attn.v_proj | Tuning Non-Factorized Weights...
		(Epoch 01/04) Block Loss: 3.6513e-02
		(Epoch 02/04) Block Loss: 3.3405e-02
		(Epoch 03/04) Block Loss: 3.1974e-02
		(Epoch 04/04) Block Loss: 3.1418e-02
	(2/3) Block 36/64, self_attn.v_proj | Initialization via ADMM...
	(3/3) Block 36/64, self_attn.v_proj | Tuning Factorized Weights...
		(Epoch 01/04) Block Loss: 3.4315e-02
		(Epoch 02/04) Block Loss: 3.4076e-02
		(Epoch 03/04) Block Loss: 3.3959e-02
		(Epoch 04/04) Block Loss: 3.3924e-02
	(1/3) Block 36/64, self_attn.k_proj | Tuning Non-Factorized Weights...
		(Epoch 01/02) Block Loss: 3.2745e-02
		(Epoch 02/02) Block Loss: 3.1079e-02
	(2/3) Block 36/64, self_attn.k_proj | Initialization via ADMM...
	(3/3) Block 36/64, self_attn.k_proj | Tuning Factorized Weights...
		(Epoch 01/02) Block Loss: 3.0944e-02
		(Epoch 02/02) Block Loss: 3.0936e-02
	(1/3) Block 36/64, self_attn.o_proj | Tuning Non-Factorized Weights...
		(Epoch 01/04) Block Loss: 3.1143e-02
		(Epoch 02/04) Block Loss: 2.9622e-02
		(Epoch 03/04) Block Loss: 2.8824e-02
		(Epoch 04/04) Block Loss: 2.8488e-02
	(2/3) Block 36/64, self_attn.o_proj | Initialization via ADMM...
	(3/3) Block 36/64, self_attn.o_proj | Tuning Factorized Weights...
		(Epoch 01/04) Block Loss: 3.0138e-02
		(Epoch 02/04) Block Loss: 2.9740e-02
		(Epoch 03/04) Block Loss: 2.9562e-02
		(Epoch 04/04) Block Loss: 2.9513e-02
	(1/3) Block 36/64, mlp.gate_proj | Tuning Non-Factorized Weights...
		(Epoch 01/06) Block Loss: 2.9126e-02
		(Epoch 02/06) Block Loss: 2.7937e-02
		(Epoch 03/06) Block Loss: 2.7213e-02
		(Epoch 04/06) Block Loss: 2.6709e-02
		(Epoch 05/06) Block Loss: 2.6398e-02
		(Epoch 06/06) Block Loss: 2.6276e-02
	(2/3) Block 36/64, mlp.gate_proj | Initialization via ADMM...
	(3/3) Block 36/64, mlp.gate_proj | Tuning Factorized Weights...
		(Epoch 01/06) Block Loss: 3.8632e-02
		(Epoch 02/06) Block Loss: 3.8088e-02
		(Epoch 03/06) Block Loss: 3.7759e-02
		(Epoch 04/06) Block Loss: 3.7572e-02
		(Epoch 05/06) Block Loss: 3.7478e-02
		(Epoch 06/06) Block Loss: 3.7449e-02
	(1/3) Block 36/64, mlp.up_proj | Tuning Non-Factorized Weights...
		(Epoch 01/08) Block Loss: 3.5604e-02
		(Epoch 02/08) Block Loss: 3.3610e-02
		(Epoch 03/08) Block Loss: 3.2740e-02
		(Epoch 04/08) Block Loss: 3.2205e-02
		(Epoch 05/08) Block Loss: 3.1831e-02
		(Epoch 06/08) Block Loss: 3.1598e-02
		(Epoch 07/08) Block Loss: 3.1466e-02
		TuneFP plateau: stopped after 7 epochs
	(2/3) Block 36/64, mlp.up_proj | Initialization via ADMM...
	(3/3) Block 36/64, mlp.up_proj | Tuning Factorized Weights...
		(Epoch 01/08) Block Loss: 5.3468e-02
		(Epoch 02/08) Block Loss: 5.1790e-02
		(Epoch 03/08) Block Loss: 5.0928e-02
		(Epoch 04/08) Block Loss: 5.0547e-02
		(Epoch 05/08) Block Loss: 5.0333e-02
		(Epoch 06/08) Block Loss: 5.0214e-02
		(Epoch 07/08) Block Loss: 5.0159e-02
		(Epoch 08/08) Block Loss: 5.0141e-02
	(1/3) Block 36/64, mlp.down_proj | Tuning Non-Factorized Weights...
		(Epoch 01/08) Block Loss: 4.9266e-02
		(Epoch 02/08) Block Loss: 4.8445e-02
		(Epoch 03/08) Block Loss: 4.8090e-02
		(Epoch 04/08) Block Loss: 4.7864e-02
		TuneFP plateau: stopped after 4 epochs
	(2/3) Block 36/64, mlp.down_proj | Initialization via ADMM...
	(3/3) Block 36/64, mlp.down_proj | Tuning Factorized Weights...
		(Epoch 01/08) Block Loss: 5.2236e-02
		(Epoch 02/08) Block Loss: 5.1668e-02
		(Epoch 03/08) Block Loss: 5.1608e-02
		(Epoch 04/08) Block Loss: 5.1571e-02
		(Epoch 05/08) Block Loss: 5.1546e-02
		(Epoch 06/08) Block Loss: 5.1530e-02
		(Epoch 07/08) Block Loss: 5.1523e-02
		(Epoch 08/08) Block Loss: 5.1520e-02

Compressing Layers:  56%|█████████████████████████████████████████████                                   | 36/64 [2:41:44<58:56, 126.30s/it]	Measured rank curves: 0/2 usable; packed block budget preserved
	(1/3) Block 37/64, linear_attn.in_proj_qkv | Tuning Non-Factorized Weights...
		(Epoch 01/02) Block Loss: 4.4567e-02
		(Epoch 02/02) Block Loss: 3.9902e-02
	(2/3) Block 37/64, linear_attn.in_proj_qkv | Initialization via ADMM...
	(3/3) Block 37/64, linear_attn.in_proj_qkv | Tuning Factorized Weights...
		(Epoch 01/02) Block Loss: 4.2870e-02
		(Epoch 02/02) Block Loss: 4.2810e-02
	(1/3) Block 37/64, linear_attn.in_proj_z | Tuning Non-Factorized Weights...
		(Epoch 01/04) Block Loss: 4.0791e-02
		(Epoch 02/04) Block Loss: 3.7428e-02
		(Epoch 03/04) Block Loss: 3.5885e-02
		(Epoch 04/04) Block Loss: 3.5317e-02
	(2/3) Block 37/64, linear_attn.in_proj_z | Initialization via ADMM...
	(3/3) Block 37/64, linear_attn.in_proj_z | Tuning Factorized Weights...
		(Epoch 01/04) Block Loss: 3.6542e-02
		(Epoch 02/04) Block Loss: 3.6449e-02
		(Epoch 03/04) Block Loss: 3.6397e-02
		(Epoch 04/04) Block Loss: 3.6377e-02
	(1/3) Block 37/64, linear_attn.in_proj_b | Tuning Non-Factorized Weights...
		(Epoch 01/04) Block Loss: 3.5815e-02
		(Epoch 02/04) Block Loss: 3.3936e-02
		(Epoch 03/04) Block Loss: 3.2959e-02
		(Epoch 04/04) Block Loss: 3.2564e-02
	(2/3) Block 37/64, linear_attn.in_proj_b | Initialization via ADMM...
	(3/3) Block 37/64, linear_attn.in_proj_b | Tuning Factorized Weights...
		(Epoch 01/04) Block Loss: 3.2516e-02
		(Epoch 02/04) Block Loss: 3.2511e-02
		(Epoch 03/04) Block Loss: 3.2510e-02
		(Epoch 04/04) Block Loss: 3.2510e-02
	(1/3) Block 37/64, linear_attn.in_proj_a | Tuning Non-Factorized Weights...
		(Epoch 01/04) Block Loss: 3.2713e-02
		(Epoch 02/04) Block Loss: 3.1402e-02
		(Epoch 03/04) Block Loss: 3.0663e-02
		(Epoch 04/04) Block Loss: 3.0340e-02
	(2/3) Block 37/64, linear_attn.in_proj_a | Initialization via ADMM...
	(3/3) Block 37/64, linear_attn.in_proj_a | Tuning Factorized Weights...
		(Epoch 01/04) Block Loss: 3.0300e-02
		(Epoch 02/04) Block Loss: 3.0295e-02
		(Epoch 03/04) Block Loss: 3.0294e-02
		(Epoch 04/04) Block Loss: 3.0293e-02
	(1/3) Block 37/64, linear_attn.out_proj | Tuning Non-Factorized Weights...
		(Epoch 01/04) Block Loss: 3.0634e-02
		(Epoch 02/04) Block Loss: 2.9600e-02
		(Epoch 03/04) Block Loss: 2.8988e-02
		(Epoch 04/04) Block Loss: 2.8707e-02
	(2/3) Block 37/64, linear_attn.out_proj | Initialization via ADMM...
	(3/3) Block 37/64, linear_attn.out_proj | Tuning Factorized Weights...
		(Epoch 01/04) Block Loss: 2.9402e-02
		(Epoch 02/04) Block Loss: 2.9269e-02
		(Epoch 03/04) Block Loss: 2.9197e-02
		(Epoch 04/04) Block Loss: 2.9174e-02
	(1/3) Block 37/64, mlp.gate_proj | Tuning Non-Factorized Weights...
		(Epoch 01/06) Block Loss: 2.9151e-02
		(Epoch 02/06) Block Loss: 2.8322e-02
		(Epoch 03/06) Block Loss: 2.7743e-02
		(Epoch 04/06) Block Loss: 2.7319e-02
		(Epoch 05/06) Block Loss: 2.7046e-02
		(Epoch 06/06) Block Loss: 2.6935e-02
	(2/3) Block 37/64, mlp.gate_proj | Initialization via ADMM...
	(3/3) Block 37/64, mlp.gate_proj | Tuning Factorized Weights...
		(Epoch 01/06) Block Loss: 4.1150e-02
		(Epoch 02/06) Block Loss: 4.0888e-02
		(Epoch 03/06) Block Loss: 4.0650e-02
		(Epoch 04/06) Block Loss: 4.0480e-02
		(Epoch 05/06) Block Loss: 4.0394e-02
		(Epoch 06/06) Block Loss: 4.0367e-02
	(1/3) Block 37/64, mlp.up_proj | Tuning Non-Factorized Weights...
		(Epoch 01/08) Block Loss: 3.8531e-02
		(Epoch 02/08) Block Loss: 3.6339e-02
		(Epoch 03/08) Block Loss: 3.5419e-02
		(Epoch 04/08) Block Loss: 3.4869e-02
		(Epoch 05/08) Block Loss: 3.4487e-02
		(Epoch 06/08) Block Loss: 3.4249e-02
		(Epoch 07/08) Block Loss: 3.4113e-02
		TuneFP plateau: stopped after 7 epochs
	(2/3) Block 37/64, mlp.up_proj | Initialization via ADMM...
	(3/3) Block 37/64, mlp.up_proj | Tuning Factorized Weights...
		(Epoch 01/08) Block Loss: 5.5716e-02
		(Epoch 02/08) Block Loss: 5.5168e-02
		(Epoch 03/08) Block Loss: 5.4864e-02
		(Epoch 04/08) Block Loss: 5.4670e-02
		(Epoch 05/08) Block Loss: 5.4542e-02
		(Epoch 06/08) Block Loss: 5.4468e-02
		(Epoch 07/08) Block Loss: 5.4430e-02
		(Epoch 08/08) Block Loss: 5.4417e-02
	(1/3) Block 37/64, mlp.down_proj | Tuning Non-Factorized Weights...
		(Epoch 01/08) Block Loss: 5.3803e-02
		(Epoch 02/08) Block Loss: 5.3094e-02
		(Epoch 03/08) Block Loss: 5.2772e-02
		(Epoch 04/08) Block Loss: 5.2570e-02
		TuneFP plateau: stopped after 4 epochs
	(2/3) Block 37/64, mlp.down_proj | Initialization via ADMM...
	(3/3) Block 37/64, mlp.down_proj | Tuning Factorized Weights...
		(Epoch 01/08) Block Loss: 5.6292e-02
		(Epoch 02/08) Block Loss: 5.5969e-02
		(Epoch 03/08) Block Loss: 5.5892e-02
		(Epoch 04/08) Block Loss: 5.5837e-02
		(Epoch 05/08) Block Loss: 5.5795e-02
		(Epoch 06/08) Block Loss: 5.5765e-02
		(Epoch 07/08) Block Loss: 5.5745e-02
		(Epoch 08/08) Block Loss: 5.5736e-02

Compressing Layers:  58%|██████████████████████████████████████████████▎                                 | 37/64 [2:43:55<57:24, 127.56s/it]	Measured rank curves: 0/2 usable; packed block budget preserved
	(1/3) Block 38/64, linear_attn.in_proj_qkv | Tuning Non-Factorized Weights...
		(Epoch 01/02) Block Loss: 4.5555e-02
		(Epoch 02/02) Block Loss: 4.0934e-02
	(2/3) Block 38/64, linear_attn.in_proj_qkv | Initialization via ADMM...
	(3/3) Block 38/64, linear_attn.in_proj_qkv | Tuning Factorized Weights...
		(Epoch 01/02) Block Loss: 4.3736e-02
		(Epoch 02/02) Block Loss: 4.3689e-02
	(1/3) Block 38/64, linear_attn.in_proj_z | Tuning Non-Factorized Weights...
		(Epoch 01/04) Block Loss: 4.1797e-02
		(Epoch 02/04) Block Loss: 3.8495e-02
		(Epoch 03/04) Block Loss: 3.6961e-02
		(Epoch 04/04) Block Loss: 3.6396e-02
	(2/3) Block 38/64, linear_attn.in_proj_z | Initialization via ADMM...
	(3/3) Block 38/64, linear_attn.in_proj_z | Tuning Factorized Weights...
		(Epoch 01/04) Block Loss: 3.7662e-02
		(Epoch 02/04) Block Loss: 3.7603e-02
		(Epoch 03/04) Block Loss: 3.7564e-02
		(Epoch 04/04) Block Loss: 3.7550e-02
	(1/3) Block 38/64, linear_attn.in_proj_b | Tuning Non-Factorized Weights...
		(Epoch 01/04) Block Loss: 3.6949e-02
		(Epoch 02/04) Block Loss: 3.5065e-02
		(Epoch 03/04) Block Loss: 3.4088e-02
		(Epoch 04/04) Block Loss: 3.3698e-02
	(2/3) Block 38/64, linear_attn.in_proj_b | Initialization via ADMM...
	(3/3) Block 38/64, linear_attn.in_proj_b | Tuning Factorized Weights...
		(Epoch 01/04) Block Loss: 3.3647e-02
		(Epoch 02/04) Block Loss: 3.3646e-02
		(Epoch 03/04) Block Loss: 3.3646e-02
		(Epoch 04/04) Block Loss: 3.3646e-02
	(1/3) Block 38/64, linear_attn.in_proj_a | Tuning Non-Factorized Weights...
		(Epoch 01/04) Block Loss: 3.3791e-02
		(Epoch 02/04) Block Loss: 3.2457e-02
		(Epoch 03/04) Block Loss: 3.1714e-02
		(Epoch 04/04) Block Loss: 3.1395e-02
	(2/3) Block 38/64, linear_attn.in_proj_a | Initialization via ADMM...
	(3/3) Block 38/64, linear_attn.in_proj_a | Tuning Factorized Weights...
		(Epoch 01/04) Block Loss: 3.1352e-02
		(Epoch 02/04) Block Loss: 3.1351e-02
		(Epoch 03/04) Block Loss: 3.1350e-02
		(Epoch 04/04) Block Loss: 3.1350e-02
	(1/3) Block 38/64, linear_attn.out_proj | Tuning Non-Factorized Weights...
		(Epoch 01/04) Block Loss: 3.1623e-02
		(Epoch 02/04) Block Loss: 3.0560e-02
		(Epoch 03/04) Block Loss: 2.9942e-02
		(Epoch 04/04) Block Loss: 2.9664e-02
	(2/3) Block 38/64, linear_attn.out_proj | Initialization via ADMM...
	(3/3) Block 38/64, linear_attn.out_proj | Tuning Factorized Weights...
		(Epoch 01/04) Block Loss: 3.0457e-02
		(Epoch 02/04) Block Loss: 3.0274e-02
		(Epoch 03/04) Block Loss: 3.0173e-02
		(Epoch 04/04) Block Loss: 3.0143e-02
	(1/3) Block 38/64, mlp.gate_proj | Tuning Non-Factorized Weights...
		(Epoch 01/06) Block Loss: 3.0099e-02
		(Epoch 02/06) Block Loss: 2.9220e-02
		(Epoch 03/06) Block Loss: 2.8626e-02
		(Epoch 04/06) Block Loss: 2.8201e-02
		(Epoch 05/06) Block Loss: 2.7928e-02
		(Epoch 06/06) Block Loss: 2.7817e-02
		TuneFP plateau: stopped after 6 epochs
	(2/3) Block 38/64, mlp.gate_proj | Initialization via ADMM...
	(3/3) Block 38/64, mlp.gate_proj | Tuning Factorized Weights...
		(Epoch 01/06) Block Loss: 4.0849e-02
		(Epoch 02/06) Block Loss: 4.0591e-02
		(Epoch 03/06) Block Loss: 4.0369e-02
		(Epoch 04/06) Block Loss: 4.0215e-02
		(Epoch 05/06) Block Loss: 4.0133e-02
		(Epoch 06/06) Block Loss: 4.0107e-02
	(1/3) Block 38/64, mlp.up_proj | Tuning Non-Factorized Weights...
		(Epoch 01/08) Block Loss: 3.8473e-02
		(Epoch 02/08) Block Loss: 3.6447e-02
		(Epoch 03/08) Block Loss: 3.5571e-02
		(Epoch 04/08) Block Loss: 3.5034e-02
		(Epoch 05/08) Block Loss: 3.4660e-02
		(Epoch 06/08) Block Loss: 3.4426e-02
		(Epoch 07/08) Block Loss: 3.4293e-02
		TuneFP plateau: stopped after 7 epochs
	(2/3) Block 38/64, mlp.up_proj | Initialization via ADMM...
	(3/3) Block 38/64, mlp.up_proj | Tuning Factorized Weights...
		(Epoch 01/08) Block Loss: 5.4430e-02
		(Epoch 02/08) Block Loss: 5.4126e-02
		(Epoch 03/08) Block Loss: 5.3901e-02
		(Epoch 04/08) Block Loss: 5.3748e-02
		(Epoch 05/08) Block Loss: 5.3645e-02
		(Epoch 06/08) Block Loss: 5.3583e-02
		(Epoch 07/08) Block Loss: 5.3552e-02
		(Epoch 08/08) Block Loss: 5.3541e-02
	(1/3) Block 38/64, mlp.down_proj | Tuning Non-Factorized Weights...
		(Epoch 01/08) Block Loss: 5.3035e-02
		(Epoch 02/08) Block Loss: 5.2388e-02
		(Epoch 03/08) Block Loss: 5.2083e-02
		(Epoch 04/08) Block Loss: 5.1893e-02
		TuneFP plateau: stopped after 4 epochs
	(2/3) Block 38/64, mlp.down_proj | Initialization via ADMM...
	(3/3) Block 38/64, mlp.down_proj | Tuning Factorized Weights...
		(Epoch 01/08) Block Loss: 5.5340e-02
		(Epoch 02/08) Block Loss: 5.5048e-02
		(Epoch 03/08) Block Loss: 5.4984e-02
		(Epoch 04/08) Block Loss: 5.4935e-02
		(Epoch 05/08) Block Loss: 5.4896e-02
		(Epoch 06/08) Block Loss: 5.4867e-02
		(Epoch 07/08) Block Loss: 5.4851e-02
		(Epoch 08/08) Block Loss: 5.4843e-02

Compressing Layers:  59%|███████████████████████████████████████████████▌                                | 38/64 [2:46:12<56:37, 130.68s/it]	Measured rank curves: 0/2 usable; packed block budget preserved
	(1/3) Block 39/64, linear_attn.in_proj_qkv | Tuning Non-Factorized Weights...
		(Epoch 01/02) Block Loss: 4.0519e-02
		(Epoch 02/02) Block Loss: 3.6417e-02
	(2/3) Block 39/64, linear_attn.in_proj_qkv | Initialization via ADMM...
	(3/3) Block 39/64, linear_attn.in_proj_qkv | Tuning Factorized Weights...
		(Epoch 01/02) Block Loss: 3.8266e-02
		(Epoch 02/02) Block Loss: 3.8198e-02
	(1/3) Block 39/64, linear_attn.in_proj_z | Tuning Non-Factorized Weights...
		(Epoch 01/04) Block Loss: 3.6698e-02
		(Epoch 02/04) Block Loss: 3.3831e-02
		(Epoch 03/04) Block Loss: 3.2489e-02
		(Epoch 04/04) Block Loss: 3.2000e-02
	(2/3) Block 39/64, linear_attn.in_proj_z | Initialization via ADMM...
	(3/3) Block 39/64, linear_attn.in_proj_z | Tuning Factorized Weights...
		(Epoch 01/04) Block Loss: 3.2616e-02
		(Epoch 02/04) Block Loss: 3.2577e-02
		(Epoch 03/04) Block Loss: 3.2552e-02
		(Epoch 04/04) Block Loss: 3.2543e-02
	(1/3) Block 39/64, linear_attn.in_proj_b | Tuning Non-Factorized Weights...
		(Epoch 01/04) Block Loss: 3.2273e-02
		(Epoch 02/04) Block Loss: 3.0642e-02
		(Epoch 03/04) Block Loss: 2.9787e-02
		(Epoch 04/04) Block Loss: 2.9445e-02
	(2/3) Block 39/64, linear_attn.in_proj_b | Initialization via ADMM...
	(3/3) Block 39/64, linear_attn.in_proj_b | Tuning Factorized Weights...
		(Epoch 01/04) Block Loss: 2.9401e-02
		(Epoch 02/04) Block Loss: 2.9398e-02
		(Epoch 03/04) Block Loss: 2.9395e-02
		(Epoch 04/04) Block Loss: 2.9394e-02
	(1/3) Block 39/64, linear_attn.in_proj_a | Tuning Non-Factorized Weights...
		(Epoch 01/04) Block Loss: 2.9534e-02
		(Epoch 02/04) Block Loss: 2.8348e-02
		(Epoch 03/04) Block Loss: 2.7686e-02
		(Epoch 04/04) Block Loss: 2.7406e-02
	(2/3) Block 39/64, linear_attn.in_proj_a | Initialization via ADMM...
	(3/3) Block 39/64, linear_attn.in_proj_a | Tuning Factorized Weights...
		(Epoch 01/04) Block Loss: 2.7369e-02
		(Epoch 02/04) Block Loss: 2.7365e-02
		(Epoch 03/04) Block Loss: 2.7364e-02
		(Epoch 04/04) Block Loss: 2.7364e-02
	(1/3) Block 39/64, linear_attn.out_proj | Tuning Non-Factorized Weights...
		(Epoch 01/04) Block Loss: 2.7640e-02
		(Epoch 02/04) Block Loss: 2.6705e-02
		(Epoch 03/04) Block Loss: 2.6155e-02
		(Epoch 04/04) Block Loss: 2.5910e-02
	(2/3) Block 39/64, linear_attn.out_proj | Initialization via ADMM...
	(3/3) Block 39/64, linear_attn.out_proj | Tuning Factorized Weights...
		(Epoch 01/04) Block Loss: 2.6228e-02
		(Epoch 02/04) Block Loss: 2.6138e-02
		(Epoch 03/04) Block Loss: 2.6092e-02
		(Epoch 04/04) Block Loss: 2.6078e-02
	(1/3) Block 39/64, mlp.gate_proj | Tuning Non-Factorized Weights...
		(Epoch 01/06) Block Loss: 2.6229e-02
		(Epoch 02/06) Block Loss: 2.5464e-02
		(Epoch 03/06) Block Loss: 2.4955e-02
		(Epoch 04/06) Block Loss: 2.4575e-02
		(Epoch 05/06) Block Loss: 2.4326e-02
		(Epoch 06/06) Block Loss: 2.4227e-02
	(2/3) Block 39/64, mlp.gate_proj | Initialization via ADMM...
	(3/3) Block 39/64, mlp.gate_proj | Tuning Factorized Weights...
		(Epoch 01/06) Block Loss: 3.6057e-02
		(Epoch 02/06) Block Loss: 3.5803e-02
		(Epoch 03/06) Block Loss: 3.5582e-02
		(Epoch 04/06) Block Loss: 3.5427e-02
		(Epoch 05/06) Block Loss: 3.5345e-02
		(Epoch 06/06) Block Loss: 3.5319e-02
	(1/3) Block 39/64, mlp.up_proj | Tuning Non-Factorized Weights...
		(Epoch 01/08) Block Loss: 3.3786e-02
		(Epoch 02/08) Block Loss: 3.2003e-02
		(Epoch 03/08) Block Loss: 3.1248e-02
		(Epoch 04/08) Block Loss: 3.0797e-02
		(Epoch 05/08) Block Loss: 3.0477e-02
		(Epoch 06/08) Block Loss: 3.0277e-02
		(Epoch 07/08) Block Loss: 3.0163e-02
		TuneFP plateau: stopped after 7 epochs
	(2/3) Block 39/64, mlp.up_proj | Initialization via ADMM...
	(3/3) Block 39/64, mlp.up_proj | Tuning Factorized Weights...
		(Epoch 01/08) Block Loss: 5.0370e-02
		(Epoch 02/08) Block Loss: 4.9362e-02
		(Epoch 03/08) Block Loss: 4.9050e-02
		(Epoch 04/08) Block Loss: 4.8894e-02
		(Epoch 05/08) Block Loss: 4.8791e-02
		(Epoch 06/08) Block Loss: 4.8731e-02
		(Epoch 07/08) Block Loss: 4.8700e-02
		(Epoch 08/08) Block Loss: 4.8690e-02
	(1/3) Block 39/64, mlp.down_proj | Tuning Non-Factorized Weights...
		(Epoch 01/08) Block Loss: 4.8197e-02
		(Epoch 02/08) Block Loss: 4.7647e-02
		(Epoch 03/08) Block Loss: 4.7397e-02
		(Epoch 04/08) Block Loss: 4.7236e-02
		TuneFP plateau: stopped after 4 epochs
	(2/3) Block 39/64, mlp.down_proj | Initialization via ADMM...
	(3/3) Block 39/64, mlp.down_proj | Tuning Factorized Weights...
		(Epoch 01/08) Block Loss: 5.0083e-02
		(Epoch 02/08) Block Loss: 4.9850e-02
		(Epoch 03/08) Block Loss: 4.9809e-02
		(Epoch 04/08) Block Loss: 4.9782e-02
		(Epoch 05/08) Block Loss: 4.9764e-02
		(Epoch 06/08) Block Loss: 4.9748e-02
		(Epoch 07/08) Block Loss: 4.9737e-02
		(Epoch 08/08) Block Loss: 4.9731e-02

Compressing Layers:  61%|████████████████████████████████████████████████▊                               | 39/64 [2:48:29<55:11, 132.46s/it]	Measured rank curves: 1/2 usable; packed block budget preserved
	(1/3) Block 40/64, self_attn.q_proj | Tuning Non-Factorized Weights...
		(Epoch 01/02) Block Loss: 3.6369e-02
		(Epoch 02/02) Block Loss: 3.2841e-02
	(2/3) Block 40/64, self_attn.q_proj | Initialization via ADMM...
	(3/3) Block 40/64, self_attn.q_proj | Tuning Factorized Weights...
		(Epoch 01/02) Block Loss: 3.6345e-02
		(Epoch 02/02) Block Loss: 3.5366e-02
	(1/3) Block 40/64, self_attn.v_proj | Tuning Non-Factorized Weights...
		(Epoch 01/04) Block Loss: 3.2750e-02
		(Epoch 02/04) Block Loss: 3.0157e-02
		(Epoch 03/04) Block Loss: 2.8936e-02
		(Epoch 04/04) Block Loss: 2.8474e-02
	(2/3) Block 40/64, self_attn.v_proj | Initialization via ADMM...
	(3/3) Block 40/64, self_attn.v_proj | Tuning Factorized Weights...
		(Epoch 01/04) Block Loss: 3.0455e-02
		(Epoch 02/04) Block Loss: 3.0121e-02
		(Epoch 03/04) Block Loss: 2.9971e-02
		(Epoch 04/04) Block Loss: 2.9921e-02
	(1/3) Block 40/64, self_attn.k_proj | Tuning Non-Factorized Weights...
		(Epoch 01/02) Block Loss: 2.9174e-02
		(Epoch 02/02) Block Loss: 2.7907e-02
	(2/3) Block 40/64, self_attn.k_proj | Initialization via ADMM...
	(3/3) Block 40/64, self_attn.k_proj | Tuning Factorized Weights...
		(Epoch 01/02) Block Loss: 2.7804e-02
		(Epoch 02/02) Block Loss: 2.7795e-02
	(1/3) Block 40/64, self_attn.o_proj | Tuning Non-Factorized Weights...
		(Epoch 01/04) Block Loss: 2.7904e-02
		(Epoch 02/04) Block Loss: 2.6691e-02
		(Epoch 03/04) Block Loss: 2.6037e-02
		(Epoch 04/04) Block Loss: 2.5765e-02
	(2/3) Block 40/64, self_attn.o_proj | Initialization via ADMM...
	(3/3) Block 40/64, self_attn.o_proj | Tuning Factorized Weights...
		(Epoch 01/04) Block Loss: 2.6709e-02
		(Epoch 02/04) Block Loss: 2.6355e-02
		(Epoch 03/04) Block Loss: 2.6180e-02
		(Epoch 04/04) Block Loss: 2.6126e-02
	(1/3) Block 40/64, mlp.gate_proj | Tuning Non-Factorized Weights...
		(Epoch 01/06) Block Loss: 2.6005e-02
		(Epoch 02/06) Block Loss: 2.5090e-02
		(Epoch 03/06) Block Loss: 2.4491e-02
		(Epoch 04/06) Block Loss: 2.4078e-02
		(Epoch 05/06) Block Loss: 2.3823e-02
		(Epoch 06/06) Block Loss: 2.3724e-02
	(2/3) Block 40/64, mlp.gate_proj | Initialization via ADMM...
	(3/3) Block 40/64, mlp.gate_proj | Tuning Factorized Weights...
		(Epoch 01/06) Block Loss: 3.0691e-02
		(Epoch 02/06) Block Loss: 3.0549e-02
		(Epoch 03/06) Block Loss: 3.0429e-02
		(Epoch 04/06) Block Loss: 3.0342e-02
		(Epoch 05/06) Block Loss: 3.0296e-02
		(Epoch 06/06) Block Loss: 3.0282e-02
	(1/3) Block 40/64, mlp.up_proj | Tuning Non-Factorized Weights...
		(Epoch 01/08) Block Loss: 2.9422e-02
		(Epoch 02/08) Block Loss: 2.8144e-02
		(Epoch 03/08) Block Loss: 2.7569e-02
		(Epoch 04/08) Block Loss: 2.7209e-02
		(Epoch 05/08) Block Loss: 2.6945e-02
		(Epoch 06/08) Block Loss: 2.6779e-02
		TuneFP plateau: stopped after 6 epochs
	(2/3) Block 40/64, mlp.up_proj | Initialization via ADMM...
	(3/3) Block 40/64, mlp.up_proj | Tuning Factorized Weights...
		(Epoch 01/08) Block Loss: 4.4193e-02
		(Epoch 02/08) Block Loss: 4.2988e-02
		(Epoch 03/08) Block Loss: 4.2528e-02
		(Epoch 04/08) Block Loss: 4.2355e-02
		(Epoch 05/08) Block Loss: 4.2253e-02
		(Epoch 06/08) Block Loss: 4.2194e-02
		(Epoch 07/08) Block Loss: 4.2164e-02
		(Epoch 08/08) Block Loss: 4.2154e-02
	(1/3) Block 40/64, mlp.down_proj | Tuning Non-Factorized Weights...
		(Epoch 01/08) Block Loss: 4.1826e-02
		(Epoch 02/08) Block Loss: 4.1391e-02
		(Epoch 03/08) Block Loss: 4.1201e-02
		(Epoch 04/08) Block Loss: 4.1069e-02
		TuneFP plateau: stopped after 4 epochs
	(2/3) Block 40/64, mlp.down_proj | Initialization via ADMM...
	(3/3) Block 40/64, mlp.down_proj | Tuning Factorized Weights...
		(Epoch 01/08) Block Loss: 4.3170e-02
		(Epoch 02/08) Block Loss: 4.2947e-02
		(Epoch 03/08) Block Loss: 4.2891e-02
		(Epoch 04/08) Block Loss: 4.2858e-02
		(Epoch 05/08) Block Loss: 4.2836e-02
		(Epoch 06/08) Block Loss: 4.2815e-02
		(Epoch 07/08) Block Loss: 4.2803e-02
		(Epoch 08/08) Block Loss: 4.2794e-02

Compressing Layers:  62%|██████████████████████████████████████████████████                              | 40/64 [2:50:19<50:18, 125.76s/it]	Measured rank curves: 0/2 usable; packed block budget preserved
	(1/3) Block 41/64, linear_attn.in_proj_qkv | Tuning Non-Factorized Weights...
		(Epoch 01/02) Block Loss: 2.9796e-02
		(Epoch 02/02) Block Loss: 2.6731e-02
	(2/3) Block 41/64, linear_attn.in_proj_qkv | Initialization via ADMM...
	(3/3) Block 41/64, linear_attn.in_proj_qkv | Tuning Factorized Weights...
		(Epoch 01/02) Block Loss: 2.8235e-02
		(Epoch 02/02) Block Loss: 2.8167e-02
	(1/3) Block 41/64, linear_attn.in_proj_z | Tuning Non-Factorized Weights...
		(Epoch 01/04) Block Loss: 2.6874e-02
		(Epoch 02/04) Block Loss: 2.4705e-02
		(Epoch 03/04) Block Loss: 2.3690e-02
		(Epoch 04/04) Block Loss: 2.3316e-02
	(2/3) Block 41/64, linear_attn.in_proj_z | Initialization via ADMM...
	(3/3) Block 41/64, linear_attn.in_proj_z | Tuning Factorized Weights...
		(Epoch 01/04) Block Loss: 2.4477e-02
		(Epoch 02/04) Block Loss: 2.4393e-02
		(Epoch 03/04) Block Loss: 2.4336e-02
		(Epoch 04/04) Block Loss: 2.4318e-02
	(1/3) Block 41/64, linear_attn.in_proj_b | Tuning Non-Factorized Weights...
		(Epoch 01/04) Block Loss: 2.3796e-02
		(Epoch 02/04) Block Loss: 2.2564e-02
		(Epoch 03/04) Block Loss: 2.1924e-02
		(Epoch 04/04) Block Loss: 2.1668e-02
	(2/3) Block 41/64, linear_attn.in_proj_b | Initialization via ADMM...
	(3/3) Block 41/64, linear_attn.in_proj_b | Tuning Factorized Weights...
		(Epoch 01/04) Block Loss: 2.1636e-02
		(Epoch 02/04) Block Loss: 2.1635e-02
		(Epoch 03/04) Block Loss: 2.1635e-02
		(Epoch 04/04) Block Loss: 2.1634e-02
	(1/3) Block 41/64, linear_attn.in_proj_a | Tuning Non-Factorized Weights...
		(Epoch 01/04) Block Loss: 2.1763e-02
		(Epoch 02/04) Block Loss: 2.0904e-02
		(Epoch 03/04) Block Loss: 2.0421e-02
		(Epoch 04/04) Block Loss: 2.0211e-02
	(2/3) Block 41/64, linear_attn.in_proj_a | Initialization via ADMM...
	(3/3) Block 41/64, linear_attn.in_proj_a | Tuning Factorized Weights...
		(Epoch 01/04) Block Loss: 2.0183e-02
		(Epoch 02/04) Block Loss: 2.0182e-02
		(Epoch 03/04) Block Loss: 2.0182e-02
		(Epoch 04/04) Block Loss: 2.0182e-02
	(1/3) Block 41/64, linear_attn.out_proj | Tuning Non-Factorized Weights...
		(Epoch 01/04) Block Loss: 2.0391e-02
		(Epoch 02/04) Block Loss: 1.9711e-02
		(Epoch 03/04) Block Loss: 1.9305e-02
		(Epoch 04/04) Block Loss: 1.9119e-02
	(2/3) Block 41/64, linear_attn.out_proj | Initialization via ADMM...
	(3/3) Block 41/64, linear_attn.out_proj | Tuning Factorized Weights...
		(Epoch 01/04) Block Loss: 1.9765e-02
		(Epoch 02/04) Block Loss: 1.9627e-02
		(Epoch 03/04) Block Loss: 1.9550e-02
		(Epoch 04/04) Block Loss: 1.9527e-02
	(1/3) Block 41/64, mlp.gate_proj | Tuning Non-Factorized Weights...
		(Epoch 01/06) Block Loss: 1.9449e-02
		(Epoch 02/06) Block Loss: 1.8893e-02
		(Epoch 03/06) Block Loss: 1.8512e-02
		(Epoch 04/06) Block Loss: 1.8227e-02
		(Epoch 05/06) Block Loss: 1.8044e-02
		(Epoch 06/06) Block Loss: 1.7972e-02
	(2/3) Block 41/64, mlp.gate_proj | Initialization via ADMM...
	(3/3) Block 41/64, mlp.gate_proj | Tuning Factorized Weights...
		(Epoch 01/06) Block Loss: 2.6165e-02
		(Epoch 02/06) Block Loss: 2.5972e-02
		(Epoch 03/06) Block Loss: 2.5822e-02
		(Epoch 04/06) Block Loss: 2.5721e-02
		(Epoch 05/06) Block Loss: 2.5667e-02
		(Epoch 06/06) Block Loss: 2.5653e-02
	(1/3) Block 41/64, mlp.up_proj | Tuning Non-Factorized Weights...
		(Epoch 01/08) Block Loss: 2.4632e-02
		(Epoch 02/08) Block Loss: 2.3364e-02
		(Epoch 03/08) Block Loss: 2.2837e-02
		(Epoch 04/08) Block Loss: 2.2520e-02
		(Epoch 05/08) Block Loss: 2.2297e-02
		(Epoch 06/08) Block Loss: 2.2156e-02
		TuneFP plateau: stopped after 6 epochs
	(2/3) Block 41/64, mlp.up_proj | Initialization via ADMM...
	(3/3) Block 41/64, mlp.up_proj | Tuning Factorized Weights...
		(Epoch 01/08) Block Loss: 3.7919e-02
		(Epoch 02/08) Block Loss: 3.7082e-02
		(Epoch 03/08) Block Loss: 3.6792e-02
		(Epoch 04/08) Block Loss: 3.6672e-02
		(Epoch 05/08) Block Loss: 3.6599e-02
		(Epoch 06/08) Block Loss: 3.6556e-02
		(Epoch 07/08) Block Loss: 3.6535e-02
		(Epoch 08/08) Block Loss: 3.6528e-02
	(1/3) Block 41/64, mlp.down_proj | Tuning Non-Factorized Weights...
		(Epoch 01/08) Block Loss: 3.6212e-02
		(Epoch 02/08) Block Loss: 3.5810e-02
		(Epoch 03/08) Block Loss: 3.5629e-02
		(Epoch 04/08) Block Loss: 3.5506e-02
		TuneFP plateau: stopped after 4 epochs
	(2/3) Block 41/64, mlp.down_proj | Initialization via ADMM...
	(3/3) Block 41/64, mlp.down_proj | Tuning Factorized Weights...
		(Epoch 01/08) Block Loss: 3.7360e-02
		(Epoch 02/08) Block Loss: 3.7173e-02
		(Epoch 03/08) Block Loss: 3.7141e-02
		(Epoch 04/08) Block Loss: 3.7120e-02
		(Epoch 05/08) Block Loss: 3.7107e-02
		(Epoch 06/08) Block Loss: 3.7094e-02
		(Epoch 07/08) Block Loss: 3.7084e-02
		(Epoch 08/08) Block Loss: 3.7079e-02

Compressing Layers:  64%|███████████████████████████████████████████████████▎                            | 41/64 [2:52:33<49:04, 128.02s/it]	Measured rank curves: 1/2 usable; packed block budget preserved
	(1/3) Block 42/64, linear_attn.in_proj_qkv | Tuning Non-Factorized Weights...
		(Epoch 01/02) Block Loss: 2.7447e-02
		(Epoch 02/02) Block Loss: 2.4642e-02
	(2/3) Block 42/64, linear_attn.in_proj_qkv | Initialization via ADMM...
	(3/3) Block 42/64, linear_attn.in_proj_qkv | Tuning Factorized Weights...
		(Epoch 01/02) Block Loss: 2.5838e-02
		(Epoch 02/02) Block Loss: 2.5770e-02
	(1/3) Block 42/64, linear_attn.in_proj_z | Tuning Non-Factorized Weights...
		(Epoch 01/04) Block Loss: 2.4647e-02
		(Epoch 02/04) Block Loss: 2.2709e-02
		(Epoch 03/04) Block Loss: 2.1805e-02
		(Epoch 04/04) Block Loss: 2.1473e-02
	(2/3) Block 42/64, linear_attn.in_proj_z | Initialization via ADMM...
	(3/3) Block 42/64, linear_attn.in_proj_z | Tuning Factorized Weights...
		(Epoch 01/04) Block Loss: 2.2607e-02
		(Epoch 02/04) Block Loss: 2.2500e-02
		(Epoch 03/04) Block Loss: 2.2437e-02
		(Epoch 04/04) Block Loss: 2.2414e-02
	(1/3) Block 42/64, linear_attn.in_proj_b | Tuning Non-Factorized Weights...
		(Epoch 01/04) Block Loss: 2.1896e-02
		(Epoch 02/04) Block Loss: 2.0788e-02
		(Epoch 03/04) Block Loss: 2.0208e-02
		(Epoch 04/04) Block Loss: 1.9978e-02
	(2/3) Block 42/64, linear_attn.in_proj_b | Initialization via ADMM...
	(3/3) Block 42/64, linear_attn.in_proj_b | Tuning Factorized Weights...
		(Epoch 01/04) Block Loss: 1.9950e-02
		(Epoch 02/04) Block Loss: 1.9949e-02
		(Epoch 03/04) Block Loss: 1.9949e-02
		(Epoch 04/04) Block Loss: 1.9949e-02
	(1/3) Block 42/64, linear_attn.in_proj_a | Tuning Non-Factorized Weights...
		(Epoch 01/04) Block Loss: 2.0049e-02
		(Epoch 02/04) Block Loss: 1.9267e-02
		(Epoch 03/04) Block Loss: 1.8829e-02
		(Epoch 04/04) Block Loss: 1.8641e-02
	(2/3) Block 42/64, linear_attn.in_proj_a | Initialization via ADMM...
	(3/3) Block 42/64, linear_attn.in_proj_a | Tuning Factorized Weights...
		(Epoch 01/04) Block Loss: 1.8616e-02
		(Epoch 02/04) Block Loss: 1.8616e-02
		(Epoch 03/04) Block Loss: 1.8615e-02
		(Epoch 04/04) Block Loss: 1.8615e-02
	(1/3) Block 42/64, linear_attn.out_proj | Tuning Non-Factorized Weights...
		(Epoch 01/04) Block Loss: 1.8783e-02
		(Epoch 02/04) Block Loss: 1.8155e-02
		(Epoch 03/04) Block Loss: 1.7789e-02
		(Epoch 04/04) Block Loss: 1.7624e-02
	(2/3) Block 42/64, linear_attn.out_proj | Initialization via ADMM...
	(3/3) Block 42/64, linear_attn.out_proj | Tuning Factorized Weights...
		(Epoch 01/04) Block Loss: 1.8074e-02
		(Epoch 02/04) Block Loss: 1.7970e-02
		(Epoch 03/04) Block Loss: 1.7915e-02
		(Epoch 04/04) Block Loss: 1.7899e-02
	(1/3) Block 42/64, mlp.gate_proj | Tuning Non-Factorized Weights...
		(Epoch 01/06) Block Loss: 1.7883e-02
		(Epoch 02/06) Block Loss: 1.7361e-02
		(Epoch 03/06) Block Loss: 1.7016e-02
		(Epoch 04/06) Block Loss: 1.6766e-02
		(Epoch 05/06) Block Loss: 1.6601e-02
		(Epoch 06/06) Block Loss: 1.6536e-02
		TuneFP plateau: stopped after 6 epochs
	(2/3) Block 42/64, mlp.gate_proj | Initialization via ADMM...
	(3/3) Block 42/64, mlp.gate_proj | Tuning Factorized Weights...
		(Epoch 01/06) Block Loss: 2.4323e-02
		(Epoch 02/06) Block Loss: 2.4083e-02
		(Epoch 03/06) Block Loss: 2.3882e-02
		(Epoch 04/06) Block Loss: 2.3749e-02
		(Epoch 05/06) Block Loss: 2.3682e-02
		(Epoch 06/06) Block Loss: 2.3662e-02
	(1/3) Block 42/64, mlp.up_proj | Tuning Non-Factorized Weights...
		(Epoch 01/08) Block Loss: 2.2518e-02
		(Epoch 02/08) Block Loss: 2.1332e-02
		(Epoch 03/08) Block Loss: 2.0841e-02
		(Epoch 04/08) Block Loss: 2.0542e-02
		(Epoch 05/08) Block Loss: 2.0334e-02
		(Epoch 06/08) Block Loss: 2.0204e-02
		(Epoch 07/08) Block Loss: 2.0129e-02
		TuneFP plateau: stopped after 7 epochs
	(2/3) Block 42/64, mlp.up_proj | Initialization via ADMM...
	(3/3) Block 42/64, mlp.up_proj | Tuning Factorized Weights...
		(Epoch 01/08) Block Loss: 3.4247e-02
		(Epoch 02/08) Block Loss: 3.3602e-02
		(Epoch 03/08) Block Loss: 3.3341e-02
		(Epoch 04/08) Block Loss: 3.3229e-02
		(Epoch 05/08) Block Loss: 3.3165e-02
		(Epoch 06/08) Block Loss: 3.3128e-02
		(Epoch 07/08) Block Loss: 3.3109e-02
		(Epoch 08/08) Block Loss: 3.3103e-02
	(1/3) Block 42/64, mlp.down_proj | Tuning Non-Factorized Weights...
		(Epoch 01/08) Block Loss: 3.2837e-02
		(Epoch 02/08) Block Loss: 3.2477e-02
		(Epoch 03/08) Block Loss: 3.2316e-02
		(Epoch 04/08) Block Loss: 3.2203e-02
		TuneFP plateau: stopped after 4 epochs
	(2/3) Block 42/64, mlp.down_proj | Initialization via ADMM...
	(3/3) Block 42/64, mlp.down_proj | Tuning Factorized Weights...
		(Epoch 01/08) Block Loss: 3.3986e-02
		(Epoch 02/08) Block Loss: 3.3804e-02
		(Epoch 03/08) Block Loss: 3.3773e-02
		(Epoch 04/08) Block Loss: 3.3755e-02
		(Epoch 05/08) Block Loss: 3.3741e-02
		(Epoch 06/08) Block Loss: 3.3729e-02
		(Epoch 07/08) Block Loss: 3.3720e-02
		(Epoch 08/08) Block Loss: 3.3715e-02

Compressing Layers:  66%|████████████████████████████████████████████████████▌                           | 42/64 [2:54:42<47:09, 128.60s/it]	Measured rank curves: 0/2 usable; packed block budget preserved
	(1/3) Block 43/64, linear_attn.in_proj_qkv | Tuning Non-Factorized Weights...
		(Epoch 01/02) Block Loss: 2.7882e-02
		(Epoch 02/02) Block Loss: 2.5124e-02
	(2/3) Block 43/64, linear_attn.in_proj_qkv | Initialization via ADMM...
	(3/3) Block 43/64, linear_attn.in_proj_qkv | Tuning Factorized Weights...
		(Epoch 01/02) Block Loss: 2.6704e-02
		(Epoch 02/02) Block Loss: 2.6628e-02
	(1/3) Block 43/64, linear_attn.in_proj_z | Tuning Non-Factorized Weights...
		(Epoch 01/04) Block Loss: 2.5305e-02
		(Epoch 02/04) Block Loss: 2.3377e-02
		(Epoch 03/04) Block Loss: 2.2478e-02
		(Epoch 04/04) Block Loss: 2.2138e-02
	(2/3) Block 43/64, linear_attn.in_proj_z | Initialization via ADMM...
	(3/3) Block 43/64, linear_attn.in_proj_z | Tuning Factorized Weights...
		(Epoch 01/04) Block Loss: 2.3093e-02
		(Epoch 02/04) Block Loss: 2.2962e-02
		(Epoch 03/04) Block Loss: 2.2888e-02
		(Epoch 04/04) Block Loss: 2.2864e-02
	(1/3) Block 43/64, linear_attn.in_proj_b | Tuning Non-Factorized Weights...
		(Epoch 01/04) Block Loss: 2.2503e-02
		(Epoch 02/04) Block Loss: 2.1421e-02
		(Epoch 03/04) Block Loss: 2.0854e-02
		(Epoch 04/04) Block Loss: 2.0623e-02
	(2/3) Block 43/64, linear_attn.in_proj_b | Initialization via ADMM...
	(3/3) Block 43/64, linear_attn.in_proj_b | Tuning Factorized Weights...
		(Epoch 01/04) Block Loss: 2.0594e-02
		(Epoch 02/04) Block Loss: 2.0594e-02
		(Epoch 03/04) Block Loss: 2.0594e-02
		(Epoch 04/04) Block Loss: 2.0594e-02
	(1/3) Block 43/64, linear_attn.in_proj_a | Tuning Non-Factorized Weights...
		(Epoch 01/04) Block Loss: 2.0807e-02
		(Epoch 02/04) Block Loss: 2.0019e-02
		(Epoch 03/04) Block Loss: 1.9578e-02
		(Epoch 04/04) Block Loss: 1.9392e-02
	(2/3) Block 43/64, linear_attn.in_proj_a | Initialization via ADMM...
	(3/3) Block 43/64, linear_attn.in_proj_a | Tuning Factorized Weights...
		(Epoch 01/04) Block Loss: 1.9368e-02
		(Epoch 02/04) Block Loss: 1.9367e-02
		(Epoch 03/04) Block Loss: 1.9367e-02
		(Epoch 04/04) Block Loss: 1.9366e-02
	(1/3) Block 43/64, linear_attn.out_proj | Tuning Non-Factorized Weights...
		(Epoch 01/04) Block Loss: 1.9621e-02
		(Epoch 02/04) Block Loss: 1.8978e-02
		(Epoch 03/04) Block Loss: 1.8596e-02
		(Epoch 04/04) Block Loss: 1.8428e-02
	(2/3) Block 43/64, linear_attn.out_proj | Initialization via ADMM...
	(3/3) Block 43/64, linear_attn.out_proj | Tuning Factorized Weights...
		(Epoch 01/04) Block Loss: 1.8847e-02
		(Epoch 02/04) Block Loss: 1.8764e-02
		(Epoch 03/04) Block Loss: 1.8724e-02
		(Epoch 04/04) Block Loss: 1.8711e-02
	(1/3) Block 43/64, mlp.gate_proj | Tuning Non-Factorized Weights...
		(Epoch 01/06) Block Loss: 1.8716e-02
		(Epoch 02/06) Block Loss: 1.8187e-02
		(Epoch 03/06) Block Loss: 1.7822e-02
		(Epoch 04/06) Block Loss: 1.7560e-02
		(Epoch 05/06) Block Loss: 1.7388e-02
		(Epoch 06/06) Block Loss: 1.7319e-02
		TuneFP plateau: stopped after 6 epochs
	(2/3) Block 43/64, mlp.gate_proj | Initialization via ADMM...
	(3/3) Block 43/64, mlp.gate_proj | Tuning Factorized Weights...
		(Epoch 01/06) Block Loss: 2.6765e-02
		(Epoch 02/06) Block Loss: 2.6175e-02
		(Epoch 03/06) Block Loss: 2.5689e-02
		(Epoch 04/06) Block Loss: 2.5420e-02
		(Epoch 05/06) Block Loss: 2.5302e-02
		(Epoch 06/06) Block Loss: 2.5269e-02
	(1/3) Block 43/64, mlp.up_proj | Tuning Non-Factorized Weights...
		(Epoch 01/08) Block Loss: 2.3779e-02
		(Epoch 02/08) Block Loss: 2.2402e-02
		(Epoch 03/08) Block Loss: 2.1821e-02
		(Epoch 04/08) Block Loss: 2.1471e-02
		(Epoch 05/08) Block Loss: 2.1231e-02
		(Epoch 06/08) Block Loss: 2.1082e-02
		(Epoch 07/08) Block Loss: 2.1000e-02
		TuneFP plateau: stopped after 7 epochs
	(2/3) Block 43/64, mlp.up_proj | Initialization via ADMM...
	(3/3) Block 43/64, mlp.up_proj | Tuning Factorized Weights...
		(Epoch 01/08) Block Loss: 3.5498e-02
		(Epoch 02/08) Block Loss: 3.3897e-02
		(Epoch 03/08) Block Loss: 3.3442e-02
		(Epoch 04/08) Block Loss: 3.3294e-02
		(Epoch 05/08) Block Loss: 3.3206e-02
		(Epoch 06/08) Block Loss: 3.3156e-02
		(Epoch 07/08) Block Loss: 3.3131e-02
		(Epoch 08/08) Block Loss: 3.3123e-02
	(1/3) Block 43/64, mlp.down_proj | Tuning Non-Factorized Weights...
		(Epoch 01/08) Block Loss: 3.2765e-02
		(Epoch 02/08) Block Loss: 3.2340e-02
		(Epoch 03/08) Block Loss: 3.2147e-02
		(Epoch 04/08) Block Loss: 3.2012e-02
		TuneFP plateau: stopped after 4 epochs
	(2/3) Block 43/64, mlp.down_proj | Initialization via ADMM...
	(3/3) Block 43/64, mlp.down_proj | Tuning Factorized Weights...
		(Epoch 01/08) Block Loss: 3.6032e-02
		(Epoch 02/08) Block Loss: 3.4088e-02
		(Epoch 03/08) Block Loss: 3.4067e-02
		(Epoch 04/08) Block Loss: 3.4055e-02
		(Epoch 05/08) Block Loss: 3.4044e-02
		(Epoch 06/08) Block Loss: 3.4034e-02
		(Epoch 07/08) Block Loss: 3.4028e-02
		(Epoch 08/08) Block Loss: 3.4025e-02

Compressing Layers:  67%|█████████████████████████████████████████████████████▊                          | 43/64 [2:57:00<45:55, 131.23s/it]	Measured rank curves: 2/2 usable; packed block budget preserved
	(1/3) Block 44/64, self_attn.q_proj | Tuning Non-Factorized Weights...
		(Epoch 01/02) Block Loss: 2.9269e-02
		(Epoch 02/02) Block Loss: 2.6234e-02
	(2/3) Block 44/64, self_attn.q_proj | Initialization via ADMM...
	(3/3) Block 44/64, self_attn.q_proj | Tuning Factorized Weights...
		(Epoch 01/02) Block Loss: 4.2165e-02
		(Epoch 02/02) Block Loss: 3.3279e-02
	(1/3) Block 44/64, self_attn.v_proj | Tuning Non-Factorized Weights...
		(Epoch 01/04) Block Loss: 2.6430e-02
		(Epoch 02/04) Block Loss: 2.4318e-02
		(Epoch 03/04) Block Loss: 2.3346e-02
		(Epoch 04/04) Block Loss: 2.2988e-02
	(2/3) Block 44/64, self_attn.v_proj | Initialization via ADMM...
	(3/3) Block 44/64, self_attn.v_proj | Tuning Factorized Weights...
		(Epoch 01/04) Block Loss: 2.3935e-02
		(Epoch 02/04) Block Loss: 2.3785e-02
		(Epoch 03/04) Block Loss: 2.3704e-02
		(Epoch 04/04) Block Loss: 2.3680e-02
	(1/3) Block 44/64, self_attn.k_proj | Tuning Non-Factorized Weights...
		(Epoch 01/02) Block Loss: 2.3276e-02
		(Epoch 02/02) Block Loss: 2.2307e-02
	(2/3) Block 44/64, self_attn.k_proj | Initialization via ADMM...
	(3/3) Block 44/64, self_attn.k_proj | Tuning Factorized Weights...
		(Epoch 01/02) Block Loss: 2.2277e-02
		(Epoch 02/02) Block Loss: 2.2266e-02
	(1/3) Block 44/64, self_attn.o_proj | Tuning Non-Factorized Weights...
		(Epoch 01/04) Block Loss: 2.2269e-02
		(Epoch 02/04) Block Loss: 2.1307e-02
		(Epoch 03/04) Block Loss: 2.0791e-02
		(Epoch 04/04) Block Loss: 2.0579e-02
	(2/3) Block 44/64, self_attn.o_proj | Initialization via ADMM...
	(3/3) Block 44/64, self_attn.o_proj | Tuning Factorized Weights...
		(Epoch 01/04) Block Loss: 2.1783e-02
		(Epoch 02/04) Block Loss: 2.1404e-02
		(Epoch 03/04) Block Loss: 2.1224e-02
		(Epoch 04/04) Block Loss: 2.1165e-02
	(1/3) Block 44/64, mlp.gate_proj | Tuning Non-Factorized Weights...
		(Epoch 01/06) Block Loss: 2.0834e-02
		(Epoch 02/06) Block Loss: 2.0118e-02
		(Epoch 03/06) Block Loss: 1.9656e-02
		(Epoch 04/06) Block Loss: 1.9346e-02
		(Epoch 05/06) Block Loss: 1.9156e-02
		(Epoch 06/06) Block Loss: 1.9081e-02
		TuneFP plateau: stopped after 6 epochs
	(2/3) Block 44/64, mlp.gate_proj | Initialization via ADMM...
	(3/3) Block 44/64, mlp.gate_proj | Tuning Factorized Weights...
		(Epoch 01/06) Block Loss: 2.5902e-02
		(Epoch 02/06) Block Loss: 2.5660e-02
		(Epoch 03/06) Block Loss: 2.5458e-02
		(Epoch 04/06) Block Loss: 2.5321e-02
		(Epoch 05/06) Block Loss: 2.5252e-02
		(Epoch 06/06) Block Loss: 2.5230e-02
	(1/3) Block 44/64, mlp.up_proj | Tuning Non-Factorized Weights...
		(Epoch 01/08) Block Loss: 2.4095e-02
		(Epoch 02/08) Block Loss: 2.2883e-02
		(Epoch 03/08) Block Loss: 2.2325e-02
		(Epoch 04/08) Block Loss: 2.1974e-02
		(Epoch 05/08) Block Loss: 2.1732e-02
		(Epoch 06/08) Block Loss: 2.1583e-02
		(Epoch 07/08) Block Loss: 2.1502e-02
		TuneFP plateau: stopped after 7 epochs
	(2/3) Block 44/64, mlp.up_proj | Initialization via ADMM...
	(3/3) Block 44/64, mlp.up_proj | Tuning Factorized Weights...
		(Epoch 01/08) Block Loss: 3.4777e-02
		(Epoch 02/08) Block Loss: 3.3830e-02
		(Epoch 03/08) Block Loss: 3.3390e-02
		(Epoch 04/08) Block Loss: 3.3215e-02
		(Epoch 05/08) Block Loss: 3.3118e-02
		(Epoch 06/08) Block Loss: 3.3065e-02
		(Epoch 07/08) Block Loss: 3.3040e-02
		(Epoch 08/08) Block Loss: 3.3032e-02
	(1/3) Block 44/64, mlp.down_proj | Tuning Non-Factorized Weights...
		(Epoch 01/08) Block Loss: 3.2703e-02
		(Epoch 02/08) Block Loss: 3.2307e-02
		(Epoch 03/08) Block Loss: 3.2128e-02
		(Epoch 04/08) Block Loss: 3.2001e-02
		TuneFP plateau: stopped after 4 epochs
	(2/3) Block 44/64, mlp.down_proj | Initialization via ADMM...
	(3/3) Block 44/64, mlp.down_proj | Tuning Factorized Weights...
		(Epoch 01/08) Block Loss: 3.4589e-02
		(Epoch 02/08) Block Loss: 3.3986e-02
		(Epoch 03/08) Block Loss: 3.3954e-02
		(Epoch 04/08) Block Loss: 3.3931e-02
		(Epoch 05/08) Block Loss: 3.3912e-02
		(Epoch 06/08) Block Loss: 3.3900e-02
		(Epoch 07/08) Block Loss: 3.3893e-02
		(Epoch 08/08) Block Loss: 3.3889e-02

Compressing Layers:  69%|███████████████████████████████████████████████████████                         | 44/64 [2:58:53<41:54, 125.74s/it]	Measured rank curves: 0/2 usable; packed block budget preserved
	(1/3) Block 45/64, linear_attn.in_proj_qkv | Tuning Non-Factorized Weights...
		(Epoch 01/02) Block Loss: 2.6415e-02
		(Epoch 02/02) Block Loss: 2.3849e-02
	(2/3) Block 45/64, linear_attn.in_proj_qkv | Initialization via ADMM...
	(3/3) Block 45/64, linear_attn.in_proj_qkv | Tuning Factorized Weights...
		(Epoch 01/02) Block Loss: 2.5503e-02
		(Epoch 02/02) Block Loss: 2.5449e-02
	(1/3) Block 45/64, linear_attn.in_proj_z | Tuning Non-Factorized Weights...
		(Epoch 01/04) Block Loss: 2.4164e-02
		(Epoch 02/04) Block Loss: 2.2367e-02
		(Epoch 03/04) Block Loss: 2.1535e-02
		(Epoch 04/04) Block Loss: 2.1226e-02
	(2/3) Block 45/64, linear_attn.in_proj_z | Initialization via ADMM...
	(3/3) Block 45/64, linear_attn.in_proj_z | Tuning Factorized Weights...
		(Epoch 01/04) Block Loss: 2.2201e-02
		(Epoch 02/04) Block Loss: 2.2110e-02
		(Epoch 03/04) Block Loss: 2.2065e-02
		(Epoch 04/04) Block Loss: 2.2051e-02
	(1/3) Block 45/64, linear_attn.in_proj_b | Tuning Non-Factorized Weights...
		(Epoch 01/04) Block Loss: 2.1632e-02
		(Epoch 02/04) Block Loss: 2.0625e-02
		(Epoch 03/04) Block Loss: 2.0095e-02
		(Epoch 04/04) Block Loss: 1.9883e-02
	(2/3) Block 45/64, linear_attn.in_proj_b | Initialization via ADMM...
	(3/3) Block 45/64, linear_attn.in_proj_b | Tuning Factorized Weights...
		(Epoch 01/04) Block Loss: 1.9857e-02
		(Epoch 02/04) Block Loss: 1.9857e-02
		(Epoch 03/04) Block Loss: 1.9856e-02
		(Epoch 04/04) Block Loss: 1.9856e-02
	(1/3) Block 45/64, linear_attn.in_proj_a | Tuning Non-Factorized Weights...
		(Epoch 01/04) Block Loss: 1.9964e-02
		(Epoch 02/04) Block Loss: 1.9252e-02
		(Epoch 03/04) Block Loss: 1.8849e-02
		(Epoch 04/04) Block Loss: 1.8677e-02
	(2/3) Block 45/64, linear_attn.in_proj_a | Initialization via ADMM...
	(3/3) Block 45/64, linear_attn.in_proj_a | Tuning Factorized Weights...
		(Epoch 01/04) Block Loss: 1.8653e-02
		(Epoch 02/04) Block Loss: 1.8652e-02
		(Epoch 03/04) Block Loss: 1.8652e-02
		(Epoch 04/04) Block Loss: 1.8652e-02
	(1/3) Block 45/64, linear_attn.out_proj | Tuning Non-Factorized Weights...
		(Epoch 01/04) Block Loss: 1.8818e-02
		(Epoch 02/04) Block Loss: 1.8242e-02
		(Epoch 03/04) Block Loss: 1.7908e-02
		(Epoch 04/04) Block Loss: 1.7756e-02
	(2/3) Block 45/64, linear_attn.out_proj | Initialization via ADMM...
	(3/3) Block 45/64, linear_attn.out_proj | Tuning Factorized Weights...
		(Epoch 01/04) Block Loss: 1.8344e-02
		(Epoch 02/04) Block Loss: 1.8241e-02
		(Epoch 03/04) Block Loss: 1.8182e-02
		(Epoch 04/04) Block Loss: 1.8164e-02
	(1/3) Block 45/64, mlp.gate_proj | Tuning Non-Factorized Weights...
		(Epoch 01/06) Block Loss: 1.8048e-02
		(Epoch 02/06) Block Loss: 1.7563e-02
		(Epoch 03/06) Block Loss: 1.7244e-02
		(Epoch 04/06) Block Loss: 1.7018e-02
		(Epoch 05/06) Block Loss: 1.6870e-02
		(Epoch 06/06) Block Loss: 1.6810e-02
		TuneFP plateau: stopped after 6 epochs
	(2/3) Block 45/64, mlp.gate_proj | Initialization via ADMM...
	(3/3) Block 45/64, mlp.gate_proj | Tuning Factorized Weights...
		(Epoch 01/06) Block Loss: 2.5007e-02
		(Epoch 02/06) Block Loss: 2.4714e-02
		(Epoch 03/06) Block Loss: 2.4460e-02
		(Epoch 04/06) Block Loss: 2.4298e-02
		(Epoch 05/06) Block Loss: 2.4218e-02
		(Epoch 06/06) Block Loss: 2.4195e-02
	(1/3) Block 45/64, mlp.up_proj | Tuning Non-Factorized Weights...
		(Epoch 01/08) Block Loss: 2.2937e-02
		(Epoch 02/08) Block Loss: 2.1652e-02
		(Epoch 03/08) Block Loss: 2.1079e-02
		(Epoch 04/08) Block Loss: 2.0729e-02
		(Epoch 05/08) Block Loss: 2.0491e-02
		(Epoch 06/08) Block Loss: 2.0346e-02
		(Epoch 07/08) Block Loss: 2.0267e-02
		TuneFP plateau: stopped after 7 epochs
	(2/3) Block 45/64, mlp.up_proj | Initialization via ADMM...
	(3/3) Block 45/64, mlp.up_proj | Tuning Factorized Weights...
		(Epoch 01/08) Block Loss: 3.2686e-02
		(Epoch 02/08) Block Loss: 3.1999e-02
		(Epoch 03/08) Block Loss: 3.1712e-02
		(Epoch 04/08) Block Loss: 3.1591e-02
		(Epoch 05/08) Block Loss: 3.1517e-02
		(Epoch 06/08) Block Loss: 3.1473e-02
		(Epoch 07/08) Block Loss: 3.1452e-02
		(Epoch 08/08) Block Loss: 3.1444e-02
	(1/3) Block 45/64, mlp.down_proj | Tuning Non-Factorized Weights...
		(Epoch 01/08) Block Loss: 3.1119e-02
		(Epoch 02/08) Block Loss: 3.0708e-02
		(Epoch 03/08) Block Loss: 3.0521e-02
		(Epoch 04/08) Block Loss: 3.0391e-02
		TuneFP plateau: stopped after 4 epochs
	(2/3) Block 45/64, mlp.down_proj | Initialization via ADMM...
	(3/3) Block 45/64, mlp.down_proj | Tuning Factorized Weights...
		(Epoch 01/08) Block Loss: 3.2706e-02
		(Epoch 02/08) Block Loss: 3.2410e-02
		(Epoch 03/08) Block Loss: 3.2366e-02
		(Epoch 04/08) Block Loss: 3.2336e-02
		(Epoch 05/08) Block Loss: 3.2316e-02
		(Epoch 06/08) Block Loss: 3.2299e-02
		(Epoch 07/08) Block Loss: 3.2289e-02
		(Epoch 08/08) Block Loss: 3.2284e-02

Compressing Layers:  70%|████████████████████████████████████████████████████████▎                       | 45/64 [3:01:09<40:50, 129.00s/it]	Measured rank curves: 0/2 usable; packed block budget preserved
	(1/3) Block 46/64, linear_attn.in_proj_qkv | Tuning Non-Factorized Weights...
		(Epoch 01/02) Block Loss: 2.3361e-02
		(Epoch 02/02) Block Loss: 2.1143e-02
	(2/3) Block 46/64, linear_attn.in_proj_qkv | Initialization via ADMM...
	(3/3) Block 46/64, linear_attn.in_proj_qkv | Tuning Factorized Weights...
		(Epoch 01/02) Block Loss: 2.2508e-02
		(Epoch 02/02) Block Loss: 2.2462e-02
	(1/3) Block 46/64, linear_attn.in_proj_z | Tuning Non-Factorized Weights...
		(Epoch 01/04) Block Loss: 2.1416e-02
		(Epoch 02/04) Block Loss: 1.9896e-02
		(Epoch 03/04) Block Loss: 1.9186e-02
		(Epoch 04/04) Block Loss: 1.8924e-02
	(2/3) Block 46/64, linear_attn.in_proj_z | Initialization via ADMM...
	(3/3) Block 46/64, linear_attn.in_proj_z | Tuning Factorized Weights...
		(Epoch 01/04) Block Loss: 1.9372e-02
		(Epoch 02/04) Block Loss: 1.9337e-02
		(Epoch 03/04) Block Loss: 1.9314e-02
		(Epoch 04/04) Block Loss: 1.9306e-02
	(1/3) Block 46/64, linear_attn.in_proj_b | Tuning Non-Factorized Weights...
		(Epoch 01/04) Block Loss: 1.9083e-02
		(Epoch 02/04) Block Loss: 1.8244e-02
		(Epoch 03/04) Block Loss: 1.7793e-02
		(Epoch 04/04) Block Loss: 1.7612e-02
	(2/3) Block 46/64, linear_attn.in_proj_b | Initialization via ADMM...
	(3/3) Block 46/64, linear_attn.in_proj_b | Tuning Factorized Weights...
		(Epoch 01/04) Block Loss: 1.7590e-02
		(Epoch 02/04) Block Loss: 1.7589e-02
		(Epoch 03/04) Block Loss: 1.7589e-02
		(Epoch 04/04) Block Loss: 1.7589e-02
	(1/3) Block 46/64, linear_attn.in_proj_a | Tuning Non-Factorized Weights...
		(Epoch 01/04) Block Loss: 1.7673e-02
		(Epoch 02/04) Block Loss: 1.7066e-02
		(Epoch 03/04) Block Loss: 1.6723e-02
		(Epoch 04/04) Block Loss: 1.6576e-02
	(2/3) Block 46/64, linear_attn.in_proj_a | Initialization via ADMM...
	(3/3) Block 46/64, linear_attn.in_proj_a | Tuning Factorized Weights...
		(Epoch 01/04) Block Loss: 1.6558e-02
		(Epoch 02/04) Block Loss: 1.6557e-02
		(Epoch 03/04) Block Loss: 1.6557e-02
		(Epoch 04/04) Block Loss: 1.6556e-02
	(1/3) Block 46/64, linear_attn.out_proj | Tuning Non-Factorized Weights...
		(Epoch 01/04) Block Loss: 1.6684e-02
		(Epoch 02/04) Block Loss: 1.6192e-02
		(Epoch 03/04) Block Loss: 1.5908e-02
		(Epoch 04/04) Block Loss: 1.5777e-02
	(2/3) Block 46/64, linear_attn.out_proj | Initialization via ADMM...
	(3/3) Block 46/64, linear_attn.out_proj | Tuning Factorized Weights...
		(Epoch 01/04) Block Loss: 1.6117e-02
		(Epoch 02/04) Block Loss: 1.6013e-02
		(Epoch 03/04) Block Loss: 1.5963e-02
		(Epoch 04/04) Block Loss: 1.5949e-02
	(1/3) Block 46/64, mlp.gate_proj | Tuning Non-Factorized Weights...
		(Epoch 01/06) Block Loss: 1.5977e-02
		(Epoch 02/06) Block Loss: 1.5571e-02
		(Epoch 03/06) Block Loss: 1.5303e-02
		(Epoch 04/06) Block Loss: 1.5105e-02
		(Epoch 05/06) Block Loss: 1.4976e-02
		(Epoch 06/06) Block Loss: 1.4924e-02
		TuneFP plateau: stopped after 6 epochs
	(2/3) Block 46/64, mlp.gate_proj | Initialization via ADMM...
	(3/3) Block 46/64, mlp.gate_proj | Tuning Factorized Weights...
		(Epoch 01/06) Block Loss: 2.2199e-02
		(Epoch 02/06) Block Loss: 2.1883e-02
		(Epoch 03/06) Block Loss: 2.1610e-02
		(Epoch 04/06) Block Loss: 2.1446e-02
		(Epoch 05/06) Block Loss: 2.1371e-02
		(Epoch 06/06) Block Loss: 2.1349e-02
	(1/3) Block 46/64, mlp.up_proj | Tuning Non-Factorized Weights...
		(Epoch 01/08) Block Loss: 2.0235e-02
		(Epoch 02/08) Block Loss: 1.9112e-02
		(Epoch 03/08) Block Loss: 1.8605e-02
		(Epoch 04/08) Block Loss: 1.8293e-02
		(Epoch 05/08) Block Loss: 1.8084e-02
		(Epoch 06/08) Block Loss: 1.7956e-02
		(Epoch 07/08) Block Loss: 1.7887e-02
		TuneFP plateau: stopped after 7 epochs
	(2/3) Block 46/64, mlp.up_proj | Initialization via ADMM...
	(3/3) Block 46/64, mlp.up_proj | Tuning Factorized Weights...
		(Epoch 01/08) Block Loss: 2.8442e-02
		(Epoch 02/08) Block Loss: 2.7805e-02
		(Epoch 03/08) Block Loss: 2.7565e-02
		(Epoch 04/08) Block Loss: 2.7455e-02
		(Epoch 05/08) Block Loss: 2.7388e-02
		(Epoch 06/08) Block Loss: 2.7349e-02
		(Epoch 07/08) Block Loss: 2.7327e-02
		(Epoch 08/08) Block Loss: 2.7321e-02
	(1/3) Block 46/64, mlp.down_proj | Tuning Non-Factorized Weights...
		(Epoch 01/08) Block Loss: 2.7044e-02
		(Epoch 02/08) Block Loss: 2.6689e-02
		(Epoch 03/08) Block Loss: 2.6530e-02
		(Epoch 04/08) Block Loss: 2.6417e-02
		TuneFP plateau: stopped after 4 epochs
	(2/3) Block 46/64, mlp.down_proj | Initialization via ADMM...
	(3/3) Block 46/64, mlp.down_proj | Tuning Factorized Weights...
		(Epoch 01/08) Block Loss: 2.8429e-02
		(Epoch 02/08) Block Loss: 2.8195e-02
		(Epoch 03/08) Block Loss: 2.8168e-02
		(Epoch 04/08) Block Loss: 2.8145e-02
		(Epoch 05/08) Block Loss: 2.8129e-02
		(Epoch 06/08) Block Loss: 2.8118e-02
		(Epoch 07/08) Block Loss: 2.8111e-02
		(Epoch 08/08) Block Loss: 2.8107e-02

Compressing Layers:  72%|█████████████████████████████████████████████████████████▌                      | 46/64 [3:03:25<39:17, 130.95s/it]	Measured rank curves: 1/2 usable; packed block budget preserved
	(1/3) Block 47/64, linear_attn.in_proj_qkv | Tuning Non-Factorized Weights...
		(Epoch 01/02) Block Loss: 1.7037e-02
		(Epoch 02/02) Block Loss: 1.5407e-02
	(2/3) Block 47/64, linear_attn.in_proj_qkv | Initialization via ADMM...
	(3/3) Block 47/64, linear_attn.in_proj_qkv | Tuning Factorized Weights...
		(Epoch 01/02) Block Loss: 1.6803e-02
		(Epoch 02/02) Block Loss: 1.6748e-02
	(1/3) Block 47/64, linear_attn.in_proj_z | Tuning Non-Factorized Weights...
		(Epoch 01/04) Block Loss: 1.5967e-02
		(Epoch 02/04) Block Loss: 1.4784e-02
		(Epoch 03/04) Block Loss: 1.4227e-02
		(Epoch 04/04) Block Loss: 1.4023e-02
	(2/3) Block 47/64, linear_attn.in_proj_z | Initialization via ADMM...
	(3/3) Block 47/64, linear_attn.in_proj_z | Tuning Factorized Weights...
		(Epoch 01/04) Block Loss: 1.4538e-02
		(Epoch 02/04) Block Loss: 1.4499e-02
		(Epoch 03/04) Block Loss: 1.4477e-02
		(Epoch 04/04) Block Loss: 1.4470e-02
	(1/3) Block 47/64, linear_attn.in_proj_b | Tuning Non-Factorized Weights...
		(Epoch 01/04) Block Loss: 1.4215e-02
		(Epoch 02/04) Block Loss: 1.3553e-02
		(Epoch 03/04) Block Loss: 1.3205e-02
		(Epoch 04/04) Block Loss: 1.3065e-02
	(2/3) Block 47/64, linear_attn.in_proj_b | Initialization via ADMM...
	(3/3) Block 47/64, linear_attn.in_proj_b | Tuning Factorized Weights...
		(Epoch 01/04) Block Loss: 1.3048e-02
		(Epoch 02/04) Block Loss: 1.3048e-02
		(Epoch 03/04) Block Loss: 1.3048e-02
		(Epoch 04/04) Block Loss: 1.3048e-02
	(1/3) Block 47/64, linear_attn.in_proj_a | Tuning Non-Factorized Weights...
		(Epoch 01/04) Block Loss: 1.3129e-02
		(Epoch 02/04) Block Loss: 1.2666e-02
		(Epoch 03/04) Block Loss: 1.2404e-02
		(Epoch 04/04) Block Loss: 1.2291e-02
	(2/3) Block 47/64, linear_attn.in_proj_a | Initialization via ADMM...
	(3/3) Block 47/64, linear_attn.in_proj_a | Tuning Factorized Weights...
		(Epoch 01/04) Block Loss: 1.2277e-02
		(Epoch 02/04) Block Loss: 1.2277e-02
		(Epoch 03/04) Block Loss: 1.2277e-02
		(Epoch 04/04) Block Loss: 1.2277e-02
	(1/3) Block 47/64, linear_attn.out_proj | Tuning Non-Factorized Weights...
		(Epoch 01/04) Block Loss: 1.2394e-02
		(Epoch 02/04) Block Loss: 1.2022e-02
		(Epoch 03/04) Block Loss: 1.1801e-02
		(Epoch 04/04) Block Loss: 1.1702e-02
	(2/3) Block 47/64, linear_attn.out_proj | Initialization via ADMM...
	(3/3) Block 47/64, linear_attn.out_proj | Tuning Factorized Weights...
		(Epoch 01/04) Block Loss: 1.2116e-02
		(Epoch 02/04) Block Loss: 1.2026e-02
		(Epoch 03/04) Block Loss: 1.1980e-02
		(Epoch 04/04) Block Loss: 1.1967e-02
	(1/3) Block 47/64, mlp.gate_proj | Tuning Non-Factorized Weights...
		(Epoch 01/06) Block Loss: 1.1921e-02
		(Epoch 02/06) Block Loss: 1.1586e-02
		(Epoch 03/06) Block Loss: 1.1378e-02
		(Epoch 04/06) Block Loss: 1.1227e-02
		(Epoch 05/06) Block Loss: 1.1129e-02
		(Epoch 06/06) Block Loss: 1.1088e-02
		TuneFP plateau: stopped after 6 epochs
	(2/3) Block 47/64, mlp.gate_proj | Initialization via ADMM...
	(3/3) Block 47/64, mlp.gate_proj | Tuning Factorized Weights...
		(Epoch 01/06) Block Loss: 1.6974e-02
		(Epoch 02/06) Block Loss: 1.6730e-02
		(Epoch 03/06) Block Loss: 1.6522e-02
		(Epoch 04/06) Block Loss: 1.6392e-02
		(Epoch 05/06) Block Loss: 1.6327e-02
		(Epoch 06/06) Block Loss: 1.6306e-02
	(1/3) Block 47/64, mlp.up_proj | Tuning Non-Factorized Weights...
		(Epoch 01/08) Block Loss: 1.5354e-02
		(Epoch 02/08) Block Loss: 1.4446e-02
		(Epoch 03/08) Block Loss: 1.4041e-02
		(Epoch 04/08) Block Loss: 1.3793e-02
		(Epoch 05/08) Block Loss: 1.3626e-02
		(Epoch 06/08) Block Loss: 1.3525e-02
		(Epoch 07/08) Block Loss: 1.3471e-02
		TuneFP plateau: stopped after 7 epochs
	(2/3) Block 47/64, mlp.up_proj | Initialization via ADMM...
	(3/3) Block 47/64, mlp.up_proj | Tuning Factorized Weights...
		(Epoch 01/08) Block Loss: 2.1589e-02
		(Epoch 02/08) Block Loss: 2.0689e-02
		(Epoch 03/08) Block Loss: 2.0380e-02
		(Epoch 04/08) Block Loss: 2.0278e-02
		(Epoch 05/08) Block Loss: 2.0221e-02
		(Epoch 06/08) Block Loss: 2.0188e-02
		(Epoch 07/08) Block Loss: 2.0172e-02
		(Epoch 08/08) Block Loss: 2.0167e-02
	(1/3) Block 47/64, mlp.down_proj | Tuning Non-Factorized Weights...
		(Epoch 01/08) Block Loss: 1.9940e-02
		(Epoch 02/08) Block Loss: 1.9693e-02
		(Epoch 03/08) Block Loss: 1.9578e-02
		(Epoch 04/08) Block Loss: 1.9497e-02
		TuneFP plateau: stopped after 4 epochs
	(2/3) Block 47/64, mlp.down_proj | Initialization via ADMM...
	(3/3) Block 47/64, mlp.down_proj | Tuning Factorized Weights...
		(Epoch 01/08) Block Loss: 2.1131e-02
		(Epoch 02/08) Block Loss: 2.0797e-02
		(Epoch 03/08) Block Loss: 2.0768e-02
		(Epoch 04/08) Block Loss: 2.0753e-02
		(Epoch 05/08) Block Loss: 2.0742e-02
		(Epoch 06/08) Block Loss: 2.0734e-02
		(Epoch 07/08) Block Loss: 2.0729e-02
		(Epoch 08/08) Block Loss: 2.0727e-02

Compressing Layers:  73%|██████████████████████████████████████████████████████████▊                     | 47/64 [3:05:43<37:45, 133.25s/it]	Measured rank curves: 0/2 usable; packed block budget preserved
	(1/3) Block 48/64, self_attn.q_proj | Tuning Non-Factorized Weights...
		(Epoch 01/02) Block Loss: 1.4867e-02
		(Epoch 02/02) Block Loss: 1.3515e-02
	(2/3) Block 48/64, self_attn.q_proj | Initialization via ADMM...
	(3/3) Block 48/64, self_attn.q_proj | Tuning Factorized Weights...
		(Epoch 01/02) Block Loss: 1.4096e-02
		(Epoch 02/02) Block Loss: 1.3957e-02
	(1/3) Block 48/64, self_attn.v_proj | Tuning Non-Factorized Weights...
		(Epoch 01/04) Block Loss: 1.3428e-02
		(Epoch 02/04) Block Loss: 1.2462e-02
		(Epoch 03/04) Block Loss: 1.1995e-02
		(Epoch 04/04) Block Loss: 1.1823e-02
	(2/3) Block 48/64, self_attn.v_proj | Initialization via ADMM...
	(3/3) Block 48/64, self_attn.v_proj | Tuning Factorized Weights...
		(Epoch 01/04) Block Loss: 1.2490e-02
		(Epoch 02/04) Block Loss: 1.2443e-02
		(Epoch 03/04) Block Loss: 1.2413e-02
		(Epoch 04/04) Block Loss: 1.2403e-02
	(1/3) Block 48/64, self_attn.k_proj | Tuning Non-Factorized Weights...
		(Epoch 01/02) Block Loss: 1.2081e-02
		(Epoch 02/02) Block Loss: 1.1618e-02
	(2/3) Block 48/64, self_attn.k_proj | Initialization via ADMM...
	(3/3) Block 48/64, self_attn.k_proj | Tuning Factorized Weights...
		(Epoch 01/02) Block Loss: 1.1591e-02
		(Epoch 02/02) Block Loss: 1.1589e-02
	(1/3) Block 48/64, self_attn.o_proj | Tuning Non-Factorized Weights...
		(Epoch 01/04) Block Loss: 1.1588e-02
		(Epoch 02/04) Block Loss: 1.1139e-02
		(Epoch 03/04) Block Loss: 1.0889e-02
		(Epoch 04/04) Block Loss: 1.0785e-02
	(2/3) Block 48/64, self_attn.o_proj | Initialization via ADMM...
	(3/3) Block 48/64, self_attn.o_proj | Tuning Factorized Weights...
		(Epoch 01/04) Block Loss: 1.1124e-02
		(Epoch 02/04) Block Loss: 1.1043e-02
		(Epoch 03/04) Block Loss: 1.0997e-02
		(Epoch 04/04) Block Loss: 1.0984e-02
	(1/3) Block 48/64, mlp.gate_proj | Tuning Non-Factorized Weights...
		(Epoch 01/06) Block Loss: 1.0907e-02
		(Epoch 02/06) Block Loss: 1.0565e-02
		(Epoch 03/06) Block Loss: 1.0341e-02
		(Epoch 04/06) Block Loss: 1.0189e-02
		(Epoch 05/06) Block Loss: 1.0094e-02
		(Epoch 06/06) Block Loss: 1.0056e-02
		TuneFP plateau: stopped after 6 epochs
	(2/3) Block 48/64, mlp.gate_proj | Initialization via ADMM...
	(3/3) Block 48/64, mlp.gate_proj | Tuning Factorized Weights...
		(Epoch 01/06) Block Loss: 1.4291e-02
		(Epoch 02/06) Block Loss: 1.4119e-02
		(Epoch 03/06) Block Loss: 1.3968e-02
		(Epoch 04/06) Block Loss: 1.3868e-02
		(Epoch 05/06) Block Loss: 1.3821e-02
		(Epoch 06/06) Block Loss: 1.3807e-02
	(1/3) Block 48/64, mlp.up_proj | Tuning Non-Factorized Weights...
		(Epoch 01/08) Block Loss: 1.3094e-02
		(Epoch 02/08) Block Loss: 1.2398e-02
		(Epoch 03/08) Block Loss: 1.2068e-02
		(Epoch 04/08) Block Loss: 1.1862e-02
		(Epoch 05/08) Block Loss: 1.1722e-02
		(Epoch 06/08) Block Loss: 1.1636e-02
		(Epoch 07/08) Block Loss: 1.1591e-02
		TuneFP plateau: stopped after 7 epochs
	(2/3) Block 48/64, mlp.up_proj | Initialization via ADMM...
	(3/3) Block 48/64, mlp.up_proj | Tuning Factorized Weights...
		(Epoch 01/08) Block Loss: 1.7433e-02
		(Epoch 02/08) Block Loss: 1.7165e-02
		(Epoch 03/08) Block Loss: 1.7017e-02
		(Epoch 04/08) Block Loss: 1.6925e-02
		(Epoch 05/08) Block Loss: 1.6871e-02
		(Epoch 06/08) Block Loss: 1.6840e-02
		(Epoch 07/08) Block Loss: 1.6826e-02
		(Epoch 08/08) Block Loss: 1.6821e-02
	(1/3) Block 48/64, mlp.down_proj | Tuning Non-Factorized Weights...
		(Epoch 01/08) Block Loss: 1.6636e-02
		(Epoch 02/08) Block Loss: 1.6446e-02
		(Epoch 03/08) Block Loss: 1.6355e-02
		(Epoch 04/08) Block Loss: 1.6292e-02
		TuneFP plateau: stopped after 4 epochs
	(2/3) Block 48/64, mlp.down_proj | Initialization via ADMM...
	(3/3) Block 48/64, mlp.down_proj | Tuning Factorized Weights...
		(Epoch 01/08) Block Loss: 1.7373e-02
		(Epoch 02/08) Block Loss: 1.7211e-02
		(Epoch 03/08) Block Loss: 1.7197e-02
		(Epoch 04/08) Block Loss: 1.7188e-02
		(Epoch 05/08) Block Loss: 1.7180e-02
		(Epoch 06/08) Block Loss: 1.7175e-02
		(Epoch 07/08) Block Loss: 1.7172e-02
		(Epoch 08/08) Block Loss: 1.7170e-02

Compressing Layers:  75%|████████████████████████████████████████████████████████████                    | 48/64 [3:07:39<34:07, 127.94s/it]	Measured rank curves: 2/2 usable; packed block budget preserved
	(1/3) Block 49/64, linear_attn.in_proj_qkv | Tuning Non-Factorized Weights...
		(Epoch 01/02) Block Loss: 1.2561e-02
		(Epoch 02/02) Block Loss: 1.1350e-02
	(2/3) Block 49/64, linear_attn.in_proj_qkv | Initialization via ADMM...
	(3/3) Block 49/64, linear_attn.in_proj_qkv | Tuning Factorized Weights...
		(Epoch 01/02) Block Loss: 1.1894e-02
		(Epoch 02/02) Block Loss: 1.1864e-02
	(1/3) Block 49/64, linear_attn.in_proj_z | Tuning Non-Factorized Weights...
		(Epoch 01/04) Block Loss: 1.1329e-02
		(Epoch 02/04) Block Loss: 1.0488e-02
		(Epoch 03/04) Block Loss: 1.0089e-02
		(Epoch 04/04) Block Loss: 9.9414e-03
	(2/3) Block 49/64, linear_attn.in_proj_z | Initialization via ADMM...
	(3/3) Block 49/64, linear_attn.in_proj_z | Tuning Factorized Weights...
		(Epoch 01/04) Block Loss: 1.0461e-02
		(Epoch 02/04) Block Loss: 1.0399e-02
		(Epoch 03/04) Block Loss: 1.0356e-02
		(Epoch 04/04) Block Loss: 1.0344e-02
	(1/3) Block 49/64, linear_attn.in_proj_b | Tuning Non-Factorized Weights...
		(Epoch 01/04) Block Loss: 1.0126e-02
		(Epoch 02/04) Block Loss: 9.6521e-03
		(Epoch 03/04) Block Loss: 9.4074e-03
		(Epoch 04/04) Block Loss: 9.3088e-03
	(2/3) Block 49/64, linear_attn.in_proj_b | Initialization via ADMM...
	(3/3) Block 49/64, linear_attn.in_proj_b | Tuning Factorized Weights...
		(Epoch 01/04) Block Loss: 9.2961e-03
		(Epoch 02/04) Block Loss: 9.2959e-03
		(Epoch 03/04) Block Loss: 9.2958e-03
		(Epoch 04/04) Block Loss: 9.2958e-03
	(1/3) Block 49/64, linear_attn.in_proj_a | Tuning Non-Factorized Weights...
		(Epoch 01/04) Block Loss: 9.3705e-03
		(Epoch 02/04) Block Loss: 9.0342e-03
		(Epoch 03/04) Block Loss: 8.8499e-03
		(Epoch 04/04) Block Loss: 8.7699e-03
	(2/3) Block 49/64, linear_attn.in_proj_a | Initialization via ADMM...
	(3/3) Block 49/64, linear_attn.in_proj_a | Tuning Factorized Weights...
		(Epoch 01/04) Block Loss: 8.7593e-03
		(Epoch 02/04) Block Loss: 8.7591e-03
		(Epoch 03/04) Block Loss: 8.7589e-03
		(Epoch 04/04) Block Loss: 8.7589e-03
	(1/3) Block 49/64, linear_attn.out_proj | Tuning Non-Factorized Weights...
		(Epoch 01/04) Block Loss: 8.8435e-03
		(Epoch 02/04) Block Loss: 8.5775e-03
		(Epoch 03/04) Block Loss: 8.4237e-03
		(Epoch 04/04) Block Loss: 8.3526e-03
	(2/3) Block 49/64, linear_attn.out_proj | Initialization via ADMM...
	(3/3) Block 49/64, linear_attn.out_proj | Tuning Factorized Weights...
		(Epoch 01/04) Block Loss: 8.6243e-03
		(Epoch 02/04) Block Loss: 8.5492e-03
		(Epoch 03/04) Block Loss: 8.5151e-03
		(Epoch 04/04) Block Loss: 8.5058e-03
	(1/3) Block 49/64, mlp.gate_proj | Tuning Non-Factorized Weights...
		(Epoch 01/06) Block Loss: 8.4944e-03
		(Epoch 02/06) Block Loss: 8.2710e-03
		(Epoch 03/06) Block Loss: 8.1274e-03
		(Epoch 04/06) Block Loss: 8.0227e-03
		(Epoch 05/06) Block Loss: 7.9533e-03
		(Epoch 06/06) Block Loss: 7.9246e-03
		TuneFP plateau: stopped after 6 epochs
	(2/3) Block 49/64, mlp.gate_proj | Initialization via ADMM...
	(3/3) Block 49/64, mlp.gate_proj | Tuning Factorized Weights...
		(Epoch 01/06) Block Loss: 1.2423e-02
		(Epoch 02/06) Block Loss: 1.2254e-02
		(Epoch 03/06) Block Loss: 1.2093e-02
		(Epoch 04/06) Block Loss: 1.1989e-02
		(Epoch 05/06) Block Loss: 1.1938e-02
		(Epoch 06/06) Block Loss: 1.1923e-02
	(1/3) Block 49/64, mlp.up_proj | Tuning Non-Factorized Weights...
		(Epoch 01/08) Block Loss: 1.1230e-02
		(Epoch 02/08) Block Loss: 1.0554e-02
		(Epoch 03/08) Block Loss: 1.0238e-02
		(Epoch 04/08) Block Loss: 1.0045e-02
		(Epoch 05/08) Block Loss: 9.9149e-03
		(Epoch 06/08) Block Loss: 9.8366e-03
		(Epoch 07/08) Block Loss: 9.7950e-03
		TuneFP plateau: stopped after 7 epochs
	(2/3) Block 49/64, mlp.up_proj | Initialization via ADMM...
	(3/3) Block 49/64, mlp.up_proj | Tuning Factorized Weights...
		(Epoch 01/08) Block Loss: 1.5616e-02
		(Epoch 02/08) Block Loss: 1.5083e-02
		(Epoch 03/08) Block Loss: 1.4804e-02
		(Epoch 04/08) Block Loss: 1.4690e-02
		(Epoch 05/08) Block Loss: 1.4633e-02
		(Epoch 06/08) Block Loss: 1.4603e-02
		(Epoch 07/08) Block Loss: 1.4589e-02
		(Epoch 08/08) Block Loss: 1.4585e-02
	(1/3) Block 49/64, mlp.down_proj | Tuning Non-Factorized Weights...
		(Epoch 01/08) Block Loss: 1.4399e-02
		(Epoch 02/08) Block Loss: 1.4204e-02
		(Epoch 03/08) Block Loss: 1.4114e-02
		(Epoch 04/08) Block Loss: 1.4051e-02
		TuneFP plateau: stopped after 4 epochs
	(2/3) Block 49/64, mlp.down_proj | Initialization via ADMM...
	(3/3) Block 49/64, mlp.down_proj | Tuning Factorized Weights...
		(Epoch 01/08) Block Loss: 1.5106e-02
		(Epoch 02/08) Block Loss: 1.4928e-02
		(Epoch 03/08) Block Loss: 1.4914e-02
		(Epoch 04/08) Block Loss: 1.4904e-02
		(Epoch 05/08) Block Loss: 1.4897e-02
		(Epoch 06/08) Block Loss: 1.4892e-02
		(Epoch 07/08) Block Loss: 1.4888e-02
		(Epoch 08/08) Block Loss: 1.4886e-02

Compressing Layers:  77%|█████████████████████████████████████████████████████████████▎                  | 49/64 [3:09:53<32:28, 129.89s/it]	Measured rank curves: 1/2 usable; packed block budget preserved
	(1/3) Block 50/64, linear_attn.in_proj_qkv | Tuning Non-Factorized Weights...
		(Epoch 01/02) Block Loss: 9.1336e-03
		(Epoch 02/02) Block Loss: 8.1730e-03
	(2/3) Block 50/64, linear_attn.in_proj_qkv | Initialization via ADMM...
	(3/3) Block 50/64, linear_attn.in_proj_qkv | Tuning Factorized Weights...
		(Epoch 01/02) Block Loss: 8.8492e-03
		(Epoch 02/02) Block Loss: 8.8309e-03
	(1/3) Block 50/64, linear_attn.in_proj_z | Tuning Non-Factorized Weights...
		(Epoch 01/04) Block Loss: 8.3861e-03
		(Epoch 02/04) Block Loss: 7.7407e-03
		(Epoch 03/04) Block Loss: 7.4420e-03
		(Epoch 04/04) Block Loss: 7.3324e-03
	(2/3) Block 50/64, linear_attn.in_proj_z | Initialization via ADMM...
	(3/3) Block 50/64, linear_attn.in_proj_z | Tuning Factorized Weights...
		(Epoch 01/04) Block Loss: 7.5432e-03
		(Epoch 02/04) Block Loss: 7.5197e-03
		(Epoch 03/04) Block Loss: 7.5038e-03
		(Epoch 04/04) Block Loss: 7.4982e-03
	(1/3) Block 50/64, linear_attn.in_proj_b | Tuning Non-Factorized Weights...
		(Epoch 01/04) Block Loss: 7.4159e-03
		(Epoch 02/04) Block Loss: 7.0734e-03
		(Epoch 03/04) Block Loss: 6.8918e-03
		(Epoch 04/04) Block Loss: 6.8182e-03
	(2/3) Block 50/64, linear_attn.in_proj_b | Initialization via ADMM...
	(3/3) Block 50/64, linear_attn.in_proj_b | Tuning Factorized Weights...
		(Epoch 01/04) Block Loss: 6.8085e-03
		(Epoch 02/04) Block Loss: 6.8083e-03
		(Epoch 03/04) Block Loss: 6.8083e-03
		(Epoch 04/04) Block Loss: 6.8082e-03
	(1/3) Block 50/64, linear_attn.in_proj_a | Tuning Non-Factorized Weights...
		(Epoch 01/04) Block Loss: 6.8690e-03
		(Epoch 02/04) Block Loss: 6.6182e-03
		(Epoch 03/04) Block Loss: 6.4811e-03
		(Epoch 04/04) Block Loss: 6.4215e-03
	(2/3) Block 50/64, linear_attn.in_proj_a | Initialization via ADMM...
	(3/3) Block 50/64, linear_attn.in_proj_a | Tuning Factorized Weights...
		(Epoch 01/04) Block Loss: 6.4138e-03
		(Epoch 02/04) Block Loss: 6.4135e-03
		(Epoch 03/04) Block Loss: 6.4134e-03
		(Epoch 04/04) Block Loss: 6.4134e-03
	(1/3) Block 50/64, linear_attn.out_proj | Tuning Non-Factorized Weights...
		(Epoch 01/04) Block Loss: 6.4797e-03
		(Epoch 02/04) Block Loss: 6.2815e-03
		(Epoch 03/04) Block Loss: 6.1665e-03
		(Epoch 04/04) Block Loss: 6.1137e-03
	(2/3) Block 50/64, linear_attn.out_proj | Initialization via ADMM...
	(3/3) Block 50/64, linear_attn.out_proj | Tuning Factorized Weights...
		(Epoch 01/04) Block Loss: 6.3080e-03
		(Epoch 02/04) Block Loss: 6.2356e-03
		(Epoch 03/04) Block Loss: 6.2100e-03
		(Epoch 04/04) Block Loss: 6.2031e-03
	(1/3) Block 50/64, mlp.gate_proj | Tuning Non-Factorized Weights...
		(Epoch 01/06) Block Loss: 6.2193e-03
		(Epoch 02/06) Block Loss: 6.0497e-03
		(Epoch 03/06) Block Loss: 5.9413e-03
		(Epoch 04/06) Block Loss: 5.8638e-03
		(Epoch 05/06) Block Loss: 5.8122e-03
		(Epoch 06/06) Block Loss: 5.7906e-03
		TuneFP plateau: stopped after 6 epochs
	(2/3) Block 50/64, mlp.gate_proj | Initialization via ADMM...
	(3/3) Block 50/64, mlp.gate_proj | Tuning Factorized Weights...
		(Epoch 01/06) Block Loss: 9.4985e-03
		(Epoch 02/06) Block Loss: 9.3324e-03
		(Epoch 03/06) Block Loss: 9.1873e-03
		(Epoch 04/06) Block Loss: 9.0994e-03
		(Epoch 05/06) Block Loss: 9.0576e-03
		(Epoch 06/06) Block Loss: 9.0449e-03
	(1/3) Block 50/64, mlp.up_proj | Tuning Non-Factorized Weights...
		(Epoch 01/08) Block Loss: 8.5075e-03
		(Epoch 02/08) Block Loss: 7.9756e-03
		(Epoch 03/08) Block Loss: 7.7197e-03
		(Epoch 04/08) Block Loss: 7.5629e-03
		(Epoch 05/08) Block Loss: 7.4565e-03
		(Epoch 06/08) Block Loss: 7.3929e-03
		(Epoch 07/08) Block Loss: 7.3594e-03
		TuneFP plateau: stopped after 7 epochs
	(2/3) Block 50/64, mlp.up_proj | Initialization via ADMM...
	(3/3) Block 50/64, mlp.up_proj | Tuning Factorized Weights...
		(Epoch 01/08) Block Loss: 1.1378e-02
		(Epoch 02/08) Block Loss: 1.1098e-02
		(Epoch 03/08) Block Loss: 1.0961e-02
		(Epoch 04/08) Block Loss: 1.0901e-02
		(Epoch 05/08) Block Loss: 1.0863e-02
		(Epoch 06/08) Block Loss: 1.0841e-02
		(Epoch 07/08) Block Loss: 1.0830e-02
		(Epoch 08/08) Block Loss: 1.0827e-02
	(1/3) Block 50/64, mlp.down_proj | Tuning Non-Factorized Weights...
		(Epoch 01/08) Block Loss: 1.0676e-02
		(Epoch 02/08) Block Loss: 1.0521e-02
		(Epoch 03/08) Block Loss: 1.0447e-02
		(Epoch 04/08) Block Loss: 1.0397e-02
		TuneFP plateau: stopped after 4 epochs
	(2/3) Block 50/64, mlp.down_proj | Initialization via ADMM...
	(3/3) Block 50/64, mlp.down_proj | Tuning Factorized Weights...
		(Epoch 01/08) Block Loss: 1.1289e-02
		(Epoch 02/08) Block Loss: 1.1175e-02
		(Epoch 03/08) Block Loss: 1.1157e-02
		(Epoch 04/08) Block Loss: 1.1145e-02
		(Epoch 05/08) Block Loss: 1.1136e-02
		(Epoch 06/08) Block Loss: 1.1129e-02
		(Epoch 07/08) Block Loss: 1.1125e-02
		(Epoch 08/08) Block Loss: 1.1122e-02

Compressing Layers:  78%|██████████████████████████████████████████████████████████████▌                 | 50/64 [3:12:04<30:19, 129.97s/it]	Measured rank curves: 0/2 usable; packed block budget preserved
	(1/3) Block 51/64, linear_attn.in_proj_qkv | Tuning Non-Factorized Weights...
		(Epoch 01/02) Block Loss: 7.6795e-03
		(Epoch 02/02) Block Loss: 6.7866e-03
	(2/3) Block 51/64, linear_attn.in_proj_qkv | Initialization via ADMM...
	(3/3) Block 51/64, linear_attn.in_proj_qkv | Tuning Factorized Weights...
		(Epoch 01/02) Block Loss: 7.6213e-03
		(Epoch 02/02) Block Loss: 7.6008e-03
	(1/3) Block 51/64, linear_attn.in_proj_z | Tuning Non-Factorized Weights...
		(Epoch 01/04) Block Loss: 7.1453e-03
		(Epoch 02/04) Block Loss: 6.5338e-03
		(Epoch 03/04) Block Loss: 6.2588e-03
		(Epoch 04/04) Block Loss: 6.1572e-03
	(2/3) Block 51/64, linear_attn.in_proj_z | Initialization via ADMM...
	(3/3) Block 51/64, linear_attn.in_proj_z | Tuning Factorized Weights...
		(Epoch 01/04) Block Loss: 6.4919e-03
		(Epoch 02/04) Block Loss: 6.4579e-03
		(Epoch 03/04) Block Loss: 6.4376e-03
		(Epoch 04/04) Block Loss: 6.4315e-03
	(1/3) Block 51/64, linear_attn.in_proj_b | Tuning Non-Factorized Weights...
		(Epoch 01/04) Block Loss: 6.3042e-03
		(Epoch 02/04) Block Loss: 5.9741e-03
		(Epoch 03/04) Block Loss: 5.8039e-03
		(Epoch 04/04) Block Loss: 5.7341e-03
	(2/3) Block 51/64, linear_attn.in_proj_b | Initialization via ADMM...
	(3/3) Block 51/64, linear_attn.in_proj_b | Tuning Factorized Weights...
		(Epoch 01/04) Block Loss: 5.7251e-03
		(Epoch 02/04) Block Loss: 5.7248e-03
		(Epoch 03/04) Block Loss: 5.7247e-03
		(Epoch 04/04) Block Loss: 5.7247e-03
	(1/3) Block 51/64, linear_attn.in_proj_a | Tuning Non-Factorized Weights...
		(Epoch 01/04) Block Loss: 5.7829e-03
		(Epoch 02/04) Block Loss: 5.5548e-03
		(Epoch 03/04) Block Loss: 5.4260e-03
		(Epoch 04/04) Block Loss: 5.3692e-03
	(2/3) Block 51/64, linear_attn.in_proj_a | Initialization via ADMM...
	(3/3) Block 51/64, linear_attn.in_proj_a | Tuning Factorized Weights...
		(Epoch 01/04) Block Loss: 5.3611e-03
		(Epoch 02/04) Block Loss: 5.3609e-03
		(Epoch 03/04) Block Loss: 5.3608e-03
		(Epoch 04/04) Block Loss: 5.3608e-03
	(1/3) Block 51/64, linear_attn.out_proj | Tuning Non-Factorized Weights...
		(Epoch 01/04) Block Loss: 5.4366e-03
		(Epoch 02/04) Block Loss: 5.2538e-03
		(Epoch 03/04) Block Loss: 5.1471e-03
		(Epoch 04/04) Block Loss: 5.0982e-03
	(2/3) Block 51/64, linear_attn.out_proj | Initialization via ADMM...
	(3/3) Block 51/64, linear_attn.out_proj | Tuning Factorized Weights...
		(Epoch 01/04) Block Loss: 5.3011e-03
		(Epoch 02/04) Block Loss: 5.2450e-03
		(Epoch 03/04) Block Loss: 5.2192e-03
		(Epoch 04/04) Block Loss: 5.2120e-03
	(1/3) Block 51/64, mlp.gate_proj | Tuning Non-Factorized Weights...
		(Epoch 01/06) Block Loss: 5.2006e-03
		(Epoch 02/06) Block Loss: 5.0472e-03
		(Epoch 03/06) Block Loss: 4.9481e-03
		(Epoch 04/06) Block Loss: 4.8779e-03
		(Epoch 05/06) Block Loss: 4.8298e-03
		(Epoch 06/06) Block Loss: 4.8095e-03
		TuneFP plateau: stopped after 6 epochs
	(2/3) Block 51/64, mlp.gate_proj | Initialization via ADMM...
	(3/3) Block 51/64, mlp.gate_proj | Tuning Factorized Weights...
		(Epoch 01/06) Block Loss: 8.7057e-03
		(Epoch 02/06) Block Loss: 8.5527e-03
		(Epoch 03/06) Block Loss: 8.4194e-03
		(Epoch 04/06) Block Loss: 8.3305e-03
		(Epoch 05/06) Block Loss: 8.2846e-03
		(Epoch 06/06) Block Loss: 8.2700e-03
	(1/3) Block 51/64, mlp.up_proj | Tuning Non-Factorized Weights...
		(Epoch 01/08) Block Loss: 7.7514e-03
		(Epoch 02/08) Block Loss: 7.2042e-03
		(Epoch 03/08) Block Loss: 6.9389e-03
		(Epoch 04/08) Block Loss: 6.7762e-03
		(Epoch 05/08) Block Loss: 6.6660e-03
		(Epoch 06/08) Block Loss: 6.5995e-03
		(Epoch 07/08) Block Loss: 6.5650e-03
		TuneFP plateau: stopped after 7 epochs
	(2/3) Block 51/64, mlp.up_proj | Initialization via ADMM...
	(3/3) Block 51/64, mlp.up_proj | Tuning Factorized Weights...
		(Epoch 01/08) Block Loss: 1.0426e-02
		(Epoch 02/08) Block Loss: 1.0002e-02
		(Epoch 03/08) Block Loss: 9.8323e-03
		(Epoch 04/08) Block Loss: 9.7740e-03
		(Epoch 05/08) Block Loss: 9.7405e-03
		(Epoch 06/08) Block Loss: 9.7206e-03
		(Epoch 07/08) Block Loss: 9.7106e-03
		(Epoch 08/08) Block Loss: 9.7075e-03
	(1/3) Block 51/64, mlp.down_proj | Tuning Non-Factorized Weights...
		(Epoch 01/08) Block Loss: 9.5467e-03
		(Epoch 02/08) Block Loss: 9.3945e-03
		(Epoch 03/08) Block Loss: 9.3220e-03
		(Epoch 04/08) Block Loss: 9.2766e-03
		TuneFP plateau: stopped after 4 epochs
	(2/3) Block 51/64, mlp.down_proj | Initialization via ADMM...
	(3/3) Block 51/64, mlp.down_proj | Tuning Factorized Weights...
		(Epoch 01/08) Block Loss: 1.0076e-02
		(Epoch 02/08) Block Loss: 9.9635e-03
		(Epoch 03/08) Block Loss: 9.9298e-03
		(Epoch 04/08) Block Loss: 9.9067e-03
		(Epoch 05/08) Block Loss: 9.8905e-03
		(Epoch 06/08) Block Loss: 9.8797e-03
		(Epoch 07/08) Block Loss: 9.8734e-03
		(Epoch 08/08) Block Loss: 9.8708e-03

Compressing Layers:  80%|███████████████████████████████████████████████████████████████▊                | 51/64 [3:14:20<28:33, 131.79s/it]	Measured rank curves: 0/2 usable; packed block budget preserved
	(1/3) Block 52/64, self_attn.q_proj | Tuning Non-Factorized Weights...
		(Epoch 01/02) Block Loss: 8.8079e-03
		(Epoch 02/02) Block Loss: 7.9079e-03
	(2/3) Block 52/64, self_attn.q_proj | Initialization via ADMM...
	(3/3) Block 52/64, self_attn.q_proj | Tuning Factorized Weights...
		(Epoch 01/02) Block Loss: 8.3679e-03
		(Epoch 02/02) Block Loss: 8.3118e-03
	(1/3) Block 52/64, self_attn.v_proj | Tuning Non-Factorized Weights...
		(Epoch 01/04) Block Loss: 7.9646e-03
		(Epoch 02/04) Block Loss: 7.3071e-03
		(Epoch 03/04) Block Loss: 6.9923e-03
		(Epoch 04/04) Block Loss: 6.8769e-03
	(2/3) Block 52/64, self_attn.v_proj | Initialization via ADMM...
	(3/3) Block 52/64, self_attn.v_proj | Tuning Factorized Weights...
		(Epoch 01/04) Block Loss: 7.5225e-03
		(Epoch 02/04) Block Loss: 7.4702e-03
		(Epoch 03/04) Block Loss: 7.4418e-03
		(Epoch 04/04) Block Loss: 7.4329e-03
	(1/3) Block 52/64, self_attn.k_proj | Tuning Non-Factorized Weights...
		(Epoch 01/02) Block Loss: 7.1730e-03
		(Epoch 02/02) Block Loss: 6.8337e-03
	(2/3) Block 52/64, self_attn.k_proj | Initialization via ADMM...
	(3/3) Block 52/64, self_attn.k_proj | Tuning Factorized Weights...
		(Epoch 01/02) Block Loss: 6.8742e-03
		(Epoch 02/02) Block Loss: 6.8569e-03
	(1/3) Block 52/64, self_attn.o_proj | Tuning Non-Factorized Weights...
		(Epoch 01/04) Block Loss: 6.8315e-03
		(Epoch 02/04) Block Loss: 6.5214e-03
		(Epoch 03/04) Block Loss: 6.3527e-03
		(Epoch 04/04) Block Loss: 6.2826e-03
	(2/3) Block 52/64, self_attn.o_proj | Initialization via ADMM...
	(3/3) Block 52/64, self_attn.o_proj | Tuning Factorized Weights...
		(Epoch 01/04) Block Loss: 6.4675e-03
		(Epoch 02/04) Block Loss: 6.4049e-03
		(Epoch 03/04) Block Loss: 6.3802e-03
		(Epoch 04/04) Block Loss: 6.3739e-03
	(1/3) Block 52/64, mlp.gate_proj | Tuning Non-Factorized Weights...
		(Epoch 01/06) Block Loss: 6.3482e-03
		(Epoch 02/06) Block Loss: 6.1207e-03
		(Epoch 03/06) Block Loss: 5.9704e-03
		(Epoch 04/06) Block Loss: 5.8701e-03
		(Epoch 05/06) Block Loss: 5.8057e-03
		(Epoch 06/06) Block Loss: 5.7797e-03
	(2/3) Block 52/64, mlp.gate_proj | Initialization via ADMM...
	(3/3) Block 52/64, mlp.gate_proj | Tuning Factorized Weights...
		(Epoch 01/06) Block Loss: 8.8730e-03
		(Epoch 02/06) Block Loss: 8.7518e-03
		(Epoch 03/06) Block Loss: 8.6445e-03
		(Epoch 04/06) Block Loss: 8.5778e-03
		(Epoch 05/06) Block Loss: 8.5429e-03
		(Epoch 06/06) Block Loss: 8.5324e-03
	(1/3) Block 52/64, mlp.up_proj | Tuning Non-Factorized Weights...
		(Epoch 01/08) Block Loss: 8.1529e-03
		(Epoch 02/08) Block Loss: 7.7137e-03
		(Epoch 03/08) Block Loss: 7.4853e-03
		(Epoch 04/08) Block Loss: 7.3407e-03
		(Epoch 05/08) Block Loss: 7.2388e-03
		(Epoch 06/08) Block Loss: 7.1764e-03
		(Epoch 07/08) Block Loss: 7.1436e-03
		TuneFP plateau: stopped after 7 epochs
	(2/3) Block 52/64, mlp.up_proj | Initialization via ADMM...
	(3/3) Block 52/64, mlp.up_proj | Tuning Factorized Weights...
		(Epoch 01/08) Block Loss: 1.0286e-02
		(Epoch 02/08) Block Loss: 9.9938e-03
		(Epoch 03/08) Block Loss: 9.8864e-03
		(Epoch 04/08) Block Loss: 9.8342e-03
		(Epoch 05/08) Block Loss: 9.8012e-03
		(Epoch 06/08) Block Loss: 9.7819e-03
		(Epoch 07/08) Block Loss: 9.7719e-03
		(Epoch 08/08) Block Loss: 9.7690e-03
	(1/3) Block 52/64, mlp.down_proj | Tuning Non-Factorized Weights...
		(Epoch 01/08) Block Loss: 9.6343e-03
		(Epoch 02/08) Block Loss: 9.4886e-03
		(Epoch 03/08) Block Loss: 9.4211e-03
		(Epoch 04/08) Block Loss: 9.3787e-03
		TuneFP plateau: stopped after 4 epochs
	(2/3) Block 52/64, mlp.down_proj | Initialization via ADMM...
	(3/3) Block 52/64, mlp.down_proj | Tuning Factorized Weights...
		(Epoch 01/08) Block Loss: 1.0390e-02
		(Epoch 02/08) Block Loss: 1.0134e-02
		(Epoch 03/08) Block Loss: 1.0127e-02
		(Epoch 04/08) Block Loss: 1.0123e-02
		(Epoch 05/08) Block Loss: 1.0119e-02
		(Epoch 06/08) Block Loss: 1.0117e-02
		(Epoch 07/08) Block Loss: 1.0115e-02
		(Epoch 08/08) Block Loss: 1.0115e-02

Compressing Layers:  81%|█████████████████████████████████████████████████████████████████               | 52/64 [3:16:09<25:00, 125.01s/it]	Measured rank curves: 0/2 usable; packed block budget preserved
	(1/3) Block 53/64, linear_attn.in_proj_qkv | Tuning Non-Factorized Weights...
		(Epoch 01/02) Block Loss: 7.4139e-03
		(Epoch 02/02) Block Loss: 6.7008e-03
	(2/3) Block 53/64, linear_attn.in_proj_qkv | Initialization via ADMM...
	(3/3) Block 53/64, linear_attn.in_proj_qkv | Tuning Factorized Weights...
		(Epoch 01/02) Block Loss: 7.2493e-03
		(Epoch 02/02) Block Loss: 7.2228e-03
	(1/3) Block 53/64, linear_attn.in_proj_z | Tuning Non-Factorized Weights...
		(Epoch 01/04) Block Loss: 6.8832e-03
		(Epoch 02/04) Block Loss: 6.3438e-03
		(Epoch 03/04) Block Loss: 6.0720e-03
		(Epoch 04/04) Block Loss: 5.9686e-03
	(2/3) Block 53/64, linear_attn.in_proj_z | Initialization via ADMM...
	(3/3) Block 53/64, linear_attn.in_proj_z | Tuning Factorized Weights...
		(Epoch 01/04) Block Loss: 6.3198e-03
		(Epoch 02/04) Block Loss: 6.2666e-03
		(Epoch 03/04) Block Loss: 6.2357e-03
		(Epoch 04/04) Block Loss: 6.2259e-03
	(1/3) Block 53/64, linear_attn.in_proj_b | Tuning Non-Factorized Weights...
		(Epoch 01/04) Block Loss: 6.0812e-03
		(Epoch 02/04) Block Loss: 5.7644e-03
		(Epoch 03/04) Block Loss: 5.5956e-03
		(Epoch 04/04) Block Loss: 5.5261e-03
	(2/3) Block 53/64, linear_attn.in_proj_b | Initialization via ADMM...
	(3/3) Block 53/64, linear_attn.in_proj_b | Tuning Factorized Weights...
		(Epoch 01/04) Block Loss: 5.5173e-03
		(Epoch 02/04) Block Loss: 5.5168e-03
		(Epoch 03/04) Block Loss: 5.5165e-03
		(Epoch 04/04) Block Loss: 5.5165e-03
	(1/3) Block 53/64, linear_attn.in_proj_a | Tuning Non-Factorized Weights...
		(Epoch 01/04) Block Loss: 5.5478e-03
		(Epoch 02/04) Block Loss: 5.3265e-03
		(Epoch 03/04) Block Loss: 5.1993e-03
		(Epoch 04/04) Block Loss: 5.1435e-03
	(2/3) Block 53/64, linear_attn.in_proj_a | Initialization via ADMM...
	(3/3) Block 53/64, linear_attn.in_proj_a | Tuning Factorized Weights...
		(Epoch 01/04) Block Loss: 5.1358e-03
		(Epoch 02/04) Block Loss: 5.1355e-03
		(Epoch 03/04) Block Loss: 5.1353e-03
		(Epoch 04/04) Block Loss: 5.1353e-03
	(1/3) Block 53/64, linear_attn.out_proj | Tuning Non-Factorized Weights...
		(Epoch 01/04) Block Loss: 5.1854e-03
		(Epoch 02/04) Block Loss: 5.0089e-03
		(Epoch 03/04) Block Loss: 4.9042e-03
		(Epoch 04/04) Block Loss: 4.8563e-03
	(2/3) Block 53/64, linear_attn.out_proj | Initialization via ADMM...
	(3/3) Block 53/64, linear_attn.out_proj | Tuning Factorized Weights...
		(Epoch 01/04) Block Loss: 5.1551e-03
		(Epoch 02/04) Block Loss: 5.0728e-03
		(Epoch 03/04) Block Loss: 5.0332e-03
		(Epoch 04/04) Block Loss: 5.0228e-03
	(1/3) Block 53/64, mlp.gate_proj | Tuning Non-Factorized Weights...
		(Epoch 01/06) Block Loss: 4.9456e-03
		(Epoch 02/06) Block Loss: 4.7970e-03
		(Epoch 03/06) Block Loss: 4.6995e-03
		(Epoch 04/06) Block Loss: 4.6324e-03
		(Epoch 05/06) Block Loss: 4.5866e-03
		(Epoch 06/06) Block Loss: 4.5675e-03
		TuneFP plateau: stopped after 6 epochs
	(2/3) Block 53/64, mlp.gate_proj | Initialization via ADMM...
	(3/3) Block 53/64, mlp.gate_proj | Tuning Factorized Weights...
		(Epoch 01/06) Block Loss: 7.5699e-03
		(Epoch 02/06) Block Loss: 7.4354e-03
		(Epoch 03/06) Block Loss: 7.3365e-03
		(Epoch 04/06) Block Loss: 7.2787e-03
		(Epoch 05/06) Block Loss: 7.2517e-03
		(Epoch 06/06) Block Loss: 7.2430e-03
	(1/3) Block 53/64, mlp.up_proj | Tuning Non-Factorized Weights...
		(Epoch 01/08) Block Loss: 6.9194e-03
		(Epoch 02/08) Block Loss: 6.5538e-03
		(Epoch 03/08) Block Loss: 6.3628e-03
		(Epoch 04/08) Block Loss: 6.2412e-03
		(Epoch 05/08) Block Loss: 6.1544e-03
		(Epoch 06/08) Block Loss: 6.1014e-03
		(Epoch 07/08) Block Loss: 6.0736e-03
		TuneFP plateau: stopped after 7 epochs
	(2/3) Block 53/64, mlp.up_proj | Initialization via ADMM...
	(3/3) Block 53/64, mlp.up_proj | Tuning Factorized Weights...
		(Epoch 01/08) Block Loss: 8.4108e-03
		(Epoch 02/08) Block Loss: 8.2725e-03
		(Epoch 03/08) Block Loss: 8.1912e-03
		(Epoch 04/08) Block Loss: 8.1524e-03
		(Epoch 05/08) Block Loss: 8.1286e-03
		(Epoch 06/08) Block Loss: 8.1155e-03
		(Epoch 07/08) Block Loss: 8.1090e-03
		(Epoch 08/08) Block Loss: 8.1069e-03
	(1/3) Block 53/64, mlp.down_proj | Tuning Non-Factorized Weights...
		(Epoch 01/08) Block Loss: 8.0217e-03
		(Epoch 02/08) Block Loss: 7.9164e-03
		(Epoch 03/08) Block Loss: 7.8646e-03
		(Epoch 04/08) Block Loss: 7.8325e-03
		TuneFP plateau: stopped after 4 epochs
	(2/3) Block 53/64, mlp.down_proj | Initialization via ADMM...
	(3/3) Block 53/64, mlp.down_proj | Tuning Factorized Weights...
		(Epoch 01/08) Block Loss: 8.4950e-03
		(Epoch 02/08) Block Loss: 8.3542e-03
		(Epoch 03/08) Block Loss: 8.3340e-03
		(Epoch 04/08) Block Loss: 8.3218e-03
		(Epoch 05/08) Block Loss: 8.3130e-03
		(Epoch 06/08) Block Loss: 8.3067e-03
		(Epoch 07/08) Block Loss: 8.3029e-03
		(Epoch 08/08) Block Loss: 8.3014e-03

Compressing Layers:  83%|██████████████████████████████████████████████████████████████████▎             | 53/64 [3:18:24<23:27, 127.92s/it]	Measured rank curves: 0/2 usable; packed block budget preserved
	(1/3) Block 54/64, linear_attn.in_proj_qkv | Tuning Non-Factorized Weights...
		(Epoch 01/02) Block Loss: 6.2566e-03
		(Epoch 02/02) Block Loss: 5.7049e-03
	(2/3) Block 54/64, linear_attn.in_proj_qkv | Initialization via ADMM...
	(3/3) Block 54/64, linear_attn.in_proj_qkv | Tuning Factorized Weights...
		(Epoch 01/02) Block Loss: 6.1121e-03
		(Epoch 02/02) Block Loss: 6.0970e-03
	(1/3) Block 54/64, linear_attn.in_proj_z | Tuning Non-Factorized Weights...
		(Epoch 01/04) Block Loss: 5.8360e-03
		(Epoch 02/04) Block Loss: 5.4171e-03
		(Epoch 03/04) Block Loss: 5.1958e-03
		(Epoch 04/04) Block Loss: 5.1106e-03
	(2/3) Block 54/64, linear_attn.in_proj_z | Initialization via ADMM...
	(3/3) Block 54/64, linear_attn.in_proj_z | Tuning Factorized Weights...
		(Epoch 01/04) Block Loss: 5.4123e-03
		(Epoch 02/04) Block Loss: 5.3765e-03
		(Epoch 03/04) Block Loss: 5.3530e-03
		(Epoch 04/04) Block Loss: 5.3451e-03
	(1/3) Block 54/64, linear_attn.in_proj_b | Tuning Non-Factorized Weights...
		(Epoch 01/04) Block Loss: 5.2132e-03
		(Epoch 02/04) Block Loss: 4.9582e-03
		(Epoch 03/04) Block Loss: 4.8159e-03
		(Epoch 04/04) Block Loss: 4.7571e-03
	(2/3) Block 54/64, linear_attn.in_proj_b | Initialization via ADMM...
	(3/3) Block 54/64, linear_attn.in_proj_b | Tuning Factorized Weights...
		(Epoch 01/04) Block Loss: 4.7493e-03
		(Epoch 02/04) Block Loss: 4.7486e-03
		(Epoch 03/04) Block Loss: 4.7484e-03
		(Epoch 04/04) Block Loss: 4.7483e-03
	(1/3) Block 54/64, linear_attn.in_proj_a | Tuning Non-Factorized Weights...
		(Epoch 01/04) Block Loss: 4.7798e-03
		(Epoch 02/04) Block Loss: 4.5960e-03
		(Epoch 03/04) Block Loss: 4.4869e-03
		(Epoch 04/04) Block Loss: 4.4389e-03
	(2/3) Block 54/64, linear_attn.in_proj_a | Initialization via ADMM...
	(3/3) Block 54/64, linear_attn.in_proj_a | Tuning Factorized Weights...
		(Epoch 01/04) Block Loss: 4.4333e-03
		(Epoch 02/04) Block Loss: 4.4322e-03
		(Epoch 03/04) Block Loss: 4.4320e-03
		(Epoch 04/04) Block Loss: 4.4319e-03
	(1/3) Block 54/64, linear_attn.out_proj | Tuning Non-Factorized Weights...
		(Epoch 01/04) Block Loss: 4.4763e-03
		(Epoch 02/04) Block Loss: 4.3280e-03
		(Epoch 03/04) Block Loss: 4.2367e-03
		(Epoch 04/04) Block Loss: 4.1947e-03
	(2/3) Block 54/64, linear_attn.out_proj | Initialization via ADMM...
	(3/3) Block 54/64, linear_attn.out_proj | Tuning Factorized Weights...
		(Epoch 01/04) Block Loss: 4.4464e-03
		(Epoch 02/04) Block Loss: 4.3771e-03
		(Epoch 03/04) Block Loss: 4.3400e-03
		(Epoch 04/04) Block Loss: 4.3289e-03
	(1/3) Block 54/64, mlp.gate_proj | Tuning Non-Factorized Weights...
		(Epoch 01/06) Block Loss: 4.2727e-03
		(Epoch 02/06) Block Loss: 4.1493e-03
		(Epoch 03/06) Block Loss: 4.0659e-03
		(Epoch 04/06) Block Loss: 4.0092e-03
		(Epoch 05/06) Block Loss: 3.9684e-03
		(Epoch 06/06) Block Loss: 3.9517e-03
	(2/3) Block 54/64, mlp.gate_proj | Initialization via ADMM...
	(3/3) Block 54/64, mlp.gate_proj | Tuning Factorized Weights...
		(Epoch 01/06) Block Loss: 6.3779e-03
		(Epoch 02/06) Block Loss: 6.2863e-03
		(Epoch 03/06) Block Loss: 6.2002e-03
		(Epoch 04/06) Block Loss: 6.1500e-03
		(Epoch 05/06) Block Loss: 6.1281e-03
		(Epoch 06/06) Block Loss: 6.1210e-03
	(1/3) Block 54/64, mlp.up_proj | Tuning Non-Factorized Weights...
		(Epoch 01/08) Block Loss: 5.8836e-03
		(Epoch 02/08) Block Loss: 5.6044e-03
		(Epoch 03/08) Block Loss: 5.4508e-03
		(Epoch 04/08) Block Loss: 5.3519e-03
		(Epoch 05/08) Block Loss: 5.2799e-03
		(Epoch 06/08) Block Loss: 5.2354e-03
		(Epoch 07/08) Block Loss: 5.2122e-03
		TuneFP plateau: stopped after 7 epochs
	(2/3) Block 54/64, mlp.up_proj | Initialization via ADMM...
	(3/3) Block 54/64, mlp.up_proj | Tuning Factorized Weights...
		(Epoch 01/08) Block Loss: 6.8370e-03
		(Epoch 02/08) Block Loss: 6.7697e-03
		(Epoch 03/08) Block Loss: 6.7331e-03
		(Epoch 04/08) Block Loss: 6.7109e-03
		(Epoch 05/08) Block Loss: 6.6955e-03
		(Epoch 06/08) Block Loss: 6.6862e-03
		(Epoch 07/08) Block Loss: 6.6813e-03
		(Epoch 08/08) Block Loss: 6.6797e-03
	(1/3) Block 54/64, mlp.down_proj | Tuning Non-Factorized Weights...
		(Epoch 01/08) Block Loss: 6.6267e-03
		(Epoch 02/08) Block Loss: 6.5477e-03
		(Epoch 03/08) Block Loss: 6.5075e-03
		(Epoch 04/08) Block Loss: 6.4825e-03
		TuneFP plateau: stopped after 4 epochs
	(2/3) Block 54/64, mlp.down_proj | Initialization via ADMM...
	(3/3) Block 54/64, mlp.down_proj | Tuning Factorized Weights...
		(Epoch 01/08) Block Loss: 6.9675e-03
		(Epoch 02/08) Block Loss: 6.9116e-03
		(Epoch 03/08) Block Loss: 6.8976e-03
		(Epoch 04/08) Block Loss: 6.8878e-03
		(Epoch 05/08) Block Loss: 6.8810e-03
		(Epoch 06/08) Block Loss: 6.8757e-03
		(Epoch 07/08) Block Loss: 6.8725e-03
		(Epoch 08/08) Block Loss: 6.8711e-03

Compressing Layers:  84%|███████████████████████████████████████████████████████████████████▌            | 54/64 [3:20:35<21:28, 128.84s/it]	Measured rank curves: 0/2 usable; packed block budget preserved
	(1/3) Block 55/64, linear_attn.in_proj_qkv | Tuning Non-Factorized Weights...
		(Epoch 01/02) Block Loss: 6.2305e-03
		(Epoch 02/02) Block Loss: 5.7118e-03
	(2/3) Block 55/64, linear_attn.in_proj_qkv | Initialization via ADMM...
	(3/3) Block 55/64, linear_attn.in_proj_qkv | Tuning Factorized Weights...
		(Epoch 01/02) Block Loss: 5.9989e-03
		(Epoch 02/02) Block Loss: 5.9797e-03
	(1/3) Block 55/64, linear_attn.in_proj_z | Tuning Non-Factorized Weights...
		(Epoch 01/04) Block Loss: 5.7412e-03
		(Epoch 02/04) Block Loss: 5.3377e-03
		(Epoch 03/04) Block Loss: 5.1236e-03
		(Epoch 04/04) Block Loss: 5.0409e-03
	(2/3) Block 55/64, linear_attn.in_proj_z | Initialization via ADMM...
	(3/3) Block 55/64, linear_attn.in_proj_z | Tuning Factorized Weights...
		(Epoch 01/04) Block Loss: 5.2483e-03
		(Epoch 02/04) Block Loss: 5.2239e-03
		(Epoch 03/04) Block Loss: 5.2114e-03
		(Epoch 04/04) Block Loss: 5.2073e-03
	(1/3) Block 55/64, linear_attn.in_proj_b | Tuning Non-Factorized Weights...
		(Epoch 01/04) Block Loss: 5.1270e-03
		(Epoch 02/04) Block Loss: 4.8818e-03
		(Epoch 03/04) Block Loss: 4.7466e-03
		(Epoch 04/04) Block Loss: 4.6899e-03
	(2/3) Block 55/64, linear_attn.in_proj_b | Initialization via ADMM...
	(3/3) Block 55/64, linear_attn.in_proj_b | Tuning Factorized Weights...
		(Epoch 01/04) Block Loss: 4.6832e-03
		(Epoch 02/04) Block Loss: 4.6816e-03
		(Epoch 03/04) Block Loss: 4.6810e-03
		(Epoch 04/04) Block Loss: 4.6808e-03
	(1/3) Block 55/64, linear_attn.in_proj_a | Tuning Non-Factorized Weights...
		(Epoch 01/04) Block Loss: 4.7165e-03
		(Epoch 02/04) Block Loss: 4.5397e-03
		(Epoch 03/04) Block Loss: 4.4359e-03
		(Epoch 04/04) Block Loss: 4.3900e-03
	(2/3) Block 55/64, linear_attn.in_proj_a | Initialization via ADMM...
	(3/3) Block 55/64, linear_attn.in_proj_a | Tuning Factorized Weights...
		(Epoch 01/04) Block Loss: 4.3839e-03
		(Epoch 02/04) Block Loss: 4.3835e-03
		(Epoch 03/04) Block Loss: 4.3833e-03
		(Epoch 04/04) Block Loss: 4.3833e-03
	(1/3) Block 55/64, linear_attn.out_proj | Tuning Non-Factorized Weights...
		(Epoch 01/04) Block Loss: 4.4298e-03
		(Epoch 02/04) Block Loss: 4.2858e-03
		(Epoch 03/04) Block Loss: 4.1978e-03
		(Epoch 04/04) Block Loss: 4.1575e-03
	(2/3) Block 55/64, linear_attn.out_proj | Initialization via ADMM...
	(3/3) Block 55/64, linear_attn.out_proj | Tuning Factorized Weights...
		(Epoch 01/04) Block Loss: 4.3076e-03
		(Epoch 02/04) Block Loss: 4.2580e-03
		(Epoch 03/04) Block Loss: 4.2372e-03
		(Epoch 04/04) Block Loss: 4.2316e-03
	(1/3) Block 55/64, mlp.gate_proj | Tuning Non-Factorized Weights...
		(Epoch 01/06) Block Loss: 4.2218e-03
		(Epoch 02/06) Block Loss: 4.1026e-03
		(Epoch 03/06) Block Loss: 4.0183e-03
		(Epoch 04/06) Block Loss: 3.9620e-03
		(Epoch 05/06) Block Loss: 3.9214e-03
		(Epoch 06/06) Block Loss: 3.9049e-03
	(2/3) Block 55/64, mlp.gate_proj | Initialization via ADMM...
	(3/3) Block 55/64, mlp.gate_proj | Tuning Factorized Weights...
		(Epoch 01/06) Block Loss: 6.2377e-03
		(Epoch 02/06) Block Loss: 6.1358e-03
		(Epoch 03/06) Block Loss: 6.0637e-03
		(Epoch 04/06) Block Loss: 6.0197e-03
		(Epoch 05/06) Block Loss: 5.9981e-03
		(Epoch 06/06) Block Loss: 5.9914e-03
	(1/3) Block 55/64, mlp.up_proj | Tuning Non-Factorized Weights...
		(Epoch 01/08) Block Loss: 5.7769e-03
		(Epoch 02/08) Block Loss: 5.5202e-03
		(Epoch 03/08) Block Loss: 5.3781e-03
		(Epoch 04/08) Block Loss: 5.2872e-03
		(Epoch 05/08) Block Loss: 5.2199e-03
		(Epoch 06/08) Block Loss: 5.1785e-03
		(Epoch 07/08) Block Loss: 5.1569e-03
		TuneFP plateau: stopped after 7 epochs
	(2/3) Block 55/64, mlp.up_proj | Initialization via ADMM...
	(3/3) Block 55/64, mlp.up_proj | Tuning Factorized Weights...
		(Epoch 01/08) Block Loss: 6.6563e-03
		(Epoch 02/08) Block Loss: 6.5887e-03
		(Epoch 03/08) Block Loss: 6.5587e-03
		(Epoch 04/08) Block Loss: 6.5392e-03
		(Epoch 05/08) Block Loss: 6.5262e-03
		(Epoch 06/08) Block Loss: 6.5186e-03
		(Epoch 07/08) Block Loss: 6.5146e-03
		(Epoch 08/08) Block Loss: 6.5131e-03
	(1/3) Block 55/64, mlp.down_proj | Tuning Non-Factorized Weights...
		(Epoch 01/08) Block Loss: 6.4683e-03
		(Epoch 02/08) Block Loss: 6.3992e-03
		(Epoch 03/08) Block Loss: 6.3639e-03
		(Epoch 04/08) Block Loss: 6.3417e-03
		TuneFP plateau: stopped after 4 epochs
	(2/3) Block 55/64, mlp.down_proj | Initialization via ADMM...
	(3/3) Block 55/64, mlp.down_proj | Tuning Factorized Weights...
		(Epoch 01/08) Block Loss: 6.8848e-03
		(Epoch 02/08) Block Loss: 6.7605e-03
		(Epoch 03/08) Block Loss: 6.7514e-03
		(Epoch 04/08) Block Loss: 6.7437e-03
		(Epoch 05/08) Block Loss: 6.7390e-03
		(Epoch 06/08) Block Loss: 6.7355e-03
		(Epoch 07/08) Block Loss: 6.7335e-03
		(Epoch 08/08) Block Loss: 6.7327e-03

Compressing Layers:  86%|████████████████████████████████████████████████████████████████████▊           | 55/64 [3:22:43<19:18, 128.74s/it]	Measured rank curves: 0/2 usable; packed block budget preserved
	(1/3) Block 56/64, self_attn.q_proj | Tuning Non-Factorized Weights...
		(Epoch 01/02) Block Loss: 6.2637e-03
		(Epoch 02/02) Block Loss: 5.8936e-03
	(2/3) Block 56/64, self_attn.q_proj | Initialization via ADMM...
	(3/3) Block 56/64, self_attn.q_proj | Tuning Factorized Weights...
		(Epoch 01/02) Block Loss: 5.9513e-03
		(Epoch 02/02) Block Loss: 5.9388e-03
	(1/3) Block 56/64, self_attn.v_proj | Tuning Non-Factorized Weights...
		(Epoch 01/04) Block Loss: 5.8110e-03
		(Epoch 02/04) Block Loss: 5.4613e-03
		(Epoch 03/04) Block Loss: 5.2596e-03
		(Epoch 04/04) Block Loss: 5.1806e-03
	(2/3) Block 56/64, self_attn.v_proj | Initialization via ADMM...
	(3/3) Block 56/64, self_attn.v_proj | Tuning Factorized Weights...
		(Epoch 01/04) Block Loss: 5.5067e-03
		(Epoch 02/04) Block Loss: 5.4477e-03
		(Epoch 03/04) Block Loss: 5.4276e-03
		(Epoch 04/04) Block Loss: 5.4228e-03
	(1/3) Block 56/64, self_attn.k_proj | Tuning Non-Factorized Weights...
		(Epoch 01/02) Block Loss: 5.3171e-03
		(Epoch 02/02) Block Loss: 5.1177e-03
	(2/3) Block 56/64, self_attn.k_proj | Initialization via ADMM...
	(3/3) Block 56/64, self_attn.k_proj | Tuning Factorized Weights...
		(Epoch 01/02) Block Loss: 5.1142e-03
		(Epoch 02/02) Block Loss: 5.1055e-03
	(1/3) Block 56/64, self_attn.o_proj | Tuning Non-Factorized Weights...
		(Epoch 01/04) Block Loss: 5.1108e-03
		(Epoch 02/04) Block Loss: 4.9121e-03
		(Epoch 03/04) Block Loss: 4.7957e-03
		(Epoch 04/04) Block Loss: 4.7460e-03
	(2/3) Block 56/64, self_attn.o_proj | Initialization via ADMM...
	(3/3) Block 56/64, self_attn.o_proj | Tuning Factorized Weights...
		(Epoch 01/04) Block Loss: 4.8751e-03
		(Epoch 02/04) Block Loss: 4.8352e-03
		(Epoch 03/04) Block Loss: 4.8215e-03
		(Epoch 04/04) Block Loss: 4.8178e-03
	(1/3) Block 56/64, mlp.gate_proj | Tuning Non-Factorized Weights...
		(Epoch 01/06) Block Loss: 4.7921e-03
		(Epoch 02/06) Block Loss: 4.6394e-03
		(Epoch 03/06) Block Loss: 4.5320e-03
		(Epoch 04/06) Block Loss: 4.4610e-03
		(Epoch 05/06) Block Loss: 4.4123e-03
		(Epoch 06/06) Block Loss: 4.3931e-03
	(2/3) Block 56/64, mlp.gate_proj | Initialization via ADMM...
	(3/3) Block 56/64, mlp.gate_proj | Tuning Factorized Weights...
		(Epoch 01/06) Block Loss: 6.0432e-03
		(Epoch 02/06) Block Loss: 5.9412e-03
		(Epoch 03/06) Block Loss: 5.8836e-03
		(Epoch 04/06) Block Loss: 5.8515e-03
		(Epoch 05/06) Block Loss: 5.8363e-03
		(Epoch 06/06) Block Loss: 5.8313e-03
	(1/3) Block 56/64, mlp.up_proj | Tuning Non-Factorized Weights...
		(Epoch 01/08) Block Loss: 5.6641e-03
		(Epoch 02/08) Block Loss: 5.4530e-03
		(Epoch 03/08) Block Loss: 5.3335e-03
		(Epoch 04/08) Block Loss: 5.2555e-03
		(Epoch 05/08) Block Loss: 5.1972e-03
		(Epoch 06/08) Block Loss: 5.1607e-03
		(Epoch 07/08) Block Loss: 5.1412e-03
		TuneFP plateau: stopped after 7 epochs
	(2/3) Block 56/64, mlp.up_proj | Initialization via ADMM...
	(3/3) Block 56/64, mlp.up_proj | Tuning Factorized Weights...
		(Epoch 01/08) Block Loss: 6.5423e-03
		(Epoch 02/08) Block Loss: 6.4456e-03
		(Epoch 03/08) Block Loss: 6.4153e-03
		(Epoch 04/08) Block Loss: 6.3957e-03
		(Epoch 05/08) Block Loss: 6.3829e-03
		(Epoch 06/08) Block Loss: 6.3751e-03
		(Epoch 07/08) Block Loss: 6.3713e-03
		(Epoch 08/08) Block Loss: 6.3698e-03
	(1/3) Block 56/64, mlp.down_proj | Tuning Non-Factorized Weights...
		(Epoch 01/08) Block Loss: 6.3287e-03
		(Epoch 02/08) Block Loss: 6.2644e-03
		(Epoch 03/08) Block Loss: 6.2313e-03
		(Epoch 04/08) Block Loss: 6.2110e-03
		TuneFP plateau: stopped after 4 epochs
	(2/3) Block 56/64, mlp.down_proj | Initialization via ADMM...
	(3/3) Block 56/64, mlp.down_proj | Tuning Factorized Weights...
		(Epoch 01/08) Block Loss: 6.9680e-03
		(Epoch 02/08) Block Loss: 6.5588e-03
		(Epoch 03/08) Block Loss: 6.5558e-03
		(Epoch 04/08) Block Loss: 6.5543e-03
		(Epoch 05/08) Block Loss: 6.5530e-03
		(Epoch 06/08) Block Loss: 6.5518e-03
		(Epoch 07/08) Block Loss: 6.5511e-03
		(Epoch 08/08) Block Loss: 6.5508e-03

Compressing Layers:  88%|██████████████████████████████████████████████████████████████████████          | 56/64 [3:24:33<16:24, 123.10s/it]	Measured rank curves: 0/2 usable; packed block budget preserved
	(1/3) Block 57/64, linear_attn.in_proj_qkv | Tuning Non-Factorized Weights...
		(Epoch 01/02) Block Loss: 4.2479e-03
		(Epoch 02/02) Block Loss: 3.9950e-03
	(2/3) Block 57/64, linear_attn.in_proj_qkv | Initialization via ADMM...
	(3/3) Block 57/64, linear_attn.in_proj_qkv | Tuning Factorized Weights...
		(Epoch 01/02) Block Loss: 4.2126e-03
		(Epoch 02/02) Block Loss: 4.2085e-03
	(1/3) Block 57/64, linear_attn.in_proj_z | Tuning Non-Factorized Weights...
		(Epoch 01/04) Block Loss: 4.0765e-03
		(Epoch 02/04) Block Loss: 3.8558e-03
		(Epoch 03/04) Block Loss: 3.7245e-03
		(Epoch 04/04) Block Loss: 3.6718e-03
	(2/3) Block 57/64, linear_attn.in_proj_z | Initialization via ADMM...
	(3/3) Block 57/64, linear_attn.in_proj_z | Tuning Factorized Weights...
		(Epoch 01/04) Block Loss: 3.8245e-03
		(Epoch 02/04) Block Loss: 3.8068e-03
		(Epoch 03/04) Block Loss: 3.7918e-03
		(Epoch 04/04) Block Loss: 3.7879e-03
	(1/3) Block 57/64, linear_attn.in_proj_b | Tuning Non-Factorized Weights...
		(Epoch 01/04) Block Loss: 3.7281e-03
		(Epoch 02/04) Block Loss: 3.5801e-03
		(Epoch 03/04) Block Loss: 3.4923e-03
		(Epoch 04/04) Block Loss: 3.4555e-03
	(2/3) Block 57/64, linear_attn.in_proj_b | Initialization via ADMM...
	(3/3) Block 57/64, linear_attn.in_proj_b | Tuning Factorized Weights...
		(Epoch 01/04) Block Loss: 3.4504e-03
		(Epoch 02/04) Block Loss: 3.4502e-03
		(Epoch 03/04) Block Loss: 3.4500e-03
		(Epoch 04/04) Block Loss: 3.4500e-03
	(1/3) Block 57/64, linear_attn.in_proj_a | Tuning Non-Factorized Weights...
		(Epoch 01/04) Block Loss: 3.4743e-03
		(Epoch 02/04) Block Loss: 3.3586e-03
		(Epoch 03/04) Block Loss: 3.2887e-03
		(Epoch 04/04) Block Loss: 3.2575e-03
	(2/3) Block 57/64, linear_attn.in_proj_a | Initialization via ADMM...
	(3/3) Block 57/64, linear_attn.in_proj_a | Tuning Factorized Weights...
		(Epoch 01/04) Block Loss: 3.2529e-03
		(Epoch 02/04) Block Loss: 3.2527e-03
		(Epoch 03/04) Block Loss: 3.2527e-03
		(Epoch 04/04) Block Loss: 3.2526e-03
	(1/3) Block 57/64, linear_attn.out_proj | Tuning Non-Factorized Weights...
		(Epoch 01/04) Block Loss: 3.2817e-03
		(Epoch 02/04) Block Loss: 3.1847e-03
		(Epoch 03/04) Block Loss: 3.1237e-03
		(Epoch 04/04) Block Loss: 3.0955e-03
	(2/3) Block 57/64, linear_attn.out_proj | Initialization via ADMM...
	(3/3) Block 57/64, linear_attn.out_proj | Tuning Factorized Weights...
		(Epoch 01/04) Block Loss: 3.2314e-03
		(Epoch 02/04) Block Loss: 3.1848e-03
		(Epoch 03/04) Block Loss: 3.1654e-03
		(Epoch 04/04) Block Loss: 3.1601e-03
	(1/3) Block 57/64, mlp.gate_proj | Tuning Non-Factorized Weights...
		(Epoch 01/06) Block Loss: 3.1378e-03
		(Epoch 02/06) Block Loss: 3.0548e-03
		(Epoch 03/06) Block Loss: 2.9959e-03
		(Epoch 04/06) Block Loss: 2.9576e-03
		(Epoch 05/06) Block Loss: 2.9274e-03
		(Epoch 06/06) Block Loss: 2.9154e-03
	(2/3) Block 57/64, mlp.gate_proj | Initialization via ADMM...
	(3/3) Block 57/64, mlp.gate_proj | Tuning Factorized Weights...
		(Epoch 01/06) Block Loss: 4.1286e-03
		(Epoch 02/06) Block Loss: 4.0784e-03
		(Epoch 03/06) Block Loss: 4.0377e-03
		(Epoch 04/06) Block Loss: 4.0147e-03
		(Epoch 05/06) Block Loss: 4.0038e-03
		(Epoch 06/06) Block Loss: 4.0003e-03
	(1/3) Block 57/64, mlp.up_proj | Tuning Non-Factorized Weights...
		(Epoch 01/08) Block Loss: 3.8811e-03
		(Epoch 02/08) Block Loss: 3.7433e-03
		(Epoch 03/08) Block Loss: 3.6650e-03
		(Epoch 04/08) Block Loss: 3.6143e-03
		(Epoch 05/08) Block Loss: 3.5752e-03
		(Epoch 06/08) Block Loss: 3.5507e-03
		(Epoch 07/08) Block Loss: 3.5376e-03
		TuneFP plateau: stopped after 7 epochs
	(2/3) Block 57/64, mlp.up_proj | Initialization via ADMM...
	(3/3) Block 57/64, mlp.up_proj | Tuning Factorized Weights...
		(Epoch 01/08) Block Loss: 4.4356e-03
		(Epoch 02/08) Block Loss: 4.4009e-03
		(Epoch 03/08) Block Loss: 4.3843e-03
		(Epoch 04/08) Block Loss: 4.3732e-03
		(Epoch 05/08) Block Loss: 4.3653e-03
		(Epoch 06/08) Block Loss: 4.3602e-03
		(Epoch 07/08) Block Loss: 4.3577e-03
		(Epoch 08/08) Block Loss: 4.3566e-03
	(1/3) Block 57/64, mlp.down_proj | Tuning Non-Factorized Weights...
		(Epoch 01/08) Block Loss: 4.3356e-03
		(Epoch 02/08) Block Loss: 4.2950e-03
		(Epoch 03/08) Block Loss: 4.2730e-03
		(Epoch 04/08) Block Loss: 4.2595e-03
		TuneFP plateau: stopped after 4 epochs
	(2/3) Block 57/64, mlp.down_proj | Initialization via ADMM...
	(3/3) Block 57/64, mlp.down_proj | Tuning Factorized Weights...
		(Epoch 01/08) Block Loss: 4.5310e-03
		(Epoch 02/08) Block Loss: 4.4902e-03
		(Epoch 03/08) Block Loss: 4.4842e-03
		(Epoch 04/08) Block Loss: 4.4794e-03
		(Epoch 05/08) Block Loss: 4.4756e-03
		(Epoch 06/08) Block Loss: 4.4728e-03
		(Epoch 07/08) Block Loss: 4.4713e-03
		(Epoch 08/08) Block Loss: 4.4707e-03

Compressing Layers:  89%|███████████████████████████████████████████████████████████████████████▎        | 57/64 [3:26:41<14:32, 124.62s/it]	Measured rank curves: 0/2 usable; packed block budget preserved
	(1/3) Block 58/64, linear_attn.in_proj_qkv | Tuning Non-Factorized Weights...
		(Epoch 01/02) Block Loss: 4.5467e-03
		(Epoch 02/02) Block Loss: 4.3338e-03
	(2/3) Block 58/64, linear_attn.in_proj_qkv | Initialization via ADMM...
	(3/3) Block 58/64, linear_attn.in_proj_qkv | Tuning Factorized Weights...
		(Epoch 01/02) Block Loss: 4.4189e-03
		(Epoch 02/02) Block Loss: 4.4131e-03
	(1/3) Block 58/64, linear_attn.in_proj_z | Tuning Non-Factorized Weights...
		(Epoch 01/04) Block Loss: 4.3244e-03
		(Epoch 02/04) Block Loss: 4.1317e-03
		(Epoch 03/04) Block Loss: 4.0114e-03
		(Epoch 04/04) Block Loss: 3.9620e-03
	(2/3) Block 58/64, linear_attn.in_proj_z | Initialization via ADMM...
	(3/3) Block 58/64, linear_attn.in_proj_z | Tuning Factorized Weights...
		(Epoch 01/04) Block Loss: 4.0842e-03
		(Epoch 02/04) Block Loss: 4.0652e-03
		(Epoch 03/04) Block Loss: 4.0536e-03
		(Epoch 04/04) Block Loss: 4.0502e-03
	(1/3) Block 58/64, linear_attn.in_proj_b | Tuning Non-Factorized Weights...
		(Epoch 01/04) Block Loss: 4.0050e-03
		(Epoch 02/04) Block Loss: 3.8660e-03
		(Epoch 03/04) Block Loss: 3.7802e-03
		(Epoch 04/04) Block Loss: 3.7437e-03
	(2/3) Block 58/64, linear_attn.in_proj_b | Initialization via ADMM...
	(3/3) Block 58/64, linear_attn.in_proj_b | Tuning Factorized Weights...
		(Epoch 01/04) Block Loss: 3.7385e-03
		(Epoch 02/04) Block Loss: 3.7383e-03
		(Epoch 03/04) Block Loss: 3.7381e-03
		(Epoch 04/04) Block Loss: 3.7381e-03
	(1/3) Block 58/64, linear_attn.in_proj_a | Tuning Non-Factorized Weights...
		(Epoch 01/04) Block Loss: 3.7562e-03
		(Epoch 02/04) Block Loss: 3.6447e-03
		(Epoch 03/04) Block Loss: 3.5738e-03
		(Epoch 04/04) Block Loss: 3.5417e-03
	(2/3) Block 58/64, linear_attn.in_proj_a | Initialization via ADMM...
	(3/3) Block 58/64, linear_attn.in_proj_a | Tuning Factorized Weights...
		(Epoch 01/04) Block Loss: 3.5376e-03
		(Epoch 02/04) Block Loss: 3.5370e-03
		(Epoch 03/04) Block Loss: 3.5368e-03
		(Epoch 04/04) Block Loss: 3.5366e-03
	(1/3) Block 58/64, linear_attn.out_proj | Tuning Non-Factorized Weights...
		(Epoch 01/04) Block Loss: 3.5642e-03
		(Epoch 02/04) Block Loss: 3.4686e-03
		(Epoch 03/04) Block Loss: 3.4058e-03
		(Epoch 04/04) Block Loss: 3.3767e-03
	(2/3) Block 58/64, linear_attn.out_proj | Initialization via ADMM...
	(3/3) Block 58/64, linear_attn.out_proj | Tuning Factorized Weights...
		(Epoch 01/04) Block Loss: 3.4963e-03
		(Epoch 02/04) Block Loss: 3.4623e-03
		(Epoch 03/04) Block Loss: 3.4467e-03
		(Epoch 04/04) Block Loss: 3.4420e-03
	(1/3) Block 58/64, mlp.gate_proj | Tuning Non-Factorized Weights...
		(Epoch 01/06) Block Loss: 3.4271e-03
		(Epoch 02/06) Block Loss: 3.3435e-03
		(Epoch 03/06) Block Loss: 3.2839e-03
		(Epoch 04/06) Block Loss: 3.2444e-03
		(Epoch 05/06) Block Loss: 3.2124e-03
		(Epoch 06/06) Block Loss: 3.1996e-03
		TuneFP plateau: stopped after 6 epochs
	(2/3) Block 58/64, mlp.gate_proj | Initialization via ADMM...
	(3/3) Block 58/64, mlp.gate_proj | Tuning Factorized Weights...
		(Epoch 01/06) Block Loss: 4.3075e-03
		(Epoch 02/06) Block Loss: 4.2617e-03
		(Epoch 03/06) Block Loss: 4.2272e-03
		(Epoch 04/06) Block Loss: 4.2076e-03
		(Epoch 05/06) Block Loss: 4.1983e-03
		(Epoch 06/06) Block Loss: 4.1947e-03
	(1/3) Block 58/64, mlp.up_proj | Tuning Non-Factorized Weights...
		(Epoch 01/08) Block Loss: 4.0910e-03
		(Epoch 02/08) Block Loss: 3.9670e-03
		(Epoch 03/08) Block Loss: 3.8954e-03
		(Epoch 04/08) Block Loss: 3.8494e-03
		(Epoch 05/08) Block Loss: 3.8125e-03
		(Epoch 06/08) Block Loss: 3.7889e-03
		TuneFP plateau: stopped after 6 epochs
	(2/3) Block 58/64, mlp.up_proj | Initialization via ADMM...
	(3/3) Block 58/64, mlp.up_proj | Tuning Factorized Weights...
		(Epoch 01/08) Block Loss: 4.6555e-03
		(Epoch 02/08) Block Loss: 4.6292e-03
		(Epoch 03/08) Block Loss: 4.6134e-03
		(Epoch 04/08) Block Loss: 4.6025e-03
		(Epoch 05/08) Block Loss: 4.5948e-03
		(Epoch 06/08) Block Loss: 4.5899e-03
		(Epoch 07/08) Block Loss: 4.5872e-03
		(Epoch 08/08) Block Loss: 4.5860e-03
	(1/3) Block 58/64, mlp.down_proj | Tuning Non-Factorized Weights...
		(Epoch 01/08) Block Loss: 4.5683e-03
		(Epoch 02/08) Block Loss: 4.5303e-03
		(Epoch 03/08) Block Loss: 4.5094e-03
		(Epoch 04/08) Block Loss: 4.4968e-03
		TuneFP plateau: stopped after 4 epochs
	(2/3) Block 58/64, mlp.down_proj | Initialization via ADMM...
	(3/3) Block 58/64, mlp.down_proj | Tuning Factorized Weights...
		(Epoch 01/08) Block Loss: 4.7672e-03
		(Epoch 02/08) Block Loss: 4.7236e-03
		(Epoch 03/08) Block Loss: 4.7199e-03
		(Epoch 04/08) Block Loss: 4.7172e-03
		(Epoch 05/08) Block Loss: 4.7150e-03
		(Epoch 06/08) Block Loss: 4.7135e-03
		(Epoch 07/08) Block Loss: 4.7127e-03
		(Epoch 08/08) Block Loss: 4.7123e-03

Compressing Layers:  91%|████████████████████████████████████████████████████████████████████████▌       | 58/64 [3:28:49<12:33, 125.51s/it]	Measured rank curves: 0/2 usable; packed block budget preserved
	(1/3) Block 59/64, linear_attn.in_proj_qkv | Tuning Non-Factorized Weights...
		(Epoch 01/02) Block Loss: 5.1207e-03
		(Epoch 02/02) Block Loss: 4.9029e-03
	(2/3) Block 59/64, linear_attn.in_proj_qkv | Initialization via ADMM...
	(3/3) Block 59/64, linear_attn.in_proj_qkv | Tuning Factorized Weights...
		(Epoch 01/02) Block Loss: 4.9679e-03
		(Epoch 02/02) Block Loss: 4.9584e-03
	(1/3) Block 59/64, linear_attn.in_proj_z | Tuning Non-Factorized Weights...
		(Epoch 01/04) Block Loss: 4.8760e-03
		(Epoch 02/04) Block Loss: 4.6808e-03
		(Epoch 03/04) Block Loss: 4.5595e-03
		(Epoch 04/04) Block Loss: 4.5102e-03
	(2/3) Block 59/64, linear_attn.in_proj_z | Initialization via ADMM...
	(3/3) Block 59/64, linear_attn.in_proj_z | Tuning Factorized Weights...
		(Epoch 01/04) Block Loss: 4.5796e-03
		(Epoch 02/04) Block Loss: 4.5718e-03
		(Epoch 03/04) Block Loss: 4.5677e-03
		(Epoch 04/04) Block Loss: 4.5665e-03
	(1/3) Block 59/64, linear_attn.in_proj_b | Tuning Non-Factorized Weights...
		(Epoch 01/04) Block Loss: 4.5346e-03
		(Epoch 02/04) Block Loss: 4.3941e-03
		(Epoch 03/04) Block Loss: 4.3042e-03
		(Epoch 04/04) Block Loss: 4.2662e-03
	(2/3) Block 59/64, linear_attn.in_proj_b | Initialization via ADMM...
	(3/3) Block 59/64, linear_attn.in_proj_b | Tuning Factorized Weights...
		(Epoch 01/04) Block Loss: 4.2606e-03
		(Epoch 02/04) Block Loss: 4.2599e-03
		(Epoch 03/04) Block Loss: 4.2595e-03
		(Epoch 04/04) Block Loss: 4.2594e-03
	(1/3) Block 59/64, linear_attn.in_proj_a | Tuning Non-Factorized Weights...
		(Epoch 01/04) Block Loss: 4.2761e-03
		(Epoch 02/04) Block Loss: 4.1630e-03
		(Epoch 03/04) Block Loss: 4.0880e-03
		(Epoch 04/04) Block Loss: 4.0544e-03
	(2/3) Block 59/64, linear_attn.in_proj_a | Initialization via ADMM...
	(3/3) Block 59/64, linear_attn.in_proj_a | Tuning Factorized Weights...
		(Epoch 01/04) Block Loss: 4.0494e-03
		(Epoch 02/04) Block Loss: 4.0490e-03
		(Epoch 03/04) Block Loss: 4.0488e-03
		(Epoch 04/04) Block Loss: 4.0487e-03
	(1/3) Block 59/64, linear_attn.out_proj | Tuning Non-Factorized Weights...
		(Epoch 01/04) Block Loss: 4.0768e-03
		(Epoch 02/04) Block Loss: 3.9793e-03
		(Epoch 03/04) Block Loss: 3.9123e-03
		(Epoch 04/04) Block Loss: 3.8812e-03
	(2/3) Block 59/64, linear_attn.out_proj | Initialization via ADMM...
	(3/3) Block 59/64, linear_attn.out_proj | Tuning Factorized Weights...
		(Epoch 01/04) Block Loss: 3.9775e-03
		(Epoch 02/04) Block Loss: 3.9518e-03
		(Epoch 03/04) Block Loss: 3.9410e-03
		(Epoch 04/04) Block Loss: 3.9377e-03
	(1/3) Block 59/64, mlp.gate_proj | Tuning Non-Factorized Weights...
		(Epoch 01/06) Block Loss: 3.9281e-03
		(Epoch 02/06) Block Loss: 3.8407e-03
		(Epoch 03/06) Block Loss: 3.7769e-03
		(Epoch 04/06) Block Loss: 3.7351e-03
		(Epoch 05/06) Block Loss: 3.6996e-03
		(Epoch 06/06) Block Loss: 3.6857e-03
		TuneFP plateau: stopped after 6 epochs
	(2/3) Block 59/64, mlp.gate_proj | Initialization via ADMM...
	(3/3) Block 59/64, mlp.gate_proj | Tuning Factorized Weights...
		(Epoch 01/06) Block Loss: 4.8634e-03
		(Epoch 02/06) Block Loss: 4.7971e-03
		(Epoch 03/06) Block Loss: 4.7503e-03
		(Epoch 04/06) Block Loss: 4.7256e-03
		(Epoch 05/06) Block Loss: 4.7151e-03
		(Epoch 06/06) Block Loss: 4.7112e-03
	(1/3) Block 59/64, mlp.up_proj | Tuning Non-Factorized Weights...
		(Epoch 01/08) Block Loss: 4.5988e-03
		(Epoch 02/08) Block Loss: 4.4731e-03
		(Epoch 03/08) Block Loss: 4.4008e-03
		(Epoch 04/08) Block Loss: 4.3546e-03
		(Epoch 05/08) Block Loss: 4.3161e-03
		(Epoch 06/08) Block Loss: 4.2919e-03
		TuneFP plateau: stopped after 6 epochs
	(2/3) Block 59/64, mlp.up_proj | Initialization via ADMM...
	(3/3) Block 59/64, mlp.up_proj | Tuning Factorized Weights...
		(Epoch 01/08) Block Loss: 5.2001e-03
		(Epoch 02/08) Block Loss: 5.1671e-03
		(Epoch 03/08) Block Loss: 5.1510e-03
		(Epoch 04/08) Block Loss: 5.1398e-03
		(Epoch 05/08) Block Loss: 5.1325e-03
		(Epoch 06/08) Block Loss: 5.1278e-03
		(Epoch 07/08) Block Loss: 5.1253e-03
		(Epoch 08/08) Block Loss: 5.1243e-03
	(1/3) Block 59/64, mlp.down_proj | Tuning Non-Factorized Weights...
		(Epoch 01/08) Block Loss: 5.1024e-03
		(Epoch 02/08) Block Loss: 5.0636e-03
		(Epoch 03/08) Block Loss: 5.0425e-03
		(Epoch 04/08) Block Loss: 5.0300e-03
		TuneFP plateau: stopped after 4 epochs
	(2/3) Block 59/64, mlp.down_proj | Initialization via ADMM...
	(3/3) Block 59/64, mlp.down_proj | Tuning Factorized Weights...
		(Epoch 01/08) Block Loss: 5.2886e-03
		(Epoch 02/08) Block Loss: 5.2493e-03
		(Epoch 03/08) Block Loss: 5.2469e-03
		(Epoch 04/08) Block Loss: 5.2450e-03
		(Epoch 05/08) Block Loss: 5.2436e-03
		(Epoch 06/08) Block Loss: 5.2423e-03
		(Epoch 07/08) Block Loss: 5.2416e-03
		(Epoch 08/08) Block Loss: 5.2414e-03

Compressing Layers:  92%|█████████████████████████████████████████████████████████████████████████▊      | 59/64 [3:31:02<10:38, 127.70s/it]	Measured rank curves: 0/2 usable; packed block budget preserved
	(1/3) Block 60/64, self_attn.q_proj | Tuning Non-Factorized Weights...
		(Epoch 01/02) Block Loss: 2.9057e-03
		(Epoch 02/02) Block Loss: 2.7665e-03
	(2/3) Block 60/64, self_attn.q_proj | Initialization via ADMM...
	(3/3) Block 60/64, self_attn.q_proj | Tuning Factorized Weights...
		(Epoch 01/02) Block Loss: 2.8076e-03
		(Epoch 02/02) Block Loss: 2.7995e-03
	(1/3) Block 60/64, self_attn.v_proj | Tuning Non-Factorized Weights...
		(Epoch 01/04) Block Loss: 2.7476e-03
		(Epoch 02/04) Block Loss: 2.6287e-03
		(Epoch 03/04) Block Loss: 2.5537e-03
		(Epoch 04/04) Block Loss: 2.5227e-03
	(2/3) Block 60/64, self_attn.v_proj | Initialization via ADMM...
	(3/3) Block 60/64, self_attn.v_proj | Tuning Factorized Weights...
		(Epoch 01/04) Block Loss: 2.6181e-03
		(Epoch 02/04) Block Loss: 2.6100e-03
		(Epoch 03/04) Block Loss: 2.6067e-03
		(Epoch 04/04) Block Loss: 2.6058e-03
	(1/3) Block 60/64, self_attn.k_proj | Tuning Non-Factorized Weights...
		(Epoch 01/02) Block Loss: 2.5782e-03
		(Epoch 02/02) Block Loss: 2.5044e-03
	(2/3) Block 60/64, self_attn.k_proj | Initialization via ADMM...
	(3/3) Block 60/64, self_attn.k_proj | Tuning Factorized Weights...
		(Epoch 01/02) Block Loss: 2.5015e-03
		(Epoch 02/02) Block Loss: 2.5001e-03
	(1/3) Block 60/64, self_attn.o_proj | Tuning Non-Factorized Weights...
		(Epoch 01/04) Block Loss: 2.5018e-03
		(Epoch 02/04) Block Loss: 2.4287e-03
		(Epoch 03/04) Block Loss: 2.3808e-03
		(Epoch 04/04) Block Loss: 2.3601e-03
	(2/3) Block 60/64, self_attn.o_proj | Initialization via ADMM...
	(3/3) Block 60/64, self_attn.o_proj | Tuning Factorized Weights...
		(Epoch 01/04) Block Loss: 2.4103e-03
		(Epoch 02/04) Block Loss: 2.3986e-03
		(Epoch 03/04) Block Loss: 2.3936e-03
		(Epoch 04/04) Block Loss: 2.3922e-03
	(1/3) Block 60/64, mlp.gate_proj | Tuning Non-Factorized Weights...
		(Epoch 01/06) Block Loss: 2.3843e-03
		(Epoch 02/06) Block Loss: 2.3252e-03
		(Epoch 03/06) Block Loss: 2.2811e-03
		(Epoch 04/06) Block Loss: 2.2515e-03
		(Epoch 05/06) Block Loss: 2.2296e-03
		(Epoch 06/06) Block Loss: 2.2210e-03
		TuneFP plateau: stopped after 6 epochs
	(2/3) Block 60/64, mlp.gate_proj | Initialization via ADMM...
	(3/3) Block 60/64, mlp.gate_proj | Tuning Factorized Weights...
		(Epoch 01/06) Block Loss: 2.7840e-03
		(Epoch 02/06) Block Loss: 2.7367e-03
		(Epoch 03/06) Block Loss: 2.7091e-03
		(Epoch 04/06) Block Loss: 2.6941e-03
		(Epoch 05/06) Block Loss: 2.6876e-03
		(Epoch 06/06) Block Loss: 2.6852e-03
	(1/3) Block 60/64, mlp.up_proj | Tuning Non-Factorized Weights...
		(Epoch 01/08) Block Loss: 2.6229e-03
		(Epoch 02/08) Block Loss: 2.5519e-03
		(Epoch 03/08) Block Loss: 2.5120e-03
		(Epoch 04/08) Block Loss: 2.4857e-03
		(Epoch 05/08) Block Loss: 2.4642e-03
		(Epoch 06/08) Block Loss: 2.4509e-03
		TuneFP plateau: stopped after 6 epochs
	(2/3) Block 60/64, mlp.up_proj | Initialization via ADMM...
	(3/3) Block 60/64, mlp.up_proj | Tuning Factorized Weights...
		(Epoch 01/08) Block Loss: 2.9320e-03
		(Epoch 02/08) Block Loss: 2.9011e-03
		(Epoch 03/08) Block Loss: 2.8881e-03
		(Epoch 04/08) Block Loss: 2.8797e-03
		(Epoch 05/08) Block Loss: 2.8743e-03
		(Epoch 06/08) Block Loss: 2.8706e-03
		(Epoch 07/08) Block Loss: 2.8689e-03
		(Epoch 08/08) Block Loss: 2.8682e-03
	(1/3) Block 60/64, mlp.down_proj | Tuning Non-Factorized Weights...
		(Epoch 01/08) Block Loss: 2.8556e-03
		(Epoch 02/08) Block Loss: 2.8318e-03
		(Epoch 03/08) Block Loss: 2.8195e-03
		(Epoch 04/08) Block Loss: 2.8120e-03
		TuneFP plateau: stopped after 4 epochs
	(2/3) Block 60/64, mlp.down_proj | Initialization via ADMM...
	(3/3) Block 60/64, mlp.down_proj | Tuning Factorized Weights...
		(Epoch 01/08) Block Loss: 3.1347e-03
		(Epoch 02/08) Block Loss: 2.9594e-03
		(Epoch 03/08) Block Loss: 2.9576e-03
		(Epoch 04/08) Block Loss: 2.9565e-03
		(Epoch 05/08) Block Loss: 2.9555e-03
		(Epoch 06/08) Block Loss: 2.9547e-03
		(Epoch 07/08) Block Loss: 2.9542e-03
		(Epoch 08/08) Block Loss: 2.9538e-03

Compressing Layers:  94%|███████████████████████████████████████████████████████████████████████████     | 60/64 [3:32:45<08:01, 120.48s/it]	Measured rank curves: 0/2 usable; packed block budget preserved
	(1/3) Block 61/64, linear_attn.in_proj_qkv | Tuning Non-Factorized Weights...
		(Epoch 01/02) Block Loss: 2.9996e-03
		(Epoch 02/02) Block Loss: 2.8428e-03
	(2/3) Block 61/64, linear_attn.in_proj_qkv | Initialization via ADMM...
	(3/3) Block 61/64, linear_attn.in_proj_qkv | Tuning Factorized Weights...
		(Epoch 01/02) Block Loss: 2.9645e-03
		(Epoch 02/02) Block Loss: 2.9571e-03
	(1/3) Block 61/64, linear_attn.in_proj_z | Tuning Non-Factorized Weights...
		(Epoch 01/04) Block Loss: 2.8910e-03
		(Epoch 02/04) Block Loss: 2.7834e-03
		(Epoch 03/04) Block Loss: 2.7141e-03
		(Epoch 04/04) Block Loss: 2.6852e-03
	(2/3) Block 61/64, linear_attn.in_proj_z | Initialization via ADMM...
	(3/3) Block 61/64, linear_attn.in_proj_z | Tuning Factorized Weights...
		(Epoch 01/04) Block Loss: 2.7439e-03
		(Epoch 02/04) Block Loss: 2.7341e-03
		(Epoch 03/04) Block Loss: 2.7300e-03
		(Epoch 04/04) Block Loss: 2.7289e-03
	(1/3) Block 61/64, linear_attn.in_proj_b | Tuning Non-Factorized Weights...
		(Epoch 01/04) Block Loss: 2.7127e-03
		(Epoch 02/04) Block Loss: 2.6370e-03
		(Epoch 03/04) Block Loss: 2.5852e-03
		(Epoch 04/04) Block Loss: 2.5624e-03
	(2/3) Block 61/64, linear_attn.in_proj_b | Initialization via ADMM...
	(3/3) Block 61/64, linear_attn.in_proj_b | Tuning Factorized Weights...
		(Epoch 01/04) Block Loss: 2.5589e-03
		(Epoch 02/04) Block Loss: 2.5587e-03
		(Epoch 03/04) Block Loss: 2.5586e-03
		(Epoch 04/04) Block Loss: 2.5585e-03
	(1/3) Block 61/64, linear_attn.in_proj_a | Tuning Non-Factorized Weights...
		(Epoch 01/04) Block Loss: 2.5761e-03
		(Epoch 02/04) Block Loss: 2.5139e-03
		(Epoch 03/04) Block Loss: 2.4686e-03
		(Epoch 04/04) Block Loss: 2.4475e-03
	(2/3) Block 61/64, linear_attn.in_proj_a | Initialization via ADMM...
	(3/3) Block 61/64, linear_attn.in_proj_a | Tuning Factorized Weights...
		(Epoch 01/04) Block Loss: 2.4441e-03
		(Epoch 02/04) Block Loss: 2.4438e-03
		(Epoch 03/04) Block Loss: 2.4437e-03
		(Epoch 04/04) Block Loss: 2.4437e-03
	(1/3) Block 61/64, linear_attn.out_proj | Tuning Non-Factorized Weights...
		(Epoch 01/04) Block Loss: 2.4682e-03
		(Epoch 02/04) Block Loss: 2.4137e-03
		(Epoch 03/04) Block Loss: 2.3719e-03
		(Epoch 04/04) Block Loss: 2.3520e-03
	(2/3) Block 61/64, linear_attn.out_proj | Initialization via ADMM...
	(3/3) Block 61/64, linear_attn.out_proj | Tuning Factorized Weights...
		(Epoch 01/04) Block Loss: 2.4174e-03
		(Epoch 02/04) Block Loss: 2.4029e-03
		(Epoch 03/04) Block Loss: 2.3965e-03
		(Epoch 04/04) Block Loss: 2.3945e-03
	(1/3) Block 61/64, mlp.gate_proj | Tuning Non-Factorized Weights...
		(Epoch 01/06) Block Loss: 2.3928e-03
		(Epoch 02/06) Block Loss: 2.3438e-03
		(Epoch 03/06) Block Loss: 2.3070e-03
		(Epoch 04/06) Block Loss: 2.2819e-03
		(Epoch 05/06) Block Loss: 2.2598e-03
		(Epoch 06/06) Block Loss: 2.2509e-03
		TuneFP plateau: stopped after 6 epochs
	(2/3) Block 61/64, mlp.gate_proj | Initialization via ADMM...
	(3/3) Block 61/64, mlp.gate_proj | Tuning Factorized Weights...
		(Epoch 01/06) Block Loss: 2.9344e-03
		(Epoch 02/06) Block Loss: 2.8912e-03
		(Epoch 03/06) Block Loss: 2.8620e-03
		(Epoch 04/06) Block Loss: 2.8469e-03
		(Epoch 05/06) Block Loss: 2.8399e-03
		(Epoch 06/06) Block Loss: 2.8372e-03
	(1/3) Block 61/64, mlp.up_proj | Tuning Non-Factorized Weights...
		(Epoch 01/08) Block Loss: 2.7682e-03
		(Epoch 02/08) Block Loss: 2.6917e-03
		(Epoch 03/08) Block Loss: 2.6494e-03
		(Epoch 04/08) Block Loss: 2.6227e-03
		(Epoch 05/08) Block Loss: 2.5995e-03
		(Epoch 06/08) Block Loss: 2.5850e-03
		TuneFP plateau: stopped after 6 epochs
	(2/3) Block 61/64, mlp.up_proj | Initialization via ADMM...
	(3/3) Block 61/64, mlp.up_proj | Tuning Factorized Weights...
		(Epoch 01/08) Block Loss: 3.0708e-03
		(Epoch 02/08) Block Loss: 3.0443e-03
		(Epoch 03/08) Block Loss: 3.0297e-03
		(Epoch 04/08) Block Loss: 3.0204e-03
		(Epoch 05/08) Block Loss: 3.0140e-03
		(Epoch 06/08) Block Loss: 3.0101e-03
		(Epoch 07/08) Block Loss: 3.0082e-03
		(Epoch 08/08) Block Loss: 3.0073e-03
	(1/3) Block 61/64, mlp.down_proj | Tuning Non-Factorized Weights...
		(Epoch 01/08) Block Loss: 2.9944e-03
		(Epoch 02/08) Block Loss: 2.9688e-03
		(Epoch 03/08) Block Loss: 2.9552e-03
		(Epoch 04/08) Block Loss: 2.9472e-03
		TuneFP plateau: stopped after 4 epochs
	(2/3) Block 61/64, mlp.down_proj | Initialization via ADMM...
	(3/3) Block 61/64, mlp.down_proj | Tuning Factorized Weights...
		(Epoch 01/08) Block Loss: 3.1328e-03
		(Epoch 02/08) Block Loss: 3.0995e-03
		(Epoch 03/08) Block Loss: 3.0937e-03
		(Epoch 04/08) Block Loss: 3.0896e-03
		(Epoch 05/08) Block Loss: 3.0864e-03
		(Epoch 06/08) Block Loss: 3.0841e-03
		(Epoch 07/08) Block Loss: 3.0827e-03
		(Epoch 08/08) Block Loss: 3.0822e-03

Compressing Layers:  95%|████████████████████████████████████████████████████████████████████████████▎   | 61/64 [3:34:59<06:13, 124.39s/it]	Measured rank curves: 0/2 usable; packed block budget preserved
	(1/3) Block 62/64, linear_attn.in_proj_qkv | Tuning Non-Factorized Weights...
		(Epoch 01/02) Block Loss: 3.2386e-03
		(Epoch 02/02) Block Loss: 3.1057e-03
	(2/3) Block 62/64, linear_attn.in_proj_qkv | Initialization via ADMM...
	(3/3) Block 62/64, linear_attn.in_proj_qkv | Tuning Factorized Weights...
		(Epoch 01/02) Block Loss: 3.1674e-03
		(Epoch 02/02) Block Loss: 3.1639e-03
	(1/3) Block 62/64, linear_attn.in_proj_z | Tuning Non-Factorized Weights...
		(Epoch 01/04) Block Loss: 3.1191e-03
		(Epoch 02/04) Block Loss: 3.0207e-03
		(Epoch 03/04) Block Loss: 2.9579e-03
		(Epoch 04/04) Block Loss: 2.9296e-03
	(2/3) Block 62/64, linear_attn.in_proj_z | Initialization via ADMM...
	(3/3) Block 62/64, linear_attn.in_proj_z | Tuning Factorized Weights...
		(Epoch 01/04) Block Loss: 2.9740e-03
		(Epoch 02/04) Block Loss: 2.9690e-03
		(Epoch 03/04) Block Loss: 2.9660e-03
		(Epoch 04/04) Block Loss: 2.9651e-03
	(1/3) Block 62/64, linear_attn.in_proj_b | Tuning Non-Factorized Weights...
		(Epoch 01/04) Block Loss: 2.9559e-03
		(Epoch 02/04) Block Loss: 2.8839e-03
		(Epoch 03/04) Block Loss: 2.8341e-03
		(Epoch 04/04) Block Loss: 2.8109e-03
	(2/3) Block 62/64, linear_attn.in_proj_b | Initialization via ADMM...
	(3/3) Block 62/64, linear_attn.in_proj_b | Tuning Factorized Weights...
		(Epoch 01/04) Block Loss: 2.8078e-03
		(Epoch 02/04) Block Loss: 2.8075e-03
		(Epoch 03/04) Block Loss: 2.8074e-03
		(Epoch 04/04) Block Loss: 2.8073e-03
	(1/3) Block 62/64, linear_attn.in_proj_a | Tuning Non-Factorized Weights...
		(Epoch 01/04) Block Loss: 2.8292e-03
		(Epoch 02/04) Block Loss: 2.7680e-03
		(Epoch 03/04) Block Loss: 2.7241e-03
		(Epoch 04/04) Block Loss: 2.7023e-03
	(2/3) Block 62/64, linear_attn.in_proj_a | Initialization via ADMM...
	(3/3) Block 62/64, linear_attn.in_proj_a | Tuning Factorized Weights...
		(Epoch 01/04) Block Loss: 2.6987e-03
		(Epoch 02/04) Block Loss: 2.6985e-03
		(Epoch 03/04) Block Loss: 2.6984e-03
		(Epoch 04/04) Block Loss: 2.6984e-03
	(1/3) Block 62/64, linear_attn.out_proj | Tuning Non-Factorized Weights...
		(Epoch 01/04) Block Loss: 2.7264e-03
		(Epoch 02/04) Block Loss: 2.6719e-03
		(Epoch 03/04) Block Loss: 2.6307e-03
		(Epoch 04/04) Block Loss: 2.6098e-03
	(2/3) Block 62/64, linear_attn.out_proj | Initialization via ADMM...
	(3/3) Block 62/64, linear_attn.out_proj | Tuning Factorized Weights...
		(Epoch 01/04) Block Loss: 2.6834e-03
		(Epoch 02/04) Block Loss: 2.6678e-03
		(Epoch 03/04) Block Loss: 2.6598e-03
		(Epoch 04/04) Block Loss: 2.6573e-03
	(1/3) Block 62/64, mlp.gate_proj | Tuning Non-Factorized Weights...
		(Epoch 01/06) Block Loss: 2.6548e-03
		(Epoch 02/06) Block Loss: 2.6055e-03
		(Epoch 03/06) Block Loss: 2.5691e-03
		(Epoch 04/06) Block Loss: 2.5427e-03
		(Epoch 05/06) Block Loss: 2.5200e-03
		(Epoch 06/06) Block Loss: 2.5106e-03
		TuneFP plateau: stopped after 6 epochs
	(2/3) Block 62/64, mlp.gate_proj | Initialization via ADMM...
	(3/3) Block 62/64, mlp.gate_proj | Tuning Factorized Weights...
		(Epoch 01/06) Block Loss: 3.2233e-03
		(Epoch 02/06) Block Loss: 3.1566e-03
		(Epoch 03/06) Block Loss: 3.1234e-03
		(Epoch 04/06) Block Loss: 3.1077e-03
		(Epoch 05/06) Block Loss: 3.1001e-03
		(Epoch 06/06) Block Loss: 3.0969e-03
	(1/3) Block 62/64, mlp.up_proj | Tuning Non-Factorized Weights...
		(Epoch 01/08) Block Loss: 3.0227e-03
		(Epoch 02/08) Block Loss: 2.9476e-03
		(Epoch 03/08) Block Loss: 2.9061e-03
		(Epoch 04/08) Block Loss: 2.8801e-03
		(Epoch 05/08) Block Loss: 2.8570e-03
		TuneFP plateau: stopped after 5 epochs
	(2/3) Block 62/64, mlp.up_proj | Initialization via ADMM...
	(3/3) Block 62/64, mlp.up_proj | Tuning Factorized Weights...
		(Epoch 01/08) Block Loss: 3.2993e-03
		(Epoch 02/08) Block Loss: 3.2802e-03
		(Epoch 03/08) Block Loss: 3.2681e-03
		(Epoch 04/08) Block Loss: 3.2599e-03
		(Epoch 05/08) Block Loss: 3.2542e-03
		(Epoch 06/08) Block Loss: 3.2508e-03
		(Epoch 07/08) Block Loss: 3.2490e-03
		(Epoch 08/08) Block Loss: 3.2484e-03
	(1/3) Block 62/64, mlp.down_proj | Tuning Non-Factorized Weights...
		(Epoch 01/08) Block Loss: 3.2336e-03
		(Epoch 02/08) Block Loss: 3.2076e-03
		(Epoch 03/08) Block Loss: 3.1940e-03
		(Epoch 04/08) Block Loss: 3.1858e-03
		TuneFP plateau: stopped after 4 epochs
	(2/3) Block 62/64, mlp.down_proj | Initialization via ADMM...
	(3/3) Block 62/64, mlp.down_proj | Tuning Factorized Weights...
		(Epoch 01/08) Block Loss: 3.3794e-03
		(Epoch 02/08) Block Loss: 3.3436e-03
		(Epoch 03/08) Block Loss: 3.3408e-03
		(Epoch 04/08) Block Loss: 3.3382e-03
		(Epoch 05/08) Block Loss: 3.3367e-03
		(Epoch 06/08) Block Loss: 3.3354e-03
		(Epoch 07/08) Block Loss: 3.3348e-03
		(Epoch 08/08) Block Loss: 3.3342e-03

Compressing Layers:  97%|█████████████████████████████████████████████████████████████████████████████▌  | 62/64 [3:37:06<04:10, 125.25s/it]	Measured rank curves: 0/2 usable; packed block budget preserved
	(1/3) Block 63/64, linear_attn.in_proj_qkv | Tuning Non-Factorized Weights...
		(Epoch 01/02) Block Loss: 2.8162e-03
		(Epoch 02/02) Block Loss: 2.6643e-03
	(2/3) Block 63/64, linear_attn.in_proj_qkv | Initialization via ADMM...
	(3/3) Block 63/64, linear_attn.in_proj_qkv | Tuning Factorized Weights...
		(Epoch 01/02) Block Loss: 2.9450e-03
		(Epoch 02/02) Block Loss: 2.9079e-03
	(1/3) Block 63/64, linear_attn.in_proj_z | Tuning Non-Factorized Weights...
		(Epoch 01/04) Block Loss: 2.7559e-03
		(Epoch 02/04) Block Loss: 2.6424e-03
		(Epoch 03/04) Block Loss: 2.5770e-03
		(Epoch 04/04) Block Loss: 2.5466e-03
	(2/3) Block 63/64, linear_attn.in_proj_z | Initialization via ADMM...
	(3/3) Block 63/64, linear_attn.in_proj_z | Tuning Factorized Weights...
		(Epoch 01/04) Block Loss: 2.6145e-03
		(Epoch 02/04) Block Loss: 2.6067e-03
		(Epoch 03/04) Block Loss: 2.6029e-03
		(Epoch 04/04) Block Loss: 2.6016e-03
	(1/3) Block 63/64, linear_attn.in_proj_b | Tuning Non-Factorized Weights...
		(Epoch 01/04) Block Loss: 2.5869e-03
		(Epoch 02/04) Block Loss: 2.5115e-03
		(Epoch 03/04) Block Loss: 2.4607e-03
		(Epoch 04/04) Block Loss: 2.4352e-03
	(2/3) Block 63/64, linear_attn.in_proj_b | Initialization via ADMM...
	(3/3) Block 63/64, linear_attn.in_proj_b | Tuning Factorized Weights...
		(Epoch 01/04) Block Loss: 2.4326e-03
		(Epoch 02/04) Block Loss: 2.4322e-03
		(Epoch 03/04) Block Loss: 2.4320e-03
		(Epoch 04/04) Block Loss: 2.4320e-03
	(1/3) Block 63/64, linear_attn.in_proj_a | Tuning Non-Factorized Weights...
		(Epoch 01/04) Block Loss: 2.4639e-03
		(Epoch 02/04) Block Loss: 2.4019e-03
		(Epoch 03/04) Block Loss: 2.3571e-03
		(Epoch 04/04) Block Loss: 2.3334e-03
	(2/3) Block 63/64, linear_attn.in_proj_a | Initialization via ADMM...
	(3/3) Block 63/64, linear_attn.in_proj_a | Tuning Factorized Weights...
		(Epoch 01/04) Block Loss: 2.3296e-03
		(Epoch 02/04) Block Loss: 2.3296e-03
		(Epoch 03/04) Block Loss: 2.3295e-03
		(Epoch 04/04) Block Loss: 2.3295e-03
	(1/3) Block 63/64, linear_attn.out_proj | Tuning Non-Factorized Weights...
		(Epoch 01/04) Block Loss: 2.3687e-03
		(Epoch 02/04) Block Loss: 2.3099e-03
		(Epoch 03/04) Block Loss: 2.2684e-03
		(Epoch 04/04) Block Loss: 2.2461e-03
	(2/3) Block 63/64, linear_attn.out_proj | Initialization via ADMM...
	(3/3) Block 63/64, linear_attn.out_proj | Tuning Factorized Weights...
		(Epoch 01/04) Block Loss: 2.4287e-03
		(Epoch 02/04) Block Loss: 2.3890e-03
		(Epoch 03/04) Block Loss: 2.3729e-03
		(Epoch 04/04) Block Loss: 2.3680e-03
	(1/3) Block 63/64, mlp.gate_proj | Tuning Non-Factorized Weights...
		(Epoch 01/06) Block Loss: 2.3215e-03
		(Epoch 02/06) Block Loss: 2.2624e-03
		(Epoch 03/06) Block Loss: 2.2280e-03
		(Epoch 04/06) Block Loss: 2.2024e-03
		(Epoch 05/06) Block Loss: 2.1796e-03
		(Epoch 06/06) Block Loss: 2.1699e-03
	(2/3) Block 63/64, mlp.gate_proj | Initialization via ADMM...
	(3/3) Block 63/64, mlp.gate_proj | Tuning Factorized Weights...
		(Epoch 01/06) Block Loss: 2.9162e-03
		(Epoch 02/06) Block Loss: 2.8261e-03
		(Epoch 03/06) Block Loss: 2.7894e-03
		(Epoch 04/06) Block Loss: 2.7732e-03
		(Epoch 05/06) Block Loss: 2.7655e-03
		(Epoch 06/06) Block Loss: 2.7627e-03
	(1/3) Block 63/64, mlp.up_proj | Tuning Non-Factorized Weights...
		(Epoch 01/08) Block Loss: 2.6877e-03
		(Epoch 02/08) Block Loss: 2.6099e-03
		(Epoch 03/08) Block Loss: 2.5697e-03
		(Epoch 04/08) Block Loss: 2.5435e-03
		(Epoch 05/08) Block Loss: 2.5207e-03
		(Epoch 06/08) Block Loss: 2.5063e-03
		TuneFP plateau: stopped after 6 epochs
	(2/3) Block 63/64, mlp.up_proj | Initialization via ADMM...
	(3/3) Block 63/64, mlp.up_proj | Tuning Factorized Weights...
		(Epoch 01/08) Block Loss: 2.9665e-03
		(Epoch 02/08) Block Loss: 2.9278e-03
		(Epoch 03/08) Block Loss: 2.9093e-03
		(Epoch 04/08) Block Loss: 2.8982e-03
		(Epoch 05/08) Block Loss: 2.8911e-03
		(Epoch 06/08) Block Loss: 2.8869e-03
		(Epoch 07/08) Block Loss: 2.8848e-03
		(Epoch 08/08) Block Loss: 2.8842e-03
	(1/3) Block 63/64, mlp.down_proj | Tuning Non-Factorized Weights...
		(Epoch 01/08) Block Loss: 2.8590e-03
		(Epoch 02/08) Block Loss: 2.8277e-03
		(Epoch 03/08) Block Loss: 2.8126e-03
		(Epoch 04/08) Block Loss: 2.8034e-03
		TuneFP plateau: stopped after 4 epochs
	(2/3) Block 63/64, mlp.down_proj | Initialization via ADMM...
	(3/3) Block 63/64, mlp.down_proj | Tuning Factorized Weights...
		(Epoch 01/08) Block Loss: 3.0189e-03
		(Epoch 02/08) Block Loss: 2.9760e-03
		(Epoch 03/08) Block Loss: 2.9706e-03
		(Epoch 04/08) Block Loss: 2.9660e-03
		(Epoch 05/08) Block Loss: 2.9628e-03
		(Epoch 06/08) Block Loss: 2.9604e-03
		(Epoch 07/08) Block Loss: 2.9592e-03
		(Epoch 08/08) Block Loss: 2.9586e-03

Compressing Layers:  98%|██████████████████████████████████████████████████████████████████████████████▊ | 63/64 [3:39:17<02:06, 126.87s/it]	Measured rank curves: 1/2 usable; packed block budget preserved
	(1/3) Block 64/64, self_attn.q_proj | Tuning Non-Factorized Weights...
		(Epoch 01/02) Block Loss: 1.4455e-04
		(Epoch 02/02) Block Loss: 1.2728e-04
	(2/3) Block 64/64, self_attn.q_proj | Initialization via ADMM...
	(3/3) Block 64/64, self_attn.q_proj | Tuning Factorized Weights...
		(Epoch 01/02) Block Loss: 1.5129e-04
		(Epoch 02/02) Block Loss: 1.4024e-04
	(1/3) Block 64/64, self_attn.v_proj | Tuning Non-Factorized Weights...
		(Epoch 01/04) Block Loss: 1.3283e-04
		(Epoch 02/04) Block Loss: 1.2204e-04
		(Epoch 03/04) Block Loss: 1.1527e-04
		(Epoch 04/04) Block Loss: 1.1268e-04
	(2/3) Block 64/64, self_attn.v_proj | Initialization via ADMM...
	(3/3) Block 64/64, self_attn.v_proj | Tuning Factorized Weights...
		(Epoch 01/04) Block Loss: 1.9710e-04
		(Epoch 02/04) Block Loss: 1.5743e-04
		(Epoch 03/04) Block Loss: 1.4523e-04
		(Epoch 04/04) Block Loss: 1.4233e-04
	(1/3) Block 64/64, self_attn.k_proj | Tuning Non-Factorized Weights...
		(Epoch 01/02) Block Loss: 1.2771e-04
		(Epoch 02/02) Block Loss: 1.1814e-04
	(2/3) Block 64/64, self_attn.k_proj | Initialization via ADMM...
	(3/3) Block 64/64, self_attn.k_proj | Tuning Factorized Weights...
		(Epoch 01/02) Block Loss: 1.1852e-04
		(Epoch 02/02) Block Loss: 1.1834e-04
	(1/3) Block 64/64, self_attn.o_proj | Tuning Non-Factorized Weights...
		(Epoch 01/04) Block Loss: 1.2327e-04
		(Epoch 02/04) Block Loss: 1.1609e-04
		(Epoch 03/04) Block Loss: 1.1220e-04
		(Epoch 04/04) Block Loss: 1.1016e-04
	(2/3) Block 64/64, self_attn.o_proj | Initialization via ADMM...
	(3/3) Block 64/64, self_attn.o_proj | Tuning Factorized Weights...
		(Epoch 01/04) Block Loss: 1.2492e-04
		(Epoch 02/04) Block Loss: 1.1970e-04
		(Epoch 03/04) Block Loss: 1.1842e-04
		(Epoch 04/04) Block Loss: 1.1783e-04
	(1/3) Block 64/64, mlp.gate_proj | Tuning Non-Factorized Weights...
		(Epoch 01/06) Block Loss: 1.1717e-04
		(Epoch 02/06) Block Loss: 1.1264e-04
		(Epoch 03/06) Block Loss: 1.1019e-04
		(Epoch 04/06) Block Loss: 1.0821e-04
		(Epoch 05/06) Block Loss: 1.0652e-04
		(Epoch 06/06) Block Loss: 1.0574e-04
	(2/3) Block 64/64, mlp.gate_proj | Initialization via ADMM...
	(3/3) Block 64/64, mlp.gate_proj | Tuning Factorized Weights...
		(Epoch 01/06) Block Loss: 1.4616e-04
		(Epoch 02/06) Block Loss: 1.4028e-04
		(Epoch 03/06) Block Loss: 1.3750e-04
		(Epoch 04/06) Block Loss: 1.3604e-04
		(Epoch 05/06) Block Loss: 1.3531e-04
		(Epoch 06/06) Block Loss: 1.3503e-04
	(1/3) Block 64/64, mlp.up_proj | Tuning Non-Factorized Weights...
		(Epoch 01/08) Block Loss: 1.3148e-04
		(Epoch 02/08) Block Loss: 1.2634e-04
		(Epoch 03/08) Block Loss: 1.2411e-04
		(Epoch 04/08) Block Loss: 1.2277e-04
		(Epoch 05/08) Block Loss: 1.2144e-04
		(Epoch 06/08) Block Loss: 1.2044e-04
		(Epoch 07/08) Block Loss: 1.1994e-04
		TuneFP plateau: stopped after 7 epochs
	(2/3) Block 64/64, mlp.up_proj | Initialization via ADMM...
	(3/3) Block 64/64, mlp.up_proj | Tuning Factorized Weights...
		(Epoch 01/08) Block Loss: 1.4705e-04
		(Epoch 02/08) Block Loss: 1.4299e-04
		(Epoch 03/08) Block Loss: 1.4104e-04
		(Epoch 04/08) Block Loss: 1.3989e-04
		(Epoch 05/08) Block Loss: 1.3912e-04
		(Epoch 06/08) Block Loss: 1.3865e-04
		(Epoch 07/08) Block Loss: 1.3842e-04
		(Epoch 08/08) Block Loss: 1.3834e-04
	(1/3) Block 64/64, mlp.down_proj | Tuning Non-Factorized Weights...
		(Epoch 01/08) Block Loss: 1.3684e-04
		(Epoch 02/08) Block Loss: 1.3515e-04
		(Epoch 03/08) Block Loss: 1.3422e-04
		(Epoch 04/08) Block Loss: 1.3367e-04
		TuneFP plateau: stopped after 4 epochs
	(2/3) Block 64/64, mlp.down_proj | Initialization via ADMM...
	(3/3) Block 64/64, mlp.down_proj | Tuning Factorized Weights...
		(Epoch 01/08) Block Loss: 1.4596e-04
		(Epoch 02/08) Block Loss: 1.4280e-04
		(Epoch 03/08) Block Loss: 1.4168e-04
		(Epoch 04/08) Block Loss: 1.4097e-04
		(Epoch 05/08) Block Loss: 1.4048e-04
		(Epoch 06/08) Block Loss: 1.4016e-04
		(Epoch 07/08) Block Loss: 1.3996e-04
		(Epoch 08/08) Block Loss: 1.3986e-04

Compressing Layers: 100%|████████████████████████████████████████████████████████████████████████████████| 64/64 [3:41:05<00:00, 121.41s/it]
Compressing Layers: 100%|████████████████████████████████████████████████████████████████████████████████| 64/64 [3:41:05<00:00, 207.28s/it]
2026-10-05 14:01:21 | INFO     | nanoquant.modules.hub:quantize_model:394 - Performing model-level KD tuning...
Loading model 'Qwen/Qwen3.8-27B'...
Qwen linear attention: FLA and causal-conv1d training kernels are importable.
Qwen linear attention: FlashQLA forward/backward API and FLA dispatcher are importable. FLA verifies each call and retains Triton for unsupported training shapes/devices.
Full attention: SDPA; PyTorch selects its available attention kernel. FA4 requires explicit selection.

Downloading bytes:                                                                                                      |  0.00B

Reconstructing (incomplete total...): |                                                                        |  0.00B /  0.00B


Fetching 18 files:   0%|                                                                                             | 0/18 [00:00<?, ?it/s]
Fetching 18 files: 100%|██████████████████████████████████████████████████████████████████████████████████| 18/18 [00:00<00:00, 2527.45it/s]

Download complete: :                                                                                                    |  0.00B

Reconstruction complete: |                                                                                     |  0.00B /  0.00B
Download complete: :                                                                                                    |  0.00B

Reconstruction complete: |                                                                                     |  0.00B /  0.00B

Loading weights:   0%|                                                                                              | 0/851 [00:00<?, ?it/s]
Loading weights: 100%|██████████████████████████████████████████████████████████████████████████████████| 851/851 [00:00<00:00, 3966.84it/s]
Qwen3_5ForCausalLM(
  (model): Qwen3_5TextModel(
    (embed_tokens): Embedding(248320, 5120)
    (layers): ModuleList(
      (0-2): 3 x Qwen3_5DecoderLayer(
        (linear_attn): Qwen3_5GatedDeltaNet(
          (conv1d): Conv1d(10240, 10240, kernel_size=(4,), stride=(1,), padding=(3,), groups=10240, bias=False)
          (norm): Qwen3_5RMSNormGated()
          (out_proj): Linear(in_features=6144, out_features=5120, bias=False)
          (in_proj_qkv): Linear(in_features=5120, out_features=10240, bias=False)
          (in_proj_z): Linear(in_features=5120, out_features=6144, bias=False)
          (in_proj_b): Linear(in_features=5120, out_features=48, bias=False)
          (in_proj_a): Linear(in_features=5120, out_features=48, bias=False)
        )
        (mlp): Qwen3_5MLP(
          (gate_proj): Linear(in_features=5120, out_features=17408, bias=False)
          (up_proj): Linear(in_features=5120, out_features=17408, bias=False)
          (down_proj): Linear(in_features=17408, out_features=5120, bias=False)
          (act_fn): SiLUActivation()
        )
        (input_layernorm): Qwen3_5RMSNorm((5120,), eps=1e-06)
        (post_attention_layernorm): Qwen3_5RMSNorm((5120,), eps=1e-06)
      )
      (3): Qwen3_5DecoderLayer(
        (self_attn): Qwen3_5Attention(
          (q_proj): Linear(in_features=5120, out_features=12288, bias=False)
          (k_proj): Linear(in_features=5120, out_features=1024, bias=False)
          (v_proj): Linear(in_features=5120, out_features=1024, bias=False)
          (o_proj): Linear(in_features=6144, out_features=5120, bias=False)
          (q_norm): Qwen3_5RMSNorm((256,), eps=1e-06)
          (k_norm): Qwen3_5RMSNorm((256,), eps=1e-06)
        )
        (mlp): Qwen3_5MLP(
          (gate_proj): Linear(in_features=5120, out_features=17408, bias=False)
          (up_proj): Linear(in_features=5120, out_features=17408, bias=False)
          (down_proj): Linear(in_features=17408, out_features=5120, bias=False)
          (act_fn): SiLUActivation()
        )
        (input_layernorm): Qwen3_5RMSNorm((5120,), eps=1e-06)
        (post_attention_layernorm): Qwen3_5RMSNorm((5120,), eps=1e-06)
      )
      (4-6): 3 x Qwen3_5DecoderLayer(
        (linear_attn): Qwen3_5GatedDeltaNet(
          (conv1d): Conv1d(10240, 10240, kernel_size=(4,), stride=(1,), padding=(3,), groups=10240, bias=False)
          (norm): Qwen3_5RMSNormGated()
          (out_proj): Linear(in_features=6144, out_features=5120, bias=False)
          (in_proj_qkv): Linear(in_features=5120, out_features=10240, bias=False)
          (in_proj_z): Linear(in_features=5120, out_features=6144, bias=False)
          (in_proj_b): Linear(in_features=5120, out_features=48, bias=False)
          (in_proj_a): Linear(in_features=5120, out_features=48, bias=False)
        )
        (mlp): Qwen3_5MLP(
          (gate_proj): Linear(in_features=5120, out_features=17408, bias=False)
          (up_proj): Linear(in_features=5120, out_features=17408, bias=False)
          (down_proj): Linear(in_features=17408, out_features=5120, bias=False)
          (act_fn): SiLUActivation()
        )
        (input_layernorm): Qwen3_5RMSNorm((5120,), eps=1e-06)
        (post_attention_layernorm): Qwen3_5RMSNorm((5120,), eps=1e-06)
      )
      (7): Qwen3_5DecoderLayer(
        (self_attn): Qwen3_5Attention(
          (q_proj): Linear(in_features=5120, out_features=12288, bias=False)
          (k_proj): Linear(in_features=5120, out_features=1024, bias=False)
          (v_proj): Linear(in_features=5120, out_features=1024, bias=False)
          (o_proj): Linear(in_features=6144, out_features=5120, bias=False)
          (q_norm): Qwen3_5RMSNorm((256,), eps=1e-06)
          (k_norm): Qwen3_5RMSNorm((256,), eps=1e-06)
        )
        (mlp): Qwen3_5MLP(
          (gate_proj): Linear(in_features=5120, out_features=17408, bias=False)
          (up_proj): Linear(in_features=5120, out_features=17408, bias=False)
          (down_proj): Linear(in_features=17408, out_features=5120, bias=False)
          (act_fn): SiLUActivation()
        )
        (input_layernorm): Qwen3_5RMSNorm((5120,), eps=1e-06)
        (post_attention_layernorm): Qwen3_5RMSNorm((5120,), eps=1e-06)
      )
      (8-10): 3 x Qwen3_5DecoderLayer(
        (linear_attn): Qwen3_5GatedDeltaNet(
          (conv1d): Conv1d(10240, 10240, kernel_size=(4,), stride=(1,), padding=(3,), groups=10240, bias=False)
          (norm): Qwen3_5RMSNormGated()
          (out_proj): Linear(in_features=6144, out_features=5120, bias=False)
          (in_proj_qkv): Linear(in_features=5120, out_features=10240, bias=False)
          (in_proj_z): Linear(in_features=5120, out_features=6144, bias=False)
          (in_proj_b): Linear(in_features=5120, out_features=48, bias=False)
          (in_proj_a): Linear(in_features=5120, out_features=48, bias=False)
        )
        (mlp): Qwen3_5MLP(
          (gate_proj): Linear(in_features=5120, out_features=17408, bias=False)
          (up_proj): Linear(in_features=5120, out_features=17408, bias=False)
          (down_proj): Linear(in_features=17408, out_features=5120, bias=False)
          (act_fn): SiLUActivation()
        )
        (input_layernorm): Qwen3_5RMSNorm((5120,), eps=1e-06)
        (post_attention_layernorm): Qwen3_5RMSNorm((5120,), eps=1e-06)
      )
      (11): Qwen3_5DecoderLayer(
        (self_attn): Qwen3_5Attention(
          (q_proj): Linear(in_features=5120, out_features=12288, bias=False)
          (k_proj): Linear(in_features=5120, out_features=1024, bias=False)
          (v_proj): Linear(in_features=5120, out_features=1024, bias=False)
          (o_proj): Linear(in_features=6144, out_features=5120, bias=False)
          (q_norm): Qwen3_5RMSNorm((256,), eps=1e-06)
          (k_norm): Qwen3_5RMSNorm((256,), eps=1e-06)
        )
        (mlp): Qwen3_5MLP(
          (gate_proj): Linear(in_features=5120, out_features=17408, bias=False)
          (up_proj): Linear(in_features=5120, out_features=17408, bias=False)
          (down_proj): Linear(in_features=17408, out_features=5120, bias=False)
          (act_fn): SiLUActivation()
        )
        (input_layernorm): Qwen3_5RMSNorm((5120,), eps=1e-06)
        (post_attention_layernorm): Qwen3_5RMSNorm((5120,), eps=1e-06)
      )
      (12-14): 3 x Qwen3_5DecoderLayer(
        (linear_attn): Qwen3_5GatedDeltaNet(
          (conv1d): Conv1d(10240, 10240, kernel_size=(4,), stride=(1,), padding=(3,), groups=10240, bias=False)
          (norm): Qwen3_5RMSNormGated()
          (out_proj): Linear(in_features=6144, out_features=5120, bias=False)
          (in_proj_qkv): Linear(in_features=5120, out_features=10240, bias=False)
          (in_proj_z): Linear(in_features=5120, out_features=6144, bias=False)
          (in_proj_b): Linear(in_features=5120, out_features=48, bias=False)
          (in_proj_a): Linear(in_features=5120, out_features=48, bias=False)
        )
        (mlp): Qwen3_5MLP(
          (gate_proj): Linear(in_features=5120, out_features=17408, bias=False)
          (up_proj): Linear(in_features=5120, out_features=17408, bias=False)
          (down_proj): Linear(in_features=17408, out_features=5120, bias=False)
          (act_fn): SiLUActivation()
        )
        (input_layernorm): Qwen3_5RMSNorm((5120,), eps=1e-06)
        (post_attention_layernorm): Qwen3_5RMSNorm((5120,), eps=1e-06)
      )
      (15): Qwen3_5DecoderLayer(
        (self_attn): Qwen3_5Attention(
          (q_proj): Linear(in_features=5120, out_features=12288, bias=False)
          (k_proj): Linear(in_features=5120, out_features=1024, bias=False)
          (v_proj): Linear(in_features=5120, out_features=1024, bias=False)
          (o_proj): Linear(in_features=6144, out_features=5120, bias=False)
          (q_norm): Qwen3_5RMSNorm((256,), eps=1e-06)
          (k_norm): Qwen3_5RMSNorm((256,), eps=1e-06)
        )
        (mlp): Qwen3_5MLP(
          (gate_proj): Linear(in_features=5120, out_features=17408, bias=False)
          (up_proj): Linear(in_features=5120, out_features=17408, bias=False)
          (down_proj): Linear(in_features=17408, out_features=5120, bias=False)
          (act_fn): SiLUActivation()
        )
        (input_layernorm): Qwen3_5RMSNorm((5120,), eps=1e-06)
        (post_attention_layernorm): Qwen3_5RMSNorm((5120,), eps=1e-06)
      )
      (16-18): 3 x Qwen3_5DecoderLayer(
        (linear_attn): Qwen3_5GatedDeltaNet(
          (conv1d): Conv1d(10240, 10240, kernel_size=(4,), stride=(1,), padding=(3,), groups=10240, bias=False)
          (norm): Qwen3_5RMSNormGated()
          (out_proj): Linear(in_features=6144, out_features=5120, bias=False)
          (in_proj_qkv): Linear(in_features=5120, out_features=10240, bias=False)
          (in_proj_z): Linear(in_features=5120, out_features=6144, bias=False)
          (in_proj_b): Linear(in_features=5120, out_features=48, bias=False)
          (in_proj_a): Linear(in_features=5120, out_features=48, bias=False)
        )
        (mlp): Qwen3_5MLP(
          (gate_proj): Linear(in_features=5120, out_features=17408, bias=False)
          (up_proj): Linear(in_features=5120, out_features=17408, bias=False)
          (down_proj): Linear(in_features=17408, out_features=5120, bias=False)
          (act_fn): SiLUActivation()
        )
        (input_layernorm): Qwen3_5RMSNorm((5120,), eps=1e-06)
        (post_attention_layernorm): Qwen3_5RMSNorm((5120,), eps=1e-06)
      )
      (19): Qwen3_5DecoderLayer(
        (self_attn): Qwen3_5Attention(
          (q_proj): Linear(in_features=5120, out_features=12288, bias=False)
          (k_proj): Linear(in_features=5120, out_features=1024, bias=False)
          (v_proj): Linear(in_features=5120, out_features=1024, bias=False)
          (o_proj): Linear(in_features=6144, out_features=5120, bias=False)
          (q_norm): Qwen3_5RMSNorm((256,), eps=1e-06)
          (k_norm): Qwen3_5RMSNorm((256,), eps=1e-06)
        )
        (mlp): Qwen3_5MLP(
          (gate_proj): Linear(in_features=5120, out_features=17408, bias=False)
          (up_proj): Linear(in_features=5120, out_features=17408, bias=False)
          (down_proj): Linear(in_features=17408, out_features=5120, bias=False)
          (act_fn): SiLUActivation()
        )
        (input_layernorm): Qwen3_5RMSNorm((5120,), eps=1e-06)
        (post_attention_layernorm): Qwen3_5RMSNorm((5120,), eps=1e-06)
      )
      (20-22): 3 x Qwen3_5DecoderLayer(
        (linear_attn): Qwen3_5GatedDeltaNet(
          (conv1d): Conv1d(10240, 10240, kernel_size=(4,), stride=(1,), padding=(3,), groups=10240, bias=False)
          (norm): Qwen3_5RMSNormGated()
          (out_proj): Linear(in_features=6144, out_features=5120, bias=False)
          (in_proj_qkv): Linear(in_features=5120, out_features=10240, bias=False)
          (in_proj_z): Linear(in_features=5120, out_features=6144, bias=False)
          (in_proj_b): Linear(in_features=5120, out_features=48, bias=False)
          (in_proj_a): Linear(in_features=5120, out_features=48, bias=False)
        )
        (mlp): Qwen3_5MLP(
          (gate_proj): Linear(in_features=5120, out_features=17408, bias=False)
          (up_proj): Linear(in_features=5120, out_features=17408, bias=False)
          (down_proj): Linear(in_features=17408, out_features=5120, bias=False)
          (act_fn): SiLUActivation()
        )
        (input_layernorm): Qwen3_5RMSNorm((5120,), eps=1e-06)
        (post_attention_layernorm): Qwen3_5RMSNorm((5120,), eps=1e-06)
      )
      (23): Qwen3_5DecoderLayer(
        (self_attn): Qwen3_5Attention(
          (q_proj): Linear(in_features=5120, out_features=12288, bias=False)
          (k_proj): Linear(in_features=5120, out_features=1024, bias=False)
          (v_proj): Linear(in_features=5120, out_features=1024, bias=False)
          (o_proj): Linear(in_features=6144, out_features=5120, bias=False)
          (q_norm): Qwen3_5RMSNorm((256,), eps=1e-06)
          (k_norm): Qwen3_5RMSNorm((256,), eps=1e-06)
        )
        (mlp): Qwen3_5MLP(
          (gate_proj): Linear(in_features=5120, out_features=17408, bias=False)
          (up_proj): Linear(in_features=5120, out_features=17408, bias=False)
          (down_proj): Linear(in_features=17408, out_features=5120, bias=False)
          (act_fn): SiLUActivation()
        )
        (input_layernorm): Qwen3_5RMSNorm((5120,), eps=1e-06)
        (post_attention_layernorm): Qwen3_5RMSNorm((5120,), eps=1e-06)
      )
      (24-26): 3 x Qwen3_5DecoderLayer(
        (linear_attn): Qwen3_5GatedDeltaNet(
          (conv1d): Conv1d(10240, 10240, kernel_size=(4,), stride=(1,), padding=(3,), groups=10240, bias=False)
          (norm): Qwen3_5RMSNormGated()
          (out_proj): Linear(in_features=6144, out_features=5120, bias=False)
          (in_proj_qkv): Linear(in_features=5120, out_features=10240, bias=False)
          (in_proj_z): Linear(in_features=5120, out_features=6144, bias=False)
          (in_proj_b): Linear(in_features=5120, out_features=48, bias=False)
          (in_proj_a): Linear(in_features=5120, out_features=48, bias=False)
        )
        (mlp): Qwen3_5MLP(
          (gate_proj): Linear(in_features=5120, out_features=17408, bias=False)
          (up_proj): Linear(in_features=5120, out_features=17408, bias=False)
          (down_proj): Linear(in_features=17408, out_features=5120, bias=False)
          (act_fn): SiLUActivation()
        )
        (input_layernorm): Qwen3_5RMSNorm((5120,), eps=1e-06)
        (post_attention_layernorm): Qwen3_5RMSNorm((5120,), eps=1e-06)
      )
      (27): Qwen3_5DecoderLayer(
        (self_attn): Qwen3_5Attention(
          (q_proj): Linear(in_features=5120, out_features=12288, bias=False)
          (k_proj): Linear(in_features=5120, out_features=1024, bias=False)
          (v_proj): Linear(in_features=5120, out_features=1024, bias=False)
          (o_proj): Linear(in_features=6144, out_features=5120, bias=False)
          (q_norm): Qwen3_5RMSNorm((256,), eps=1e-06)
          (k_norm): Qwen3_5RMSNorm((256,), eps=1e-06)
        )
        (mlp): Qwen3_5MLP(
          (gate_proj): Linear(in_features=5120, out_features=17408, bias=False)
          (up_proj): Linear(in_features=5120, out_features=17408, bias=False)
          (down_proj): Linear(in_features=17408, out_features=5120, bias=False)
          (act_fn): SiLUActivation()
        )
        (input_layernorm): Qwen3_5RMSNorm((5120,), eps=1e-06)
        (post_attention_layernorm): Qwen3_5RMSNorm((5120,), eps=1e-06)
      )
      (28-30): 3 x Qwen3_5DecoderLayer(
        (linear_attn): Qwen3_5GatedDeltaNet(
          (conv1d): Conv1d(10240, 10240, kernel_size=(4,), stride=(1,), padding=(3,), groups=10240, bias=False)
          (norm): Qwen3_5RMSNormGated()
          (out_proj): Linear(in_features=6144, out_features=5120, bias=False)
          (in_proj_qkv): Linear(in_features=5120, out_features=10240, bias=False)
          (in_proj_z): Linear(in_features=5120, out_features=6144, bias=False)
          (in_proj_b): Linear(in_features=5120, out_features=48, bias=False)
          (in_proj_a): Linear(in_features=5120, out_features=48, bias=False)
        )
        (mlp): Qwen3_5MLP(
          (gate_proj): Linear(in_features=5120, out_features=17408, bias=False)
          (up_proj): Linear(in_features=5120, out_features=17408, bias=False)
          (down_proj): Linear(in_features=17408, out_features=5120, bias=False)
          (act_fn): SiLUActivation()
        )
        (input_layernorm): Qwen3_5RMSNorm((5120,), eps=1e-06)
        (post_attention_layernorm): Qwen3_5RMSNorm((5120,), eps=1e-06)
      )
      (31): Qwen3_5DecoderLayer(
        (self_attn): Qwen3_5Attention(
          (q_proj): Linear(in_features=5120, out_features=12288, bias=False)
          (k_proj): Linear(in_features=5120, out_features=1024, bias=False)
          (v_proj): Linear(in_features=5120, out_features=1024, bias=False)
          (o_proj): Linear(in_features=6144, out_features=5120, bias=False)
          (q_norm): Qwen3_5RMSNorm((256,), eps=1e-06)
          (k_norm): Qwen3_5RMSNorm((256,), eps=1e-06)
        )
        (mlp): Qwen3_5MLP(
          (gate_proj): Linear(in_features=5120, out_features=17408, bias=False)
          (up_proj): Linear(in_features=5120, out_features=17408, bias=False)
          (down_proj): Linear(in_features=17408, out_features=5120, bias=False)
          (act_fn): SiLUActivation()
        )
        (input_layernorm): Qwen3_5RMSNorm((5120,), eps=1e-06)
        (post_attention_layernorm): Qwen3_5RMSNorm((5120,), eps=1e-06)
      )
      (32-34): 3 x Qwen3_5DecoderLayer(
        (linear_attn): Qwen3_5GatedDeltaNet(
          (conv1d): Conv1d(10240, 10240, kernel_size=(4,), stride=(1,), padding=(3,), groups=10240, bias=False)
          (norm): Qwen3_5RMSNormGated()
          (out_proj): Linear(in_features=6144, out_features=5120, bias=False)
          (in_proj_qkv): Linear(in_features=5120, out_features=10240, bias=False)
          (in_proj_z): Linear(in_features=5120, out_features=6144, bias=False)
          (in_proj_b): Linear(in_features=5120, out_features=48, bias=False)
          (in_proj_a): Linear(in_features=5120, out_features=48, bias=False)
        )
        (mlp): Qwen3_5MLP(
          (gate_proj): Linear(in_features=5120, out_features=17408, bias=False)
          (up_proj): Linear(in_features=5120, out_features=17408, bias=False)
          (down_proj): Linear(in_features=17408, out_features=5120, bias=False)
          (act_fn): SiLUActivation()
        )
        (input_layernorm): Qwen3_5RMSNorm((5120,), eps=1e-06)
        (post_attention_layernorm): Qwen3_5RMSNorm((5120,), eps=1e-06)
      )
      (35): Qwen3_5DecoderLayer(
        (self_attn): Qwen3_5Attention(
          (q_proj): Linear(in_features=5120, out_features=12288, bias=False)
          (k_proj): Linear(in_features=5120, out_features=1024, bias=False)
          (v_proj): Linear(in_features=5120, out_features=1024, bias=False)
          (o_proj): Linear(in_features=6144, out_features=5120, bias=False)
          (q_norm): Qwen3_5RMSNorm((256,), eps=1e-06)
          (k_norm): Qwen3_5RMSNorm((256,), eps=1e-06)
        )
        (mlp): Qwen3_5MLP(
          (gate_proj): Linear(in_features=5120, out_features=17408, bias=False)
          (up_proj): Linear(in_features=5120, out_features=17408, bias=False)
          (down_proj): Linear(in_features=17408, out_features=5120, bias=False)
          (act_fn): SiLUActivation()
        )
        (input_layernorm): Qwen3_5RMSNorm((5120,), eps=1e-06)
        (post_attention_layernorm): Qwen3_5RMSNorm((5120,), eps=1e-06)
      )
      (36-38): 3 x Qwen3_5DecoderLayer(
        (linear_attn): Qwen3_5GatedDeltaNet(
          (conv1d): Conv1d(10240, 10240, kernel_size=(4,), stride=(1,), padding=(3,), groups=10240, bias=False)
          (norm): Qwen3_5RMSNormGated()
          (out_proj): Linear(in_features=6144, out_features=5120, bias=False)
          (in_proj_qkv): Linear(in_features=5120, out_features=10240, bias=False)
          (in_proj_z): Linear(in_features=5120, out_features=6144, bias=False)
          (in_proj_b): Linear(in_features=5120, out_features=48, bias=False)
          (in_proj_a): Linear(in_features=5120, out_features=48, bias=False)
        )
        (mlp): Qwen3_5MLP(
          (gate_proj): Linear(in_features=5120, out_features=17408, bias=False)
          (up_proj): Linear(in_features=5120, out_features=17408, bias=False)
          (down_proj): Linear(in_features=17408, out_features=5120, bias=False)
          (act_fn): SiLUActivation()
        )
        (input_layernorm): Qwen3_5RMSNorm((5120,), eps=1e-06)
        (post_attention_layernorm): Qwen3_5RMSNorm((5120,), eps=1e-06)
      )
      (39): Qwen3_5DecoderLayer(
        (self_attn): Qwen3_5Attention(
          (q_proj): Linear(in_features=5120, out_features=12288, bias=False)
          (k_proj): Linear(in_features=5120, out_features=1024, bias=False)
          (v_proj): Linear(in_features=5120, out_features=1024, bias=False)
          (o_proj): Linear(in_features=6144, out_features=5120, bias=False)
          (q_norm): Qwen3_5RMSNorm((256,), eps=1e-06)
          (k_norm): Qwen3_5RMSNorm((256,), eps=1e-06)
        )
        (mlp): Qwen3_5MLP(
          (gate_proj): Linear(in_features=5120, out_features=17408, bias=False)
          (up_proj): Linear(in_features=5120, out_features=17408, bias=False)
          (down_proj): Linear(in_features=17408, out_features=5120, bias=False)
          (act_fn): SiLUActivation()
        )
        (input_layernorm): Qwen3_5RMSNorm((5120,), eps=1e-06)
        (post_attention_layernorm): Qwen3_5RMSNorm((5120,), eps=1e-06)
      )
      (40-42): 3 x Qwen3_5DecoderLayer(
        (linear_attn): Qwen3_5GatedDeltaNet(
          (conv1d): Conv1d(10240, 10240, kernel_size=(4,), stride=(1,), padding=(3,), groups=10240, bias=False)
          (norm): Qwen3_5RMSNormGated()
          (out_proj): Linear(in_features=6144, out_features=5120, bias=False)
          (in_proj_qkv): Linear(in_features=5120, out_features=10240, bias=False)
          (in_proj_z): Linear(in_features=5120, out_features=6144, bias=False)
          (in_proj_b): Linear(in_features=5120, out_features=48, bias=False)
          (in_proj_a): Linear(in_features=5120, out_features=48, bias=False)
        )
        (mlp): Qwen3_5MLP(
          (gate_proj): Linear(in_features=5120, out_features=17408, bias=False)
          (up_proj): Linear(in_features=5120, out_features=17408, bias=False)
          (down_proj): Linear(in_features=17408, out_features=5120, bias=False)
          (act_fn): SiLUActivation()
        )
        (input_layernorm): Qwen3_5RMSNorm((5120,), eps=1e-06)
        (post_attention_layernorm): Qwen3_5RMSNorm((5120,), eps=1e-06)
      )
      (43): Qwen3_5DecoderLayer(
        (self_attn): Qwen3_5Attention(
          (q_proj): Linear(in_features=5120, out_features=12288, bias=False)
          (k_proj): Linear(in_features=5120, out_features=1024, bias=False)
          (v_proj): Linear(in_features=5120, out_features=1024, bias=False)
          (o_proj): Linear(in_features=6144, out_features=5120, bias=False)
          (q_norm): Qwen3_5RMSNorm((256,), eps=1e-06)
          (k_norm): Qwen3_5RMSNorm((256,), eps=1e-06)
        )
        (mlp): Qwen3_5MLP(
          (gate_proj): Linear(in_features=5120, out_features=17408, bias=False)
          (up_proj): Linear(in_features=5120, out_features=17408, bias=False)
          (down_proj): Linear(in_features=17408, out_features=5120, bias=False)
          (act_fn): SiLUActivation()
        )
        (input_layernorm): Qwen3_5RMSNorm((5120,), eps=1e-06)
        (post_attention_layernorm): Qwen3_5RMSNorm((5120,), eps=1e-06)
      )
      (44-46): 3 x Qwen3_5DecoderLayer(
        (linear_attn): Qwen3_5GatedDeltaNet(
          (conv1d): Conv1d(10240, 10240, kernel_size=(4,), stride=(1,), padding=(3,), groups=10240, bias=False)
          (norm): Qwen3_5RMSNormGated()
          (out_proj): Linear(in_features=6144, out_features=5120, bias=False)
          (in_proj_qkv): Linear(in_features=5120, out_features=10240, bias=False)
          (in_proj_z): Linear(in_features=5120, out_features=6144, bias=False)
          (in_proj_b): Linear(in_features=5120, out_features=48, bias=False)
          (in_proj_a): Linear(in_features=5120, out_features=48, bias=False)
        )
        (mlp): Qwen3_5MLP(
          (gate_proj): Linear(in_features=5120, out_features=17408, bias=False)
          (up_proj): Linear(in_features=5120, out_features=17408, bias=False)
          (down_proj): Linear(in_features=17408, out_features=5120, bias=False)
          (act_fn): SiLUActivation()
        )
        (input_layernorm): Qwen3_5RMSNorm((5120,), eps=1e-06)
        (post_attention_layernorm): Qwen3_5RMSNorm((5120,), eps=1e-06)
      )
      (47): Qwen3_5DecoderLayer(
        (self_attn): Qwen3_5Attention(
          (q_proj): Linear(in_features=5120, out_features=12288, bias=False)
          (k_proj): Linear(in_features=5120, out_features=1024, bias=False)
          (v_proj): Linear(in_features=5120, out_features=1024, bias=False)
          (o_proj): Linear(in_features=6144, out_features=5120, bias=False)
          (q_norm): Qwen3_5RMSNorm((256,), eps=1e-06)
          (k_norm): Qwen3_5RMSNorm((256,), eps=1e-06)
        )
        (mlp): Qwen3_5MLP(
          (gate_proj): Linear(in_features=5120, out_features=17408, bias=False)
          (up_proj): Linear(in_features=5120, out_features=17408, bias=False)
          (down_proj): Linear(in_features=17408, out_features=5120, bias=False)
          (act_fn): SiLUActivation()
        )
        (input_layernorm): Qwen3_5RMSNorm((5120,), eps=1e-06)
        (post_attention_layernorm): Qwen3_5RMSNorm((5120,), eps=1e-06)
      )
      (48-50): 3 x Qwen3_5DecoderLayer(
        (linear_attn): Qwen3_5GatedDeltaNet(
          (conv1d): Conv1d(10240, 10240, kernel_size=(4,), stride=(1,), padding=(3,), groups=10240, bias=False)
          (norm): Qwen3_5RMSNormGated()
          (out_proj): Linear(in_features=6144, out_features=5120, bias=False)
          (in_proj_qkv): Linear(in_features=5120, out_features=10240, bias=False)
          (in_proj_z): Linear(in_features=5120, out_features=6144, bias=False)
          (in_proj_b): Linear(in_features=5120, out_features=48, bias=False)
          (in_proj_a): Linear(in_features=5120, out_features=48, bias=False)
        )
        (mlp): Qwen3_5MLP(
          (gate_proj): Linear(in_features=5120, out_features=17408, bias=False)
          (up_proj): Linear(in_features=5120, out_features=17408, bias=False)
          (down_proj): Linear(in_features=17408, out_features=5120, bias=False)
          (act_fn): SiLUActivation()
        )
        (input_layernorm): Qwen3_5RMSNorm((5120,), eps=1e-06)
        (post_attention_layernorm): Qwen3_5RMSNorm((5120,), eps=1e-06)
      )
      (51): Qwen3_5DecoderLayer(
        (self_attn): Qwen3_5Attention(
          (q_proj): Linear(in_features=5120, out_features=12288, bias=False)
          (k_proj): Linear(in_features=5120, out_features=1024, bias=False)
          (v_proj): Linear(in_features=5120, out_features=1024, bias=False)
          (o_proj): Linear(in_features=6144, out_features=5120, bias=False)
          (q_norm): Qwen3_5RMSNorm((256,), eps=1e-06)
          (k_norm): Qwen3_5RMSNorm((256,), eps=1e-06)
        )
        (mlp): Qwen3_5MLP(
          (gate_proj): Linear(in_features=5120, out_features=17408, bias=False)
          (up_proj): Linear(in_features=5120, out_features=17408, bias=False)
          (down_proj): Linear(in_features=17408, out_features=5120, bias=False)
          (act_fn): SiLUActivation()
        )
        (input_layernorm): Qwen3_5RMSNorm((5120,), eps=1e-06)
        (post_attention_layernorm): Qwen3_5RMSNorm((5120,), eps=1e-06)
      )
      (52-54): 3 x Qwen3_5DecoderLayer(
        (linear_attn): Qwen3_5GatedDeltaNet(
          (conv1d): Conv1d(10240, 10240, kernel_size=(4,), stride=(1,), padding=(3,), groups=10240, bias=False)
          (norm): Qwen3_5RMSNormGated()
          (out_proj): Linear(in_features=6144, out_features=5120, bias=False)
          (in_proj_qkv): Linear(in_features=5120, out_features=10240, bias=False)
          (in_proj_z): Linear(in_features=5120, out_features=6144, bias=False)
          (in_proj_b): Linear(in_features=5120, out_features=48, bias=False)
          (in_proj_a): Linear(in_features=5120, out_features=48, bias=False)
        )
        (mlp): Qwen3_5MLP(
          (gate_proj): Linear(in_features=5120, out_features=17408, bias=False)
          (up_proj): Linear(in_features=5120, out_features=17408, bias=False)
          (down_proj): Linear(in_features=17408, out_features=5120, bias=False)
          (act_fn): SiLUActivation()
        )
        (input_layernorm): Qwen3_5RMSNorm((5120,), eps=1e-06)
        (post_attention_layernorm): Qwen3_5RMSNorm((5120,), eps=1e-06)
      )
      (55): Qwen3_5DecoderLayer(
        (self_attn): Qwen3_5Attention(
          (q_proj): Linear(in_features=5120, out_features=12288, bias=False)
          (k_proj): Linear(in_features=5120, out_features=1024, bias=False)
          (v_proj): Linear(in_features=5120, out_features=1024, bias=False)
          (o_proj): Linear(in_features=6144, out_features=5120, bias=False)
          (q_norm): Qwen3_5RMSNorm((256,), eps=1e-06)
          (k_norm): Qwen3_5RMSNorm((256,), eps=1e-06)
        )
        (mlp): Qwen3_5MLP(
          (gate_proj): Linear(in_features=5120, out_features=17408, bias=False)
          (up_proj): Linear(in_features=5120, out_features=17408, bias=False)
          (down_proj): Linear(in_features=17408, out_features=5120, bias=False)
          (act_fn): SiLUActivation()
        )
        (input_layernorm): Qwen3_5RMSNorm((5120,), eps=1e-06)
        (post_attention_layernorm): Qwen3_5RMSNorm((5120,), eps=1e-06)
      )
      (56-58): 3 x Qwen3_5DecoderLayer(
        (linear_attn): Qwen3_5GatedDeltaNet(
          (conv1d): Conv1d(10240, 10240, kernel_size=(4,), stride=(1,), padding=(3,), groups=10240, bias=False)
          (norm): Qwen3_5RMSNormGated()
          (out_proj): Linear(in_features=6144, out_features=5120, bias=False)
          (in_proj_qkv): Linear(in_features=5120, out_features=10240, bias=False)
          (in_proj_z): Linear(in_features=5120, out_features=6144, bias=False)
          (in_proj_b): Linear(in_features=5120, out_features=48, bias=False)
          (in_proj_a): Linear(in_features=5120, out_features=48, bias=False)
        )
        (mlp): Qwen3_5MLP(
          (gate_proj): Linear(in_features=5120, out_features=17408, bias=False)
          (up_proj): Linear(in_features=5120, out_features=17408, bias=False)
          (down_proj): Linear(in_features=17408, out_features=5120, bias=False)
          (act_fn): SiLUActivation()
        )
        (input_layernorm): Qwen3_5RMSNorm((5120,), eps=1e-06)
        (post_attention_layernorm): Qwen3_5RMSNorm((5120,), eps=1e-06)
      )
      (59): Qwen3_5DecoderLayer(
        (self_attn): Qwen3_5Attention(
          (q_proj): Linear(in_features=5120, out_features=12288, bias=False)
          (k_proj): Linear(in_features=5120, out_features=1024, bias=False)
          (v_proj): Linear(in_features=5120, out_features=1024, bias=False)
          (o_proj): Linear(in_features=6144, out_features=5120, bias=False)
          (q_norm): Qwen3_5RMSNorm((256,), eps=1e-06)
          (k_norm): Qwen3_5RMSNorm((256,), eps=1e-06)
        )
        (mlp): Qwen3_5MLP(
          (gate_proj): Linear(in_features=5120, out_features=17408, bias=False)
          (up_proj): Linear(in_features=5120, out_features=17408, bias=False)
          (down_proj): Linear(in_features=17408, out_features=5120, bias=False)
          (act_fn): SiLUActivation()
        )
        (input_layernorm): Qwen3_5RMSNorm((5120,), eps=1e-06)
        (post_attention_layernorm): Qwen3_5RMSNorm((5120,), eps=1e-06)
      )
      (60-62): 3 x Qwen3_5DecoderLayer(
        (linear_attn): Qwen3_5GatedDeltaNet(
          (conv1d): Conv1d(10240, 10240, kernel_size=(4,), stride=(1,), padding=(3,), groups=10240, bias=False)
          (norm): Qwen3_5RMSNormGated()
          (out_proj): Linear(in_features=6144, out_features=5120, bias=False)
          (in_proj_qkv): Linear(in_features=5120, out_features=10240, bias=False)
          (in_proj_z): Linear(in_features=5120, out_features=6144, bias=False)
          (in_proj_b): Linear(in_features=5120, out_features=48, bias=False)
          (in_proj_a): Linear(in_features=5120, out_features=48, bias=False)
        )
        (mlp): Qwen3_5MLP(
          (gate_proj): Linear(in_features=5120, out_features=17408, bias=False)
          (up_proj): Linear(in_features=5120, out_features=17408, bias=False)
          (down_proj): Linear(in_features=17408, out_features=5120, bias=False)
          (act_fn): SiLUActivation()
        )
        (input_layernorm): Qwen3_5RMSNorm((5120,), eps=1e-06)
        (post_attention_layernorm): Qwen3_5RMSNorm((5120,), eps=1e-06)
      )
      (63): Qwen3_5DecoderLayer(
        (self_attn): Qwen3_5Attention(
          (q_proj): Linear(in_features=5120, out_features=12288, bias=False)
          (k_proj): Linear(in_features=5120, out_features=1024, bias=False)
          (v_proj): Linear(in_features=5120, out_features=1024, bias=False)
          (o_proj): Linear(in_features=6144, out_features=5120, bias=False)
          (q_norm): Qwen3_5RMSNorm((256,), eps=1e-06)
          (k_norm): Qwen3_5RMSNorm((256,), eps=1e-06)
        )
        (mlp): Qwen3_5MLP(
          (gate_proj): Linear(in_features=5120, out_features=17408, bias=False)
          (up_proj): Linear(in_features=5120, out_features=17408, bias=False)
          (down_proj): Linear(in_features=17408, out_features=5120, bias=False)
          (act_fn): SiLUActivation()
        )
        (input_layernorm): Qwen3_5RMSNorm((5120,), eps=1e-06)
        (post_attention_layernorm): Qwen3_5RMSNorm((5120,), eps=1e-06)
      )
    )
    (norm): Qwen3_5RMSNorm((5120,), eps=1e-06)
    (rotary_emb): Qwen3_5TextRotaryEmbedding()
  )
  (lm_head): Linear(in_features=5120, out_features=248320, bias=False)
)
Qwen3.5/Qwen3.8 detected: quantizing the text backbone; the vision tower is not loaded by AutoModelForCausalLM.

Caching teacher hidden states:   0%|                                                                                 | 0/64 [00:00<?, ?it/s]
Caching teacher hidden states:   5%|███▍                                                                     | 3/64 [00:01<00:20,  2.94it/s]
Caching teacher hidden states:   9%|██████▊                                                                  | 6/64 [00:02<00:19,  2.95it/s]
Caching teacher hidden states:  14%|██████████▎                                                              | 9/64 [00:03<00:18,  2.95it/s]
Caching teacher hidden states:  19%|█████████████▌                                                          | 12/64 [00:04<00:17,  2.95it/s]
Caching teacher hidden states:  23%|████████████████▉                                                       | 15/64 [00:05<00:16,  2.95it/s]
Caching teacher hidden states:  28%|████████████████████▎                                                   | 18/64 [00:06<00:15,  2.95it/s]
Caching teacher hidden states:  33%|███████████████████████▋                                                | 21/64 [00:07<00:14,  2.95it/s]
Caching teacher hidden states:  38%|███████████████████████████                                             | 24/64 [00:08<00:13,  2.95it/s]
Caching teacher hidden states:  42%|██████████████████████████████▍                                         | 27/64 [00:09<00:12,  2.94it/s]
Caching teacher hidden states:  47%|█████████████████████████████████▊                                      | 30/64 [00:10<00:11,  2.94it/s]
Caching teacher hidden states:  52%|█████████████████████████████████████▏                                  | 33/64 [00:11<00:10,  2.94it/s]
Caching teacher hidden states:  56%|████████████████████████████████████████▌                               | 36/64 [00:12<00:09,  2.94it/s]
Caching teacher hidden states:  61%|███████████████████████████████████████████▉                            | 39/64 [00:13<00:08,  2.94it/s]
Caching teacher hidden states:  66%|███████████████████████████████████████████████▎                        | 42/64 [00:14<00:07,  2.93it/s]
Caching teacher hidden states:  70%|██████████████████████████████████████████████████▋                     | 45/64 [00:15<00:06,  2.93it/s]
Caching teacher hidden states:  75%|██████████████████████████████████████████████████████                  | 48/64 [00:16<00:05,  2.93it/s]
Caching teacher hidden states:  80%|█████████████████████████████████████████████████████████▍              | 51/64 [00:17<00:04,  2.92it/s]
Caching teacher hidden states:  84%|████████████████████████████████████████████████████████████▊           | 54/64 [00:18<00:03,  2.92it/s]
Caching teacher hidden states:  89%|████████████████████████████████████████████████████████████████▏       | 57/64 [00:19<00:02,  2.92it/s]
Caching teacher hidden states:  94%|███████████████████████████████████████████████████████████████████▌    | 60/64 [00:20<00:01,  2.92it/s]
Caching teacher hidden states:  98%|██████████████████████████████████████████████████████████████████████▉ | 63/64 [00:21<00:00,  2.91it/s]
Caching teacher hidden states: 100%|████████████████████████████████████████████████████████████████████████| 64/64 [00:21<00:00,  2.93it/s]
GPU memory (from compress_model_recon): 50.77 -> 0.00 GiB (-50.77 GiB)
Total number of scale parameters to tune: 992
Epoch 1 - Loss: 7.1785
Epoch 2 - Loss: 5.9510
Epoch 3 - Loss: 5.6805
Epoch 4 - Loss: 5.4844
Epoch 5 - Loss: 5.3548
Epoch 6 - Loss: 5.2557
Epoch 7 - Loss: 5.2054
Epoch 8 - Loss: 5.1863
GPU memory (from compress_model_recon): 32.62 -> 29.65 GiB (-2.97 GiB)
W1005 14:12:19.992000 21940 torch/_dynamo/convert_frame.py:1743] [0/8] torch._dynamo hit config.recompile_limit (8)
W1005 14:12:19.992000 21940 torch/_dynamo/convert_frame.py:1743] [0/8]    function: 'pack_binary_gemv' (/content/NanoQuant/src/nanoquant/kernel/utils.py:51)
W1005 14:12:19.992000 21940 torch/_dynamo/convert_frame.py:1743] [0/8]    last reason: 0/7: tensor 'tensor' stride mismatch at index 0. expected 1, actual 5120
W1005 14:12:19.992000 21940 torch/_dynamo/convert_frame.py:1743] [0/8] To log all recompilation reasons, use TORCH_LOGS="recompiles".
W1005 14:12:19.992000 21940 torch/_dynamo/convert_frame.py:1743] [0/8] To diagnose recompilation issues, see https://docs.pytorch.org/docs/main/user_guide/torch_compiler/compile/programming_model.recompilation.html
2026-10-05 14:12:33 | INFO     | nanoquant.modules.hub:from_pretrained_quantize:452 - Saved quantized model to /content/nanoquant/qwen38-27b-0.55-balanced/Qwen3.8-27B-NQ-0.55-balanced.pt
2026-10-05 14:12:34 | INFO     | __main__:main:287 - Results:
{}
